"Produktnummer";"Namn (SV)";"Inledande text (SV)";"Beskrivning (SV)";"Pris (SEK)";"Moms procentsats";"Lagerhantering";"Lagersaldo";"Visa lagersaldo";"Tillåt beställningar";"Dölj om slut";"Bilder";"Dölj produkt";"Vikt (g)";"META description (SV)";"META title (SV)";"EAN"
"2124161";"Bosch Component Connector (BCC3111)";"Original Bosch eBike-reservdel: Component Connector (BCC3111).";"<ul><li>DC-DC-omvandlare för ytterligare en High Power Port (HPP) - 12V-strömförsörjning för ABS och tredjepartskomponenter</li><li>Endast i kombination med en T-kabel för batteri (1 kontakt) eller en anslutningskabel för multibatterier (3 kontakter)</li><li>Krävs för strömförsörjning av ABS (BAS33YY) i kombination med Performance Line SX (BDU31YY)</li></ul><p style='margin:0 0 1em'>I förpackningen: 1 st Component Connector, 1 st Bruksanvisning.</p><p style='margin:0 0 1em'>System: Det smarta systemet · Vikt: 80 g · Artikelnummer: 2124161 · EAN: 4054289010485</p><p style='margin:0 0 1em'>Original Bosch eBike-reservdel. Beställningsvara som normalt når oss inom 5–10 dagar – vi hör av oss när den finns att hämta i butiken i Årsta, eller så skickar vi den hem till dig. Osäker på om delen passar din cykel? Mejla oss en bild på din display eller ditt batteri så hjälper vi dig.</p>";"325";"25";"1";"0";"1";"1";"0";"https://raw.githubusercontent.com/erik859/cykelnatur-lokalt-lager/main/bosch-bilder/2124161.jpg";"1";"80";"Original Bosch eBike-reservdel: Component Connector (BCC3111). Beställningsvara hos Cykel & Natur i Årsta.";"Bosch Component Connector (BCC3111) - cykelnatur.se";"4054289010485"
"2124162";"Bosch T-kabel för batteri för Component Connector, 200 mm (BCH3912_200)";"Original Bosch eBike-reservdel: T-kabel för batteri för Component Connector, 200 mm (BCH3912_200).";"<ul><li>Strömförsörjning och CAN FD för Component Connector</li><li>Anslutning för ytterligare en High Power-port (HPP)</li></ul><p style='margin:0 0 1em'>I förpackningen: 1 st T-kabel för batteri för Component Connector, 200 mm.</p><p style='margin:0 0 1em'>System: Det smarta systemet · Vikt: 26 g · Artikelnummer: 2124162 · EAN: 4054289010492</p><p style='margin:0 0 1em'>Original Bosch eBike-reservdel. Beställningsvara som normalt når oss inom 5–10 dagar – vi hör av oss när den finns att hämta i butiken i Årsta, eller så skickar vi den hem till dig. Osäker på om delen passar din cykel? Mejla oss en bild på din display eller ditt batteri så hjälper vi dig.</p>";"360";"25";"1";"0";"1";"1";"0";"https://raw.githubusercontent.com/erik859/cykelnatur-lokalt-lager/main/bosch-bilder/2124162.jpg";"1";"26";"Original Bosch eBike-reservdel: T-kabel för batteri för Component Connector, 200 mm (BCH3912_200). Beställningsvara hos Cykel & Natur i Årsta.";"Bosch T-kabel för batteri för Component - cykelnatur.se";"4054289010492"
"2124163";"Bosch T-kabel för batteri för Component Connector, 400 mm (BCH3912_400)";"Original Bosch eBike-reservdel: T-kabel för batteri för Component Connector, 400 mm (BCH3912_400).";"<ul><li>Strömförsörjning och CAN FD för Component Connector</li><li>Anslutning för ytterligare en High Power-port (HPP)</li></ul><p style='margin:0 0 1em'>I förpackningen: 1 st T-kabel för batteri för Component Connector, 400 mm.</p><p style='margin:0 0 1em'>System: Det smarta systemet · Vikt: 34 g · Artikelnummer: 2124163 · EAN: 4054289010508</p><p style='margin:0 0 1em'>Original Bosch eBike-reservdel. Beställningsvara som normalt når oss inom 5–10 dagar – vi hör av oss när den finns att hämta i butiken i Årsta, eller så skickar vi den hem till dig. Osäker på om delen passar din cykel? Mejla oss en bild på din display eller ditt batteri så hjälper vi dig.</p>";"360";"25";"1";"0";"1";"1";"0";"https://raw.githubusercontent.com/erik859/cykelnatur-lokalt-lager/main/bosch-bilder/2124163.jpg";"1";"34";"Original Bosch eBike-reservdel: T-kabel för batteri för Component Connector, 400 mm (BCH3912_400). Beställningsvara hos Cykel & Natur i Årsta.";"Bosch T-kabel för batteri för 2124163 - cykelnatur.se";"4054289010508"
"2124164";"Bosch T-kabel för batteri för Component Connector, 900 mm (BCH3912_900)";"Original Bosch eBike-reservdel: T-kabel för batteri för Component Connector, 900 mm (BCH3912_900).";"<ul><li>Strömförsörjning och CAN FD för Component Connector</li><li>Anslutning för ytterligare en High Power-port (HPP)</li></ul><p style='margin:0 0 1em'>I förpackningen: 1 st T-kabel för batteri för Component Connector, 900 mm.</p><p style='margin:0 0 1em'>System: Det smarta systemet · Vikt: 58 g · Artikelnummer: 2124164 · EAN: 4054289010515</p><p style='margin:0 0 1em'>Original Bosch eBike-reservdel. Beställningsvara som normalt når oss inom 5–10 dagar – vi hör av oss när den finns att hämta i butiken i Årsta, eller så skickar vi den hem till dig. Osäker på om delen passar din cykel? Mejla oss en bild på din display eller ditt batteri så hjälper vi dig.</p>";"360";"25";"1";"0";"1";"1";"0";"https://raw.githubusercontent.com/erik859/cykelnatur-lokalt-lager/main/bosch-bilder/2124164.jpg";"1";"58";"Original Bosch eBike-reservdel: T-kabel för batteri för Component Connector, 900 mm (BCH3912_900). Beställningsvara hos Cykel & Natur i Årsta.";"Bosch T-kabel för batteri för 2124164 - cykelnatur.se";"4054289010515"
"2124165";"Bosch T-kabel för batteri för Component Connector, 1900 mm (BCH3912_1900)";"Original Bosch eBike-reservdel: T-kabel för batteri för Component Connector, 1900 mm (BCH3912_1900).";"<ul><li>Strömförsörjning och CAN FD för Component Connector</li><li>Anslutning för ytterligare en High Power-port (HPP)</li></ul><p style='margin:0 0 1em'>I förpackningen: 1 st T-kabel för batteri för Component Connector, 1900 mm.</p><p style='margin:0 0 1em'>System: Det smarta systemet · Vikt: 100 g · Artikelnummer: 2124165 · EAN: 4054289010522</p><p style='margin:0 0 1em'>Original Bosch eBike-reservdel. Beställningsvara som normalt når oss inom 5–10 dagar – vi hör av oss när den finns att hämta i butiken i Årsta, eller så skickar vi den hem till dig. Osäker på om delen passar din cykel? Mejla oss en bild på din display eller ditt batteri så hjälper vi dig.</p>";"360";"25";"1";"0";"1";"1";"0";"https://raw.githubusercontent.com/erik859/cykelnatur-lokalt-lager/main/bosch-bilder/2124165.jpg";"1";"100";"Original Bosch eBike-reservdel: T-kabel för batteri för Component Connector, 1900 mm (BCH3912_1900). Beställningsvara hos Cykel & Natur i Årsta.";"Bosch T-kabel för batteri för 2124165 - cykelnatur.se";"4054289010522"
"2124166";"Bosch Anslutningskabel för multibatteri för Component Connector, 450 mm (BCH3914_450)";"Original Bosch eBike-reservdel: Anslutningskabel för multibatteri för Component Connector, 450 mm (BCH3914_450).";"<ul><li>Strömförsörjning och CAN FD för max. 3 Component Connectorer</li><li>Med anslutning för upp till 3 ytterligare High Power-portar (HPP)</li></ul><p style='margin:0 0 1em'>I förpackningen: 1 st Anslutningskabel för multibatteri för Component Connector, 450 mm.</p><p style='margin:0 0 1em'>System: Det smarta systemet · Vikt: 40 g · Artikelnummer: 2124166 · EAN: 4054289010539</p><p style='margin:0 0 1em'>Original Bosch eBike-reservdel. Beställningsvara som normalt når oss inom 5–10 dagar – vi hör av oss när den finns att hämta i butiken i Årsta, eller så skickar vi den hem till dig. Osäker på om delen passar din cykel? Mejla oss en bild på din display eller ditt batteri så hjälper vi dig.</p>";"929";"25";"1";"0";"1";"1";"0";"https://raw.githubusercontent.com/erik859/cykelnatur-lokalt-lager/main/bosch-bilder/2124166.jpg";"1";"40";"Original Bosch eBike-reservdel: Anslutningskabel för multibatteri för Component Connector, 450 mm… Beställningsvara hos Cykel & Natur i Årsta.";"Bosch Anslutningskabel för multibatteri för - cykelnatur.se";"4054289010539"
"2124167";"Bosch Anslutningskabel för multibatteri för Component Connector, 820 mm (BCH3914_820)";"Original Bosch eBike-reservdel: Anslutningskabel för multibatteri för Component Connector, 820 mm (BCH3914_820).";"<ul><li>Strömförsörjning och CAN FD för max. 3 Component Connectorer</li><li>Med anslutning för upp till 3 ytterligare High Power-portar (HPP)</li></ul><p style='margin:0 0 1em'>I förpackningen: 1 st Anslutningskabel för multibatteri för Component Connector, 820 mm.</p><p style='margin:0 0 1em'>System: Det smarta systemet · Vikt: 63 g · Artikelnummer: 2124167 · EAN: 4054289010546</p><p style='margin:0 0 1em'>Original Bosch eBike-reservdel. Beställningsvara som normalt når oss inom 5–10 dagar – vi hör av oss när den finns att hämta i butiken i Årsta, eller så skickar vi den hem till dig. Osäker på om delen passar din cykel? Mejla oss en bild på din display eller ditt batteri så hjälper vi dig.</p>";"929";"25";"1";"0";"1";"1";"0";"https://raw.githubusercontent.com/erik859/cykelnatur-lokalt-lager/main/bosch-bilder/2124167.jpg";"1";"63";"Original Bosch eBike-reservdel: Anslutningskabel för multibatteri för Component Connector, 820 mm… Beställningsvara hos Cykel & Natur i Årsta.";"Bosch Anslutningskabel för 2124167 - cykelnatur.se";"4054289010546"
"2124168";"Bosch Anslutningskabel för multibatteri för Component Connector, 1600 mm (BCH3914_1600)";"Original Bosch eBike-reservdel: Anslutningskabel för multibatteri för Component Connector, 1600 mm (BCH3914_1600).";"<ul><li>Strömförsörjning och CAN FD för max. 3 Component Connectorer</li><li>Med anslutning för upp till 3 ytterligare High Power-portar (HPP)</li></ul><p style='margin:0 0 1em'>I förpackningen: 1 st Anslutningskabel för multibatteri för Component Connector, 1600 mm.</p><p style='margin:0 0 1em'>System: Det smarta systemet · Vikt: 96 g · Artikelnummer: 2124168 · EAN: 4054289010553</p><p style='margin:0 0 1em'>Original Bosch eBike-reservdel. Beställningsvara som normalt når oss inom 5–10 dagar – vi hör av oss när den finns att hämta i butiken i Årsta, eller så skickar vi den hem till dig. Osäker på om delen passar din cykel? Mejla oss en bild på din display eller ditt batteri så hjälper vi dig.</p>";"929";"25";"1";"0";"1";"1";"0";"https://raw.githubusercontent.com/erik859/cykelnatur-lokalt-lager/main/bosch-bilder/2124168.jpg";"1";"96";"Original Bosch eBike-reservdel: Anslutningskabel för multibatteri för Component Connector, 1600 mm… Beställningsvara hos Cykel & Natur i Årsta.";"Bosch Anslutningskabel för 2124168 - cykelnatur.se";"4054289010553"
"2124169";"Bosch ABS-styrenhet TEKTRO|TRP (BAS3321)";"För TEKTRO|TRP hydrauliska bromssystem";"<p style='margin:0 0 1em'>&lt;h4&gt;Viktig produktinformation&lt;/h4&gt;&lt;br&gt;&lt;br&gt;&lt;p&gt;&lt;strong&gt;Det är inte möjligt att uppgradera från ABS till ABS Pro, eftersom ett byte strider mot CE-direktivet!&lt;/strong&gt;&lt;br /&gt;&lt;br&gt; &lt;br /&gt;&lt;br&gt;För att beställa en ABS-styrenhet behöver vi återförsäljarens diagnosrapport (IBD-rapport). Utan denna information är programmering av styrenheten inte möjlig och beställningen kan inte behandlas.&lt;/p&gt;&lt;br&gt;</p><p style='margin:0 0 1em'>&lt;p&gt;Från eCity till eMTB: Bosch eBike ABS ger optimal bromsning med alla typer av eBike på alla underlag.&lt;/p&gt;&lt;br&gt;</p><ul><li>För närvarande världens lättaste och minsta produktionsklara ABS-system för elcyklar.</li><li>Endast tillgängligt för eBikes med det smarta systemet från Bosch eBike Systems (kan ej eftermonteras).</li><li>Strömförsörjning via eBike-systemet.</li><li>Smal design och möjlighet till direkt integrering av ABS på eBikes gaffel.</li><li>Flexibel användning i många olika eBike-typer: eCargobike, eCity-cykel, eTrekking-cykel, eSUV-cykel, eMountainbike.</li></ul><ul><li>I kombination med förbättrade sensorer (IMU) i drivenheten: Känsligare bromsbeteende och eliminering av ABS-hastighetssensorn och kabeln på bakhjulet.</li><li>Fyra olika ABS-lägen beroende på vilken typ av eBike som används: ABS Cargo, ABS Touring, ABS Allroad, ABS Trail.</li><li>Beroende på typ av eBike är inställningar som ändring av ABS-läge möjliga i eBike Flow-appen eller via inställningsmenyn i displayen.</li><li>På displayen visas elcyklisten bromsinformation, t.ex. bromssträcka, bromsningstid med eller utan ABS-stöd och antal bromsmanövrar med ABS.</li></ul><p style='margin:0 0 1em'>I förpackningen: 1 st ABS-styrenhet TEKTRO|TRP.</p><p style='margin:0 0 1em'>System: Det smarta systemet · Mått: 10,6 × 3,5 × 6,2 cm · Vikt: 220 g · Artikelnummer: 2124169 · EAN: 4054289010560</p><p style='margin:0 0 1em'>Original Bosch eBike-reservdel. Beställningsvara som normalt når oss inom 5–10 dagar – vi hör av oss när den finns att hämta i butiken i Årsta, eller så skickar vi den hem till dig. Osäker på om delen passar din cykel? Mejla oss en bild på din display eller ditt batteri så hjälper vi dig.</p>";"2669";"25";"1";"0";"1";"1";"0";"https://raw.githubusercontent.com/erik859/cykelnatur-lokalt-lager/main/bosch-bilder/2124169.jpg";"1";"325";"För TEKTRO|TRP hydrauliska bromssystem Beställningsvara hos Cykel & Natur i Årsta.";"Bosch ABS-styrenhet TEKTRO|TRP (BAS3321) - cykelnatur.se";"4054289010560"
"2124170";"Bosch 2A Charger 220-240 V, EU (BPC3200)";"Original Bosch eBike-reservdel: 2A Charger 220-240 V, EU (BPC3200).";"<p style='margin:0 0 1em'>I förpackningen: 1 st 2A laddare, 1 st EU-nätkabel, 1 st Bruksanvisning.</p><p style='margin:0 0 1em'>System: Det smarta systemet · Mått: 16,7 x 7,6 x 4,5 cm · Vikt: 685 g · Artikelnummer: 2124170 · EAN: 4054289005122</p><p style='margin:0 0 1em'>Original Bosch eBike-reservdel. Beställningsvara som normalt når oss inom 5–10 dagar – vi hör av oss när den finns att hämta i butiken i Årsta, eller så skickar vi den hem till dig. Osäker på om delen passar din cykel? Mejla oss en bild på din display eller ditt batteri så hjälper vi dig.</p>";"1039";"25";"1";"0";"1";"1";"0";"https://raw.githubusercontent.com/erik859/cykelnatur-lokalt-lager/main/bosch-bilder/2124170.jpg";"1";"685";"Original Bosch eBike-reservdel: 2A Charger 220-240 V, EU (BPC3200). Beställningsvara hos Cykel & Natur i Årsta.";"Bosch 2A Charger 220-240 V, EU (BPC3200) - cykelnatur.se";"4054289005122"
"2124172";"Bosch Purion 200, 22,2 mm (BRC3800)";"Original Bosch eBike-reservdel: Purion 200, 22,2 mm (BRC3800).";"<p style='margin:0 0 1em'>&lt;h4&gt;Viktig produktinformation&lt;/h4&gt;&lt;br&gt;&lt;br&gt;&lt;p&gt;För att konvertera till Purion 200 är en konfiguration med DiagnosticTool hos en fackhandlare obligatorisk. Ta hänsyn till detta när du säljer och särskilt när du säljer via din egen webbshop och påpeka detta för din egen kund.&lt;/p&gt;&lt;br&gt;</p><p style='margin:0 0 1em'>&lt;p&gt;Allt-i-ett: Display och styrenhet för elcykelstyrning i en och samma enhet&lt;/p&gt;&lt;br&gt;</p><ul><li>1,6-tums TFT-display (320 × 160 pixlar)</li><li>”L-form” för bästa läsbarhet och samtidigt optimal, ergonomisk åtkomst till knapparna</li><li>Hållbart och utbytbart litiumjonbatteri med 75 mAh, som laddas via elcykelbatteriet</li><li>Systemkontakt för anslutning av eBike-systemet</li></ul><ul><li>Diagnosgränssnitt (typ: USB-C) för diagnos eller som alternativ laddningsmöjlighet för det integrerade batteriet i Purion 200</li><li>Gränssnittet är INTE lämpligt för laddning av smartphone!</li></ul><p style='margin:0 0 1em'>I förpackningen: 1 st Purion 200, lämplig för styrdiameter 22,2 mm, 1 st Gummidistans för klämma och batteri, 1 st Oförlorbar klämskruv, 1st Bruks- och monteringsanvisningar.</p><p style='margin:0 0 1em'>System: Det smarta systemet · Mått: 8,6 x 6,5 x 5,3 cm · Vikt: 267 g · Artikelnummer: 2124172 · EAN: 4054289010737</p><p style='margin:0 0 1em'>Original Bosch eBike-reservdel. Beställningsvara som normalt når oss inom 5–10 dagar – vi hör av oss när den finns att hämta i butiken i Årsta, eller så skickar vi den hem till dig. Osäker på om delen passar din cykel? Mejla oss en bild på din display eller ditt batteri så hjälper vi dig.</p>";"2199";"25";"1";"0";"1";"1";"0";"https://raw.githubusercontent.com/erik859/cykelnatur-lokalt-lager/main/bosch-bilder/2124172.jpg";"1";"267";"Original Bosch eBike-reservdel: Purion 200, 22,2 mm (BRC3800). Beställningsvara hos Cykel & Natur i Årsta.";"Bosch Purion 200, 22,2 mm (BRC3800) - cykelnatur.se";"4054289010737"
"2124173";"Bosch USB-lock Purion 200";"Original Bosch eBike-reservdel: USB-lock Purion 200.";"<p style='margin:0 0 1em'>I förpackningen: 1 st USB-lock Purion 200.</p><p style='margin:0 0 1em'>System: Det smarta systemet · Vikt: 5 g · Artikelnummer: 2124173 · EAN: 4054289010744</p><p style='margin:0 0 1em'>Original Bosch eBike-reservdel. Beställningsvara som normalt når oss inom 5–10 dagar – vi hör av oss när den finns att hämta i butiken i Årsta, eller så skickar vi den hem till dig. Osäker på om delen passar din cykel? Mejla oss en bild på din display eller ditt batteri så hjälper vi dig.</p>";"35";"25";"1";"0";"1";"1";"0";"https://raw.githubusercontent.com/erik859/cykelnatur-lokalt-lager/main/bosch-bilder/2124173.jpg";"1";"5";"Original Bosch eBike-reservdel: USB-lock Purion 200. Beställningsvara hos Cykel & Natur i Årsta.";"Bosch USB-lock Purion 200 - cykelnatur.se";"4054289010744"
"2124174";"Bosch Gummidistans Purion 200";"Original Bosch eBike-reservdel: Gummidistans Purion 200.";"<p style='margin:0 0 1em'>I förpackningen: 1 st Gummidistans för klämma 22,2 mm.</p><p style='margin:0 0 1em'>System: Det smarta systemet · Vikt: 5 g · Artikelnummer: 2124174 · EAN: 4054289010751</p><p style='margin:0 0 1em'>Original Bosch eBike-reservdel. Beställningsvara som normalt når oss inom 5–10 dagar – vi hör av oss när den finns att hämta i butiken i Årsta, eller så skickar vi den hem till dig. Osäker på om delen passar din cykel? Mejla oss en bild på din display eller ditt batteri så hjälper vi dig.</p>";"35";"25";"1";"0";"1";"1";"0";"https://raw.githubusercontent.com/erik859/cykelnatur-lokalt-lager/main/bosch-bilder/2124174.jpg";"1";"5";"Original Bosch eBike-reservdel: Gummidistans Purion 200. Beställningsvara hos Cykel & Natur i Årsta.";"Bosch Gummidistans Purion 200 - cykelnatur.se";"4054289010751"
"2124175";"Bosch Batteri Purion 200";"Original Bosch eBike-reservdel: Batteri Purion 200.";"<ul><li>Enhet bestående av batteri, lock, tätning</li></ul><p style='margin:0 0 1em'>I förpackningen: 1 st Batteri Purion 200, 1 st Skruv M1,6x3, Torx T6.</p><p style='margin:0 0 1em'>System: Det smarta systemet · Vikt: 5 g · Artikelnummer: 2124175 · EAN: 4054289010768</p><p style='margin:0 0 1em'>Original Bosch eBike-reservdel. Beställningsvara som normalt når oss inom 5–10 dagar – vi hör av oss när den finns att hämta i butiken i Årsta, eller så skickar vi den hem till dig. Osäker på om delen passar din cykel? Mejla oss en bild på din display eller ditt batteri så hjälper vi dig.</p>";"110";"25";"1";"0";"1";"1";"0";"https://raw.githubusercontent.com/erik859/cykelnatur-lokalt-lager/main/bosch-bilder/2124175.jpg";"1";"5";"Original Bosch eBike-reservdel: Batteri Purion 200. Beställningsvara hos Cykel & Natur i Årsta.";"Bosch Batteri Purion 200 - cykelnatur.se";"4054289010768"
"2124176";"Bosch Kiox 500-display (BHU3700)";"Lämplig för enarmad hållare";"<p style='margin:0 0 1em'>&lt;h4&gt;Viktig produktinformation&lt;/h4&gt;&lt;br&gt;&lt;br&gt;&lt;p&gt;Levereras UTAN displayfäste, hållare och displaykabel. &lt;/p&gt;&lt;br&gt;&lt;br&gt;&lt;p&gt;&lt;strong&gt;Finns att köpa separat vid behov&lt;/strong&gt;&lt;br /&gt;&lt;br&gt;Eftermonteringssats för 1-armsfäste för styrediameter:&lt;br /&gt;&lt;br&gt;31,8 mm (EB13900012)&lt;br /&gt;&lt;br&gt;35,0 mm (EB13900011)&lt;/p&gt;&lt;br&gt;</p><ul><li>Transmissiv 2,8-tums TFT-display (240 × 320 pixlar)</li><li>Kan styras via LED Remote eller Mini Remote i kombination med System Controller eller Purion 200</li><li>Flexibel placering av displayen tack vare den modulära displayhållaren för styren med en diameter på 31,8/35 mm (med displayfästet har cykeltillverkaren möjlighet att använda  egna displayhållarlösningar)</li><li>Kiox 500 försörjs med ström via elcykelbatteriet</li><li>Informationssignal för navigerings- och systemmeddelanden, med reglerbar volym</li></ul><p style='margin:0 0 1em'>I förpackningen: 1 st Kiox 500-display, 1 st Bruksanvisning.</p><p style='margin:0 0 1em'>System: Det smarta systemet · Mått: 6,1 x 8,6 x 1,6 cm · Vikt: 280 g · Artikelnummer: 2124176 · EAN: 4054289010775</p><p style='margin:0 0 1em'>Original Bosch eBike-reservdel. Beställningsvara som normalt når oss inom 5–10 dagar – vi hör av oss när den finns att hämta i butiken i Årsta, eller så skickar vi den hem till dig. Osäker på om delen passar din cykel? Mejla oss en bild på din display eller ditt batteri så hjälper vi dig.</p>";"1849";"25";"1";"0";"1";"1";"0";"https://raw.githubusercontent.com/erik859/cykelnatur-lokalt-lager/main/bosch-bilder/2124176.jpg";"1";"280";"Lämplig för enarmad hållare Beställningsvara hos Cykel & Natur i Årsta.";"Bosch Kiox 500-display (BHU3700) - cykelnatur.se";"4054289010775"
"2124178";"Bosch Gummidistans Mini Remote Dropbar (BRC3310)";"Original Bosch eBike-reservdel: Gummidistans Mini Remote Dropbar (BRC3310).";"<p style='margin:0 0 1em'>&lt;h4&gt;Viktig produktinformation&lt;/h4&gt;&lt;br&gt;&lt;br&gt;&lt;p&gt;Passar endast för Mini Remote EB13100001&lt;/p&gt;</p><ul><li>Diameter: 31,8 mm</li></ul><p style='margin:0 0 1em'>I förpackningen: 1 st Gummidistans med gummilock för batteri.</p><p style='margin:0 0 1em'>System: Det smarta systemet · Vikt: 5 g · Artikelnummer: 2124178 · EAN: 4054289010713</p><p style='margin:0 0 1em'>Original Bosch eBike-reservdel. Beställningsvara som normalt når oss inom 5–10 dagar – vi hör av oss när den finns att hämta i butiken i Årsta, eller så skickar vi den hem till dig. Osäker på om delen passar din cykel? Mejla oss en bild på din display eller ditt batteri så hjälper vi dig.</p>";"35";"25";"1";"0";"1";"1";"0";"https://raw.githubusercontent.com/erik859/cykelnatur-lokalt-lager/main/bosch-bilder/2124178.jpg";"1";"5";"Original Bosch eBike-reservdel: Gummidistans Mini Remote Dropbar (BRC3310). Beställningsvara hos Cykel & Natur i Årsta.";"Bosch Gummidistans Mini Remote Dropbar - cykelnatur.se";"4054289010713"
"2124180";"Bosch Skruv monteringsplatta ConnectModule";"Original Bosch eBike-reservdel: Skruv monteringsplatta ConnectModule.";"<h3>Lämplig för monteringsplatta ConnectModule</h3><ul><li>BDU33YY</li><li>BDU34YY</li><li>BDU37YY</li><li>BDU38YY</li></ul><p style='margin:0 0 1em'>I förpackningen: 1 st Skruv M2x3.</p><p style='margin:0 0 1em'>System: Det smarta systemet · Vikt: 4 g · Artikelnummer: 2124180 · EAN: 4054289010973</p><p style='margin:0 0 1em'>Original Bosch eBike-reservdel. Beställningsvara som normalt når oss inom 5–10 dagar – vi hör av oss när den finns att hämta i butiken i Årsta, eller så skickar vi den hem till dig. Osäker på om delen passar din cykel? Mejla oss en bild på din display eller ditt batteri så hjälper vi dig.</p>";"23";"25";"1";"0";"1";"1";"0";"https://raw.githubusercontent.com/erik859/cykelnatur-lokalt-lager/main/bosch-bilder/2124180.jpg";"1";"4";"Original Bosch eBike-reservdel: Skruv monteringsplatta ConnectModule. Beställningsvara hos Cykel & Natur i Årsta.";"Bosch Skruv monteringsplatta ConnectModule - cykelnatur.se";"4054289010973"
"2124181";"Bosch Monteringsplatta ConnectModule för BDU33YY";"Original Bosch eBike-reservdel: Monteringsplatta ConnectModule för BDU33YY.";"<h3>Kompatibel med</h3><ul><li>BDU3360</li><li>BDU3340</li><li>BDU3320</li></ul><p style='margin:0 0 1em'>I förpackningen: 1 st Monteringsplatta ConnectModule.</p><p style='margin:0 0 1em'>System: Det smarta systemet · Vikt: 15 g · Artikelnummer: 2124181 · EAN: 4054289010980</p><p style='margin:0 0 1em'>Original Bosch eBike-reservdel. Beställningsvara som normalt når oss inom 5–10 dagar – vi hör av oss när den finns att hämta i butiken i Årsta, eller så skickar vi den hem till dig. Osäker på om delen passar din cykel? Mejla oss en bild på din display eller ditt batteri så hjälper vi dig.</p>";"41";"25";"1";"0";"1";"1";"0";"https://raw.githubusercontent.com/erik859/cykelnatur-lokalt-lager/main/bosch-bilder/2124181.jpg";"1";"15";"Original Bosch eBike-reservdel: Monteringsplatta ConnectModule för BDU33YY. Beställningsvara hos Cykel & Natur i Årsta.";"Bosch Monteringsplatta ConnectModule för - cykelnatur.se";"4054289010980"
"2124182";"Bosch Logokåpa Active Line Plus (BDU334Y)";"Original Bosch eBike-reservdel: Logokåpa Active Line Plus (BDU334Y).";"<ul><li>Om Designkåpa inte är monterat</li></ul><p style='margin:0 0 1em'>I förpackningen: 1 st Logokåpa Active Line Plus.</p><p style='margin:0 0 1em'>System: Det smarta systemet · Vikt: 13 g · Artikelnummer: 2124182 · EAN: 4054289010201</p><p style='margin:0 0 1em'>Original Bosch eBike-reservdel. Beställningsvara som normalt når oss inom 5–10 dagar – vi hör av oss när den finns att hämta i butiken i Årsta, eller så skickar vi den hem till dig. Osäker på om delen passar din cykel? Mejla oss en bild på din display eller ditt batteri så hjälper vi dig.</p>";"95";"25";"1";"0";"1";"1";"0";"https://raw.githubusercontent.com/erik859/cykelnatur-lokalt-lager/main/bosch-bilder/2124182.jpg";"1";"13";"Original Bosch eBike-reservdel: Logokåpa Active Line Plus (BDU334Y). Beställningsvara hos Cykel & Natur i Årsta.";"Bosch Logokåpa Active Line Plus (BDU334Y) - cykelnatur.se";"4054289010201"
"2124183";"Bosch Sats Drive Unit Performance Line SX upptill/smal (BDU3142)";"Original Bosch eBike-reservdel: Sats Drive Unit Performance Line SX upptill/smal (BDU3142).";"<p style='margin:0 0 1em'>&lt;h4&gt;Viktig produktinformation&lt;/h4&gt;&lt;br&gt;&lt;br&gt;&lt;p&gt;Utbyte av en Drive Unit är endast möjligt som en 1:1-ersättning. Tyvärr kan vi inte erbjuda en uppgradering till en kraftigare Drive Unit. Detta är nödvändigt för att säkerställa teknisk kompatibilitet och systemets smidiga funktion. Därför kan vi inte behandla beställningar som inte motsvarar en 1:1-ersättning och måste tyvärr annullera dem.&lt;/p&gt;&lt;br&gt;&lt;br&gt;&lt;p&gt;För att göra en fullständig beställning behöver vi all nödvändig information. Om du saknar en eller flera av dessa uppgifter kan vi inte fortsätta konfigurera Drive Unit (DU). Se till att den Drive Unit du väljer här stämmer överens med den du har lagt till i varukorgen.&lt;/p&gt;</p><p style='margin:0 0 1em'>&lt;p&gt;För att beställa en Smart System-motor behöver du absolut återförsäljarens diagnosrapport. Om rapporten inte längre är läsbar måste du kontakta Bosch Hotline så att de kan ge dig BackUp-Datei för motorn.&lt;br /&gt;&lt;br&gt;Observera att utan denna fil är vår möjlighet att konfigurera motorn begränsad.&lt;/p&gt;&lt;br&gt;</p><p style='margin:0 0 1em'>&lt;p&gt;Den lättaste drivenheten i Bosch-sortimentet, och enastående kompakt. &lt;/p&gt;&lt;br&gt;</p><ul><li>Upp till 600 watt: Maximal effekt på minimalt utrymme</li><li>Max. 55 Newtonmeter: Trampa snabbt – få kraftfull assistans</li><li>Ca. 2 kg: Den lättaste drivenheten från Bosch, diskret monterad</li><li>Sprint-läge: För sportig cykling med eGravel- och eUrban-cyklar</li></ul><p style='margin:0 0 1em'>I förpackningen: 1 st Drive Unit EB1110000D, 1 st Logokåpa EB1120009C, 1 st Muttersats EB11900012, 1 st Ramhylsesats EB112000SM, 1 st Låsring EB112000JH, 1 st O-ring 1270016119, 1 st Skruvsats EB11900010, 1 st Bruks- och monteringsanvisning.</p><p style='margin:0 0 1em'>System: Det smarta systemet · Vikt: 2,89 kg · Artikelnummer: 2124183 · EAN: 4054289010003</p><p style='margin:0 0 1em'>Original Bosch eBike-reservdel. Beställningsvara som normalt når oss inom 5–10 dagar – vi hör av oss när den finns att hämta i butiken i Årsta, eller så skickar vi den hem till dig. Osäker på om delen passar din cykel? Mejla oss en bild på din display eller ditt batteri så hjälper vi dig.</p>";"9419";"25";"1";"0";"1";"1";"0";"https://raw.githubusercontent.com/erik859/cykelnatur-lokalt-lager/main/bosch-bilder/2124183.jpg";"1";"2890";"Original Bosch eBike-reservdel: Sats Drive Unit Performance Line SX upptill/smal (BDU3142). Beställningsvara hos Cykel & Natur i Årsta.";"Bosch Sats Drive Unit Performance Line SX - cykelnatur.se";"4054289010003"
"2124185";"Bosch Sats Drive Unit Performance Line SX diagonal/smal (BDU3144)";"Original Bosch eBike-reservdel: Sats Drive Unit Performance Line SX diagonal/smal (BDU3144).";"<p style='margin:0 0 1em'>&lt;h4&gt;Viktig produktinformation&lt;/h4&gt;&lt;br&gt;&lt;br&gt;&lt;p&gt;Utbyte av en Drive Unit är endast möjligt som en 1:1-ersättning. Tyvärr kan vi inte erbjuda en uppgradering till en kraftigare Drive Unit. Detta är nödvändigt för att säkerställa teknisk kompatibilitet och systemets smidiga funktion. Därför kan vi inte behandla beställningar som inte motsvarar en 1:1-ersättning och måste tyvärr annullera dem.&lt;/p&gt;&lt;br&gt;&lt;br&gt;&lt;p&gt;För att göra en fullständig beställning behöver vi all nödvändig information. Om du saknar en eller flera av dessa uppgifter kan vi inte fortsätta konfigurera Drive Unit (DU). Se till att den Drive Unit du väljer här stämmer överens med den du har lagt till i varukorgen.&lt;/p&gt;</p><p style='margin:0 0 1em'>&lt;p&gt;För att beställa en Smart System-motor behöver du absolut återförsäljarens diagnosrapport. Om rapporten inte längre är läsbar måste du kontakta Bosch Hotline så att de kan ge dig BackUp-Datei för motorn.&lt;br /&gt;&lt;br&gt;Observera att utan denna fil är vår möjlighet att konfigurera motorn begränsad.&lt;/p&gt;&lt;br&gt;</p><p style='margin:0 0 1em'>&lt;p&gt;Den lättaste drivenheten i Bosch-sortimentet, och enastående kompakt. &lt;/p&gt;</p><ul><li>Upp till 600 watt: Maximal effekt på minimalt utrymme</li><li>Max. 55 Newtonmeter: Trampa snabbt – få kraftfull assistans</li><li>Ca. 2 kg: Den lättaste drivenheten från Bosch, diskret monterad</li><li>Sprint-läge: För sportig cykling med eGravel- och eUrban-cyklar</li></ul><p style='margin:0 0 1em'>I förpackningen: 1 st Drive Unit EB1110000V, 1 st Logokåpa EB1120009C, 1 st Muttersats EB11900012, 1 st Ramhylsesats EB112000SM, 1 st Låsring EB112000JH, 1 st O-ring 1270016119, 1 st Skruvsats EB11900010, 1 st Bruks- och monteringsanvisning.</p><p style='margin:0 0 1em'>System: Det smarta systemet · Vikt: 2,93 kg · Artikelnummer: 2124185 · EAN: 4054289010027</p><p style='margin:0 0 1em'>Original Bosch eBike-reservdel. Beställningsvara som normalt når oss inom 5–10 dagar – vi hör av oss när den finns att hämta i butiken i Årsta, eller så skickar vi den hem till dig. Osäker på om delen passar din cykel? Mejla oss en bild på din display eller ditt batteri så hjälper vi dig.</p>";"9419";"25";"1";"0";"1";"1";"0";"https://raw.githubusercontent.com/erik859/cykelnatur-lokalt-lager/main/bosch-bilder/2124185.jpg";"1";"2930";"Original Bosch eBike-reservdel: Sats Drive Unit Performance Line SX diagonal/smal (BDU3144). Beställningsvara hos Cykel & Natur i Årsta.";"Bosch Sats Drive Unit Performance 2124185 - cykelnatur.se";"4054289010027"
"2124187";"Bosch Ramhylsesats (BDU31YY, BDU34YY, BDU38YY)";"Original Bosch eBike-reservdel: Ramhylsesats (BDU31YY, BDU34YY, BDU38YY).";"<p style='margin:0 0 1em'>&lt;h4&gt;Viktig produktinformation&lt;/h4&gt;&lt;br&gt;&lt;br&gt;&lt;p&gt;Istället för ramhylsorna finns det nu ett nytt fästkoncept med rambussningar (EB1190002H eller EB1190002J) och tillhörande nya skruvar (EB1190002F eller EB1190002G) för montering av Drive Units BDU31YY, BDU34YY och BDU38YY.&lt;/p&gt;&lt;br&gt;</p><p style='margin:0 0 1em'>&lt;p&gt;Sedan augusti 2025 finns det ett nytt infästningskoncept för Drive Unit BDU31YY (smal variant eller bred variant inklusive adapter), BDU34YY och BDU38YY.&lt;/p&gt;&lt;br&gt;&lt;br&gt;&lt;p&gt;De tidigare ramhylsorna ersätts av rambussningar. Rambussningarna och de tillhörande skruvarna är bakåtkompatibla med Drive Units som fortfarande monteras med ramhylsor. Adaptern förblir oförändrad.&lt;/p&gt;&lt;br&gt;&lt;br&gt;&lt;p&gt;Det är viktigt att du tänker på att för den breda versionen av Performance Line SX upp till MY26 EB1110000X (BDU3143) / EB1110000Y (BDU3145) ska du fortfarande använda skruvarna från den gamla monteringslösningen (EB11900011) tillsammans med de nya rambussningarna (EB1190002H).&lt;/p&gt;&lt;br&gt;&lt;br&gt;&lt;p&gt;All viktig information beskrivs i &lt;a href=http://training.b2b.bosch-ebike.com/sui/itemDetail/10854?context=1&amp;catId=10350&amp;asId=0&amp;tpId=0&amp;tpeId=0 target=_blank&gt;följande monteringsvideo&lt;/a&gt;.&lt;/p&gt;&lt;br&gt;</p><p style='margin:0 0 1em'>I förpackningen: 2 st Ramhylsa.</p><p style='margin:0 0 1em'>System: Det smarta systemet · Vikt: 3 g · Artikelnummer: 2124187 · EAN: 4054289010058</p><p style='margin:0 0 1em'>Original Bosch eBike-reservdel. Beställningsvara som normalt når oss inom 5–10 dagar – vi hör av oss när den finns att hämta i butiken i Årsta, eller så skickar vi den hem till dig. Osäker på om delen passar din cykel? Mejla oss en bild på din display eller ditt batteri så hjälper vi dig.</p>";"145";"25";"1";"0";"1";"1";"0";"https://raw.githubusercontent.com/erik859/cykelnatur-lokalt-lager/main/bosch-bilder/2124187.jpg";"1";"3";"Original Bosch eBike-reservdel: Ramhylsesats (BDU31YY, BDU34YY, BDU38YY). Beställningsvara hos Cykel & Natur i Årsta.";"Bosch Ramhylsesats - cykelnatur.se";"4054289010058"
"2124189";"Bosch Skruvsats Drive Unit, bred (BDU31YY)";"Original Bosch eBike-reservdel: Skruvsats Drive Unit, bred (BDU31YY).";"<p style='margin:0 0 1em'>&lt;h4&gt;Viktig produktinformation&lt;/h4&gt;&lt;br&gt;&lt;br&gt;&lt;p&gt;Den här skruvsatsen behöver du för att montera den breda varianten av Performance Line SX upp till MY26 EB1110000X (BDU3143) / EB1110000Y (BDU3145) tillsammans med de nya rambussningarna (EB1190002H).&lt;/p&gt;&lt;br&gt;</p><p style='margin:0 0 1em'>&lt;p&gt;Sedan augusti 2025 finns det ett nytt infästningskoncept för Drive Unit BDU31YY (smal variant eller bred variant inklusive adapter), BDU34YY och BDU38YY.&lt;/p&gt;&lt;br&gt;&lt;br&gt;&lt;p&gt;De tidigare ramhylsorna ersätts av rambussningar. Rambussningarna och de tillhörande skruvarna är bakåtkompatibla med Drive Units som fortfarande monteras med ramhylsor. Adaptern förblir oförändrad.&lt;/p&gt;&lt;br&gt;&lt;br&gt;&lt;p&gt;Det är viktigt att du tänker på att för den breda versionen av Performance Line SX upp till MY26 EB1110000X (BDU3143) / EB1110000Y (BDU3145) ska du fortfarande använda skruvarna från den gamla monteringslösningen (EB11900011) tillsammans med de nya rambussningarna (EB1190002H).&lt;/p&gt;&lt;br&gt;&lt;br&gt;&lt;p&gt;All viktig information beskrivs i &lt;a href=http://training.b2b.bosch-ebike.com/sui/itemDetail/10854?context=1&amp;catId=10350&amp;asId=0&amp;tpId=0&amp;tpeId=0 target=_blank&gt;följande monteringsvideo&lt;/a&gt;.&lt;/p&gt;&lt;br&gt;</p><p style='margin:0 0 1em'>I förpackningen: 1x Skruvar M8X1X82,3, 1x Skruvar M8X1X68,7.</p><p style='margin:0 0 1em'>System: Det smarta systemet · Vikt: 90 g · Artikelnummer: 2124189 · EAN: 4054289010072</p><p style='margin:0 0 1em'>Original Bosch eBike-reservdel. Beställningsvara som normalt når oss inom 5–10 dagar – vi hör av oss när den finns att hämta i butiken i Årsta, eller så skickar vi den hem till dig. Osäker på om delen passar din cykel? Mejla oss en bild på din display eller ditt batteri så hjälper vi dig.</p>";"47";"25";"1";"0";"1";"1";"0";"https://raw.githubusercontent.com/erik859/cykelnatur-lokalt-lager/main/bosch-bilder/2124189.jpg";"1";"90";"Original Bosch eBike-reservdel: Skruvsats Drive Unit, bred (BDU31YY). Beställningsvara hos Cykel & Natur i Årsta.";"Bosch Skruvsats Drive Unit, bred (BDU31YY) - cykelnatur.se";"4054289010072"
"2124190";"Bosch Logokåpa Performance Line SX (BDU314Y)";"Original Bosch eBike-reservdel: Logokåpa Performance Line SX (BDU314Y).";"<ul><li>Om en designkåpa inte är monterad</li></ul><p style='margin:0 0 1em'>I förpackningen: 1 st Logokåpa Performance Line SX.</p><p style='margin:0 0 1em'>System: Det smarta systemet · Vikt: 15 g · Artikelnummer: 2124190 · EAN: 4054289010089</p><p style='margin:0 0 1em'>Original Bosch eBike-reservdel. Beställningsvara som normalt når oss inom 5–10 dagar – vi hör av oss när den finns att hämta i butiken i Årsta, eller så skickar vi den hem till dig. Osäker på om delen passar din cykel? Mejla oss en bild på din display eller ditt batteri så hjälper vi dig.</p>";"95";"25";"1";"0";"1";"1";"0";"https://raw.githubusercontent.com/erik859/cykelnatur-lokalt-lager/main/bosch-bilder/2124190.jpg";"1";"15";"Original Bosch eBike-reservdel: Logokåpa Performance Line SX (BDU314Y). Beställningsvara hos Cykel & Natur i Årsta.";"Bosch Logokåpa Performance Line SX (BDU314Y) - cykelnatur.se";"4054289010089"
"2124191";"Bosch Dekal med logotyp Performance Line SX (BDU314Y)";"Förväntas vara tillgänglig från och med kalenderveckan 35 / 2026";"<p style='margin:0 0 1em'>Förväntas vara tillgänglig från och med kalenderveckan 35 / 2026</p><ul><li>För Drive Units med tillverkarspecifik designkåpa</li></ul><p style='margin:0 0 1em'>I förpackningen: 1 st Dekal med logotyp Performance Line SX.</p><p style='margin:0 0 1em'>System: Det smarta systemet · Vikt: 2 g · Artikelnummer: 2124191 · EAN: 4054289010096</p><p style='margin:0 0 1em'>Original Bosch eBike-reservdel. Beställningsvara som normalt når oss inom 5–10 dagar – vi hör av oss när den finns att hämta i butiken i Årsta, eller så skickar vi den hem till dig. Osäker på om delen passar din cykel? Mejla oss en bild på din display eller ditt batteri så hjälper vi dig.</p>";"71";"25";"1";"0";"1";"1";"0";"https://raw.githubusercontent.com/erik859/cykelnatur-lokalt-lager/main/bosch-bilder/2124191.jpg";"1";"2";"Förväntas vara tillgänglig från och med kalenderveckan 35 / 2026 Beställningsvara hos Cykel & Natur i Årsta.";"Bosch Dekal med logotyp Performance Line SX - cykelnatur.se";"4054289010096"
"2124192";"Bosch Kabel strömförsörjning hastighet och ljus, MPP (BCH3361)";"Original Bosch eBike-reservdel: Kabel strömförsörjning hastighet och ljus, MPP (BCH3361).";"<ul><li>Systemkabel för multifunktionsanslutningen för att integrera strålkastare, bakljus och hastighetssensor</li></ul><h3>Kompatibel med</h3><ul><li>BDU314Y</li></ul><p style='margin:0 0 1em'>I förpackningen: 1 st Kabel strömförsörjning.</p><p style='margin:0 0 1em'>System: Det smarta systemet · Vikt: 13 g · Artikelnummer: 2124192 · EAN: 4054289010102</p><p style='margin:0 0 1em'>Original Bosch eBike-reservdel. Beställningsvara som normalt når oss inom 5–10 dagar – vi hör av oss när den finns att hämta i butiken i Årsta, eller så skickar vi den hem till dig. Osäker på om delen passar din cykel? Mejla oss en bild på din display eller ditt batteri så hjälper vi dig.</p>";"300";"25";"1";"0";"1";"1";"0";"https://raw.githubusercontent.com/erik859/cykelnatur-lokalt-lager/main/bosch-bilder/2124192.jpg";"1";"13";"Original Bosch eBike-reservdel: Kabel strömförsörjning hastighet och ljus, MPP (BCH3361). Beställningsvara hos Cykel & Natur i Årsta.";"Bosch Kabel strömförsörjning hastighet och - cykelnatur.se";"4054289010102"
"2124193";"Bosch Sats Drive Unit Active Line (BDU3320)";"Original Bosch eBike-reservdel: Sats Drive Unit Active Line (BDU3320).";"<p style='margin:0 0 1em'>&lt;h4&gt;Viktig produktinformation&lt;/h4&gt;&lt;br&gt;&lt;br&gt;&lt;p&gt;Utbyte av en Drive Unit är endast möjligt som en 1:1-ersättning. Tyvärr kan vi inte erbjuda en uppgradering till en kraftigare Drive Unit. Detta är nödvändigt för att säkerställa teknisk kompatibilitet och systemets smidiga funktion. Därför kan vi inte behandla beställningar som inte motsvarar en 1:1-ersättning och måste tyvärr annullera dem.&lt;/p&gt;&lt;br&gt;&lt;br&gt;&lt;p&gt;För att göra en fullständig beställning behöver vi all nödvändig information. Om du saknar en eller flera av dessa uppgifter kan vi inte fortsätta konfigurera Drive Unit (DU). Se till att den Drive Unit du väljer här stämmer överens med den du har lagt till i varukorgen.&lt;/p&gt;</p><p style='margin:0 0 1em'>&lt;p&gt;För att beställa en Smart System-motor behöver du absolut återförsäljarens diagnosrapport. Om rapporten inte längre är läsbar måste du kontakta Bosch Hotline så att de kan ge dig BackUp-Datei för motorn.&lt;br /&gt;&lt;br&gt;Observera att utan denna fil är vår möjlighet att konfigurera motorn begränsad.&lt;/p&gt;&lt;br&gt;</p><p style='margin:0 0 1em'>&lt;p&gt;Urban mobilitet i modern design: Active Line är flexibel, lätt och tyst och därför idealisk för alla gator i stan. &lt;/p&gt;&lt;br&gt;</p><ul><li>40 Newtonmeter: Harmonisk och finkänslig assistans</li><li>Supertyst: Den tystaste drivenheten i Bosch-sortimentet</li><li>Auto-läge: Automatisk anpassning av assistansen</li><li>Fotbroms: Komfortalternativ för elcyklar med navväxel</li></ul><p style='margin:0 0 1em'>I förpackningen: 1 st Drive Unit EB11100006, 1 st Logokåpa EB1120001K, 1 st Låsring 1270016489, 1 st O-ring 1270016107, 1 st Skruvsats 0275007375, 1 st Bruks- och monteringsanvisning.</p><p style='margin:0 0 1em'>System: Det smarta systemet · Vikt: 3,682 kg · Artikelnummer: 2124193 · EAN: 4054289010171</p><p style='margin:0 0 1em'>Original Bosch eBike-reservdel. Beställningsvara som normalt når oss inom 5–10 dagar – vi hör av oss när den finns att hämta i butiken i Årsta, eller så skickar vi den hem till dig. Osäker på om delen passar din cykel? Mejla oss en bild på din display eller ditt batteri så hjälper vi dig.</p>";"8019";"25";"1";"0";"1";"1";"0";"https://raw.githubusercontent.com/erik859/cykelnatur-lokalt-lager/main/bosch-bilder/2124193.jpg";"1";"3682";"Original Bosch eBike-reservdel: Sats Drive Unit Active Line (BDU3320). Beställningsvara hos Cykel & Natur i Årsta.";"Bosch Sats Drive Unit Active Line (BDU3320) - cykelnatur.se";"4054289010171"
"2124194";"Bosch Logokåpa Active Line (BDU332Y)";"Original Bosch eBike-reservdel: Logokåpa Active Line (BDU332Y).";"<ul><li>Om Designkåpa inte är monterat</li></ul><p style='margin:0 0 1em'>I förpackningen: 1 st Logokåpa Active Line.</p><p style='margin:0 0 1em'>System: Det smarta systemet · Vikt: 11 g · Artikelnummer: 2124194 · EAN: 4054289010188</p><p style='margin:0 0 1em'>Original Bosch eBike-reservdel. Beställningsvara som normalt når oss inom 5–10 dagar – vi hör av oss när den finns att hämta i butiken i Årsta, eller så skickar vi den hem till dig. Osäker på om delen passar din cykel? Mejla oss en bild på din display eller ditt batteri så hjälper vi dig.</p>";"95";"25";"1";"0";"1";"1";"0";"https://raw.githubusercontent.com/erik859/cykelnatur-lokalt-lager/main/bosch-bilder/2124194.jpg";"1";"11";"Original Bosch eBike-reservdel: Logokåpa Active Line (BDU332Y). Beställningsvara hos Cykel & Natur i Årsta.";"Bosch Logokåpa Active Line (BDU332Y) - cykelnatur.se";"4054289010188"
"2124195";"Bosch Sats Drive Unit Active Line Plus (BDU3340)";"Original Bosch eBike-reservdel: Sats Drive Unit Active Line Plus (BDU3340).";"<p style='margin:0 0 1em'>&lt;h4&gt;Viktig produktinformation&lt;/h4&gt;&lt;br&gt;&lt;br&gt;&lt;p&gt;Utbyte av en Drive Unit är endast möjligt som en 1:1-ersättning. Tyvärr kan vi inte erbjuda en uppgradering till en kraftigare Drive Unit. Detta är nödvändigt för att säkerställa teknisk kompatibilitet och systemets smidiga funktion. Därför kan vi inte behandla beställningar som inte motsvarar en 1:1-ersättning och måste tyvärr annullera dem.&lt;/p&gt;&lt;br&gt;&lt;br&gt;&lt;p&gt;För att göra en fullständig beställning behöver vi all nödvändig information. Om du saknar en eller flera av dessa uppgifter kan vi inte fortsätta konfigurera Drive Unit (DU). Se till att den Drive Unit du väljer här stämmer överens med den du har lagt till i varukorgen.&lt;/p&gt;</p><p style='margin:0 0 1em'>&lt;p&gt;För att beställa en Smart System-motor behöver du absolut återförsäljarens diagnosrapport. Om rapporten inte längre är läsbar måste du kontakta Bosch Hotline så att de kan ge dig BackUp-Datei för motorn.&lt;br /&gt;&lt;br&gt;Observera att utan denna fil är vår möjlighet att konfigurera motorn begränsad.&lt;/p&gt;&lt;br&gt;</p><p style='margin:0 0 1em'>&lt;p&gt;Upplev något nytt: Active Line Plus är den perfekta följeslagaren för jobbpendling och utflykter i och utanför staden. &lt;/p&gt;&lt;br&gt;</p><ul><li>Supertyst: Tillsammans med Active Line är det den tystaste drivenheten i Bosch‑sortimentet</li><li>50 Newtonmeter: Harmonisk och smidig assistans</li><li>Auto-läge: Automatisk anpassning av assistansen</li><li>Fotbroms: Komfortalternativ för elcyklar med navväxel</li></ul><p style='margin:0 0 1em'>I förpackningen: 1 st Drive Unit EB11100008, 1 st Logokåpa EB1120001L, 1 st Låsring 1270016489, 1 st O-ring 1270016107, 1 st Skruvsats 027500737, 1 st Bruks- och monteringsanvisning.</p><p style='margin:0 0 1em'>System: Det smarta systemet · Vikt: 3,922 kg · Artikelnummer: 2124195 · EAN: 4054289010195</p><p style='margin:0 0 1em'>Original Bosch eBike-reservdel. Beställningsvara som normalt når oss inom 5–10 dagar – vi hör av oss när den finns att hämta i butiken i Årsta, eller så skickar vi den hem till dig. Osäker på om delen passar din cykel? Mejla oss en bild på din display eller ditt batteri så hjälper vi dig.</p>";"8609";"25";"1";"0";"1";"1";"0";"https://raw.githubusercontent.com/erik859/cykelnatur-lokalt-lager/main/bosch-bilder/2124195.jpg";"1";"3922";"Original Bosch eBike-reservdel: Sats Drive Unit Active Line Plus (BDU3340). Beställningsvara hos Cykel & Natur i Årsta.";"Bosch Sats Drive Unit Active Line Plus - cykelnatur.se";"4054289010195"
"2124196";"Bosch Låsring (BDU4XX, BDU37YY, BDU31YY, BDU34YY, BDU38YY)";"Original Bosch eBike-reservdel: Låsring (BDU4XX, BDU37YY, BDU31YY, BDU34YY, BDU38YY).";"<ul><li>För montering av spindeln med kedjedrevet monterat</li><li>Dessutom behövs: O-ring 1270016119</li></ul><h3>Kompatibel med</h3><ul><li>BDU4XX</li><li>BDU37YY</li><li>BDU31YY</li><li>BDU38YY</li></ul><p style='margin:0 0 1em'>I förpackningen: 1 st Lockring.</p><p style='margin:0 0 1em'>System: Bosch eBike-system 2,Det smarta systemet · Vikt: 9 g · Artikelnummer: 2124196 · EAN: 4054289010799</p><p style='margin:0 0 1em'>Original Bosch eBike-reservdel. Beställningsvara som normalt når oss inom 5–10 dagar – vi hör av oss när den finns att hämta i butiken i Årsta, eller så skickar vi den hem till dig. Osäker på om delen passar din cykel? Mejla oss en bild på din display eller ditt batteri så hjälper vi dig.</p>";"95";"25";"1";"0";"1";"1";"0";"https://raw.githubusercontent.com/erik859/cykelnatur-lokalt-lager/main/bosch-bilder/2124196.jpg";"1";"9";"Original Bosch eBike-reservdel: Låsring (BDU4XX, BDU37YY, BDU31YY, BDU34YY, BDU38YY). Beställningsvara hos Cykel & Natur i Årsta.";"Bosch Låsring - cykelnatur.se";"4054289010799"
"2124198";"Bosch CompactTube 400 (EU) (BBP3242)";"Original Bosch eBike-reservdel: CompactTube 400 (EU) (BBP3242).";"<ul><li>En äkta energimästare: smal, integrerad, kompakt och med 400 wattimmar</li><li>CompactTube 400 med sin innovativa battericellsteknik ger den högsta energitätheten av alla Bosch eBike-batterier</li><li>Det extra lätta batteriet är det perfekta valet för sportiga och lätta eMTB-cyklar, minimalistiska eGravel-cyklar eller designorienterade eUrban-cyklar</li></ul><p style='margin:0 0 1em'>I förpackningen: 1 st CompactTube 400 (EU), 1 st Transportförpackning (godkänd för farligt gods), 1 st Bruksanvisning, Batteriet levereras UTAN skruvplattor.</p><p style='margin:0 0 1em'>System: Det smarta systemet · Mått: 35,2 x 5,7 x 7,5 cm · Vikt: 2,27 kg · Artikelnummer: 2124198 · EAN: 4054289010225</p><p style='margin:0 0 1em'>Original Bosch eBike-reservdel. Beställningsvara som normalt når oss inom 5–10 dagar – vi hör av oss när den finns att hämta i butiken i Årsta, eller så skickar vi den hem till dig. Osäker på om delen passar din cykel? Mejla oss en bild på din display eller ditt batteri så hjälper vi dig.</p>";"7329";"25";"1";"0";"1";"1";"0";"https://raw.githubusercontent.com/erik859/cykelnatur-lokalt-lager/main/bosch-bilder/2124198.jpg";"1";"2270";"Original Bosch eBike-reservdel: CompactTube 400 (EU) (BBP3242). Beställningsvara hos Cykel & Natur i Årsta.";"Bosch CompactTube 400 (EU) (BBP3242) - cykelnatur.se";"4054289010225"
"2124200";"Bosch Skyddslock för kabeln (BCH3030)";"Original Bosch eBike-reservdel: Skyddslock för kabeln (BCH3030).";"<ul><li>För Component Connector multikontaktkabelr</li><li>För Y-displaykabel</li></ul><p style='margin:0 0 1em'>I förpackningen: 1 st Skyddslock för kabeln.</p><p style='margin:0 0 1em'>System: Det smarta systemet · Vikt: 4 g · Artikelnummer: 2124200 · EAN: 4054289011031</p><p style='margin:0 0 1em'>Original Bosch eBike-reservdel. Beställningsvara som normalt når oss inom 5–10 dagar – vi hör av oss när den finns att hämta i butiken i Årsta, eller så skickar vi den hem till dig. Osäker på om delen passar din cykel? Mejla oss en bild på din display eller ditt batteri så hjälper vi dig.</p>";"23";"25";"1";"0";"1";"1";"0";"https://raw.githubusercontent.com/erik859/cykelnatur-lokalt-lager/main/bosch-bilder/2124200.jpg";"1";"4";"Original Bosch eBike-reservdel: Skyddslock för kabeln (BCH3030). Beställningsvara hos Cykel & Natur i Årsta.";"Bosch Skyddslock för kabeln (BCH3030) - cykelnatur.se";"4054289011031"
"2124201";"Bosch Hållare Intuvia 100, 25,4 mm";"Original Bosch eBike-reservdel: Hållare Intuvia 100, 25,4 mm.";"<p style='margin:0 0 1em'>I förpackningen: 1 st Hållararm EB1390000L, 1 st Monteringsplatta EB1310000N, 1 st Gummidistans EB1390000P, 1 st Skruv till monteringsplatta EB1390000W, 1 st Låsskruv EB1390000Y.</p><p style='margin:0 0 1em'>System: Det smarta systemet · Vikt: 33 g · Artikelnummer: 2124201 · EAN: 4054289011048</p><p style='margin:0 0 1em'>Original Bosch eBike-reservdel. Beställningsvara som normalt når oss inom 5–10 dagar – vi hör av oss när den finns att hämta i butiken i Årsta, eller så skickar vi den hem till dig. Osäker på om delen passar din cykel? Mejla oss en bild på din display eller ditt batteri så hjälper vi dig.</p>";"95";"25";"1";"0";"1";"1";"0";"https://raw.githubusercontent.com/erik859/cykelnatur-lokalt-lager/main/bosch-bilder/2124201.jpg";"1";"33";"Original Bosch eBike-reservdel: Hållare Intuvia 100, 25,4 mm. Beställningsvara hos Cykel & Natur i Årsta.";"Bosch Hållare Intuvia 100, 25,4 mm - cykelnatur.se";"4054289011048"
"2124202";"Bosch Hållare Intuvia 100, 31,8 mm";"Original Bosch eBike-reservdel: Hållare Intuvia 100, 31,8 mm.";"<p style='margin:0 0 1em'>I förpackningen: 1 st Hållararm EB1390000M, 1 st Monteringsplatta EB1310000N, 1 st Gummidistans EB1390000R, 1 st Skruv till monteringsplatta EB1390000W, 1 st Låsskruv EB1390000Y.</p><p style='margin:0 0 1em'>System: Det smarta systemet · Vikt: 36 g · Artikelnummer: 2124202 · EAN: 4054289011055</p><p style='margin:0 0 1em'>Original Bosch eBike-reservdel. Beställningsvara som normalt når oss inom 5–10 dagar – vi hör av oss när den finns att hämta i butiken i Årsta, eller så skickar vi den hem till dig. Osäker på om delen passar din cykel? Mejla oss en bild på din display eller ditt batteri så hjälper vi dig.</p>";"95";"25";"1";"0";"1";"1";"0";"https://raw.githubusercontent.com/erik859/cykelnatur-lokalt-lager/main/bosch-bilder/2124202.jpg";"1";"36";"Original Bosch eBike-reservdel: Hållare Intuvia 100, 31,8 mm. Beställningsvara hos Cykel & Natur i Årsta.";"Bosch Hållare Intuvia 100, 31,8 mm - cykelnatur.se";"4054289011055"
"2124203";"Bosch Hållare Intuvia 100, 35,0 mm";"Original Bosch eBike-reservdel: Hållare Intuvia 100, 35,0 mm.";"<p style='margin:0 0 1em'>I förpackningen: 1 st Hållararm EB1390000N, 1 st Monteringsplatta EB1310000N, 1 st Gummidistans EB1390000S, 1 st Skruv till monteringsplatta EB1390000W, 1 st Låsskruv EB1390000Y.</p><p style='margin:0 0 1em'>System: Det smarta systemet · Vikt: 37 g · Artikelnummer: 2124203 · EAN: 4054289011062</p><p style='margin:0 0 1em'>Original Bosch eBike-reservdel. Beställningsvara som normalt når oss inom 5–10 dagar – vi hör av oss när den finns att hämta i butiken i Årsta, eller så skickar vi den hem till dig. Osäker på om delen passar din cykel? Mejla oss en bild på din display eller ditt batteri så hjälper vi dig.</p>";"95";"25";"1";"0";"1";"1";"0";"https://raw.githubusercontent.com/erik859/cykelnatur-lokalt-lager/main/bosch-bilder/2124203.jpg";"1";"37";"Original Bosch eBike-reservdel: Hållare Intuvia 100, 35,0 mm. Beställningsvara hos Cykel & Natur i Årsta.";"Bosch Hållare Intuvia 100, 35,0 mm - cykelnatur.se";"4054289011062"
"2124204";"Bosch OEM Monteringsplatta Intuvia 100";"Original Bosch eBike-reservdel: OEM Monteringsplatta Intuvia 100.";"<p style='margin:0 0 1em'>&lt;h4&gt;Viktig produktinformation&lt;/h4&gt;&lt;br&gt;&lt;br&gt;&lt;p&gt;EB1310000P kan inte användas som efterföljare till monteringsplatta EB1310000N.&lt;br /&gt;&lt;br&gt;&lt;u&gt;Denna kan inte längre beställas som en enskild del.&lt;/u&gt;&lt;br /&gt;&lt;br&gt;Beställ därför kit hållare Intuvia 100 EB1310000L/EB1310000J/EB1310000M som ersättning för EB1310000N beroende på styrets diameter.&lt;/p&gt;&lt;br&gt;&lt;br&gt;&lt;p&gt;Fästmaterial ingår inte och är endast tillgängligt via OEM&lt;/p&gt;&lt;br&gt;</p><ul><li>För OEM-specifik montering</li></ul><p style='margin:0 0 1em'>I förpackningen: 1 st OEM Monteringsplatta Intuvia 100.</p><p style='margin:0 0 1em'>System: Det smarta systemet · Vikt: 9 g · Artikelnummer: 2124204 · EAN: 4054289011079</p><p style='margin:0 0 1em'>Original Bosch eBike-reservdel. Beställningsvara som normalt når oss inom 5–10 dagar – vi hör av oss när den finns att hämta i butiken i Årsta, eller så skickar vi den hem till dig. Osäker på om delen passar din cykel? Mejla oss en bild på din display eller ditt batteri så hjälper vi dig.</p>";"71";"25";"1";"0";"1";"1";"0";"https://raw.githubusercontent.com/erik859/cykelnatur-lokalt-lager/main/bosch-bilder/2124204.jpg";"1";"9";"Original Bosch eBike-reservdel: OEM Monteringsplatta Intuvia 100. Beställningsvara hos Cykel & Natur i Årsta.";"Bosch OEM Monteringsplatta Intuvia 100 - cykelnatur.se";"4054289011079"
"2124205";"Bosch Dämpningsfolie CompactTube 400 (BBP324Y)";"Original Bosch eBike-reservdel: Dämpningsfolie CompactTube 400 (BBP324Y).";"<ul><li>För lättare avtagning vid montering med stickkontakt/lås nedtill</li></ul><p style='margin:0 0 1em'>I förpackningen: 1 st Dämpningsfolie CompactTube 400.</p><p style='margin:0 0 1em'>System: Det smarta systemet · Vikt: 3 g · Artikelnummer: 2124205 · EAN: 4054289011093</p><p style='margin:0 0 1em'>Original Bosch eBike-reservdel. Beställningsvara som normalt når oss inom 5–10 dagar – vi hör av oss när den finns att hämta i butiken i Årsta, eller så skickar vi den hem till dig. Osäker på om delen passar din cykel? Mejla oss en bild på din display eller ditt batteri så hjälper vi dig.</p>";"23";"25";"1";"0";"1";"1";"0";"https://raw.githubusercontent.com/erik859/cykelnatur-lokalt-lager/main/bosch-bilder/2124205.jpg";"1";"3";"Original Bosch eBike-reservdel: Dämpningsfolie CompactTube 400 (BBP324Y). Beställningsvara hos Cykel & Natur i Årsta.";"Bosch Dämpningsfolie CompactTube 400 - cykelnatur.se";"4054289011093"
"2124206";"Bosch Klämhållare inkl. stift Purion 200";"Original Bosch eBike-reservdel: Klämhållare inkl. stift Purion 200.";"<p style='margin:0 0 1em'>I förpackningen: 1 st Klämhållare, 1 st Stift.</p><p style='margin:0 0 1em'>System: Det smarta systemet · Vikt: 3 g · Artikelnummer: 2124206 · EAN: 4054289011086</p><p style='margin:0 0 1em'>Original Bosch eBike-reservdel. Beställningsvara som normalt når oss inom 5–10 dagar – vi hör av oss när den finns att hämta i butiken i Årsta, eller så skickar vi den hem till dig. Osäker på om delen passar din cykel? Mejla oss en bild på din display eller ditt batteri så hjälper vi dig.</p>";"59";"25";"1";"0";"1";"1";"0";"https://raw.githubusercontent.com/erik859/cykelnatur-lokalt-lager/main/bosch-bilder/2124206.jpg";"1";"3";"Original Bosch eBike-reservdel: Klämhållare inkl. stift Purion 200. Beställningsvara hos Cykel & Natur i Årsta.";"Bosch Klämhållare inkl. stift Purion 200 - cykelnatur.se";"4054289011086"
"2124207";"Bosch Muttersats (BDU31YY, BDU34YY, BDU38YY)";"Original Bosch eBike-reservdel: Muttersats (BDU31YY, BDU34YY, BDU38YY).";"<ul><li>För rammontering</li></ul><p style='margin:0 0 1em'>I förpackningen: 2 st Mutter M8x1.</p><p style='margin:0 0 1em'>System: Det smarta systemet · Vikt: 24 g · Artikelnummer: 2124207 · EAN: 4054289010041</p><p style='margin:0 0 1em'>Original Bosch eBike-reservdel. Beställningsvara som normalt når oss inom 5–10 dagar – vi hör av oss när den finns att hämta i butiken i Årsta, eller så skickar vi den hem till dig. Osäker på om delen passar din cykel? Mejla oss en bild på din display eller ditt batteri så hjälper vi dig.</p>";"23";"25";"1";"0";"1";"1";"0";"https://raw.githubusercontent.com/erik859/cykelnatur-lokalt-lager/main/bosch-bilder/2124207.jpg";"1";"24";"Original Bosch eBike-reservdel: Muttersats (BDU31YY, BDU34YY, BDU38YY). Beställningsvara hos Cykel & Natur i Årsta.";"Bosch Muttersats (BDU31YY, BDU34YY, BDU38YY) - cykelnatur.se";"4054289010041"
"2124208";"Bosch Flaskhållare PowerMore 250 (BBP362Y)";"Original Bosch eBike-reservdel: Flaskhållare PowerMore 250 (BBP362Y).";"<p style='margin:0 0 1em'>I förpackningen: 1 st Flaskhållare PowerMore 250.</p><p style='margin:0 0 1em'>System: Det smarta systemet · Vikt: 120 g · Artikelnummer: 2124208 · EAN: 4054289010386</p><p style='margin:0 0 1em'>Original Bosch eBike-reservdel. Beställningsvara som normalt når oss inom 5–10 dagar – vi hör av oss när den finns att hämta i butiken i Årsta, eller så skickar vi den hem till dig. Osäker på om delen passar din cykel? Mejla oss en bild på din display eller ditt batteri så hjälper vi dig.</p>";"180";"25";"1";"0";"1";"1";"0";"https://raw.githubusercontent.com/erik859/cykelnatur-lokalt-lager/main/bosch-bilder/2124208.jpg";"1";"120";"Original Bosch eBike-reservdel: Flaskhållare PowerMore 250 (BBP362Y). Beställningsvara hos Cykel & Natur i Årsta.";"Bosch Flaskhållare PowerMore 250 (BBP362Y) - cykelnatur.se";"4054289010386"
"2124209";"Bosch PowerMore 250 kit (EU) (BBP3620)";"Aktuell leveranstid för nya beställningar 6 - 8 veckor";"<p style='margin:0 0 1em'>Aktuell leveranstid för nya beställningar 6 - 8 veckor</p><p style='margin:0 0 1em'>&lt;h4&gt;Viktig produktinformation&lt;/h4&gt;&lt;br&gt;&lt;br&gt;&lt;p&gt;&lt;strong&gt;Leveransinformation:&lt;/strong&gt;&lt;br /&gt;&lt;br&gt;Vi ser till att du alltid får framtidssäkra och normgodkända produkter. Just nu anpassas PowerMore 250 till de senaste kraven i den europeiska batteriförordningen. &lt;/p&gt;&lt;br&gt;</p><p style='margin:0 0 1em'>&lt;p&gt;PowerMore får endast användas om det finns ett godkännande från tillverkaren för den aktuella elcykeln, annars kan batteriet inte användas.&lt;/p&gt;&lt;br&gt;&lt;br&gt;&lt;p&gt;Via DiagnosticTool 3, displayen eller Flow-appen kan du kontrollera om det finns ett motsvarande godkännande.&lt;/p&gt;&lt;br&gt;&lt;br&gt;&lt;p&gt;Ytterligare information finns i &lt;a href=https://b2b.bosch-ebike.com/de/de/products/the-smart-system/batteries/batteries/&gt;Bosch eBike-partnerportalen&lt;/a&gt; eller i &lt;a href=https://www.bosch-ebike.com/de/help-center/ebw-powermore-retrofit/asset-asf-00963&gt;Help Center&lt;/a&gt; på Bosch eBikes webbplats. &lt;/p&gt;&lt;br&gt;</p><ul><li>Bärbar energireserv: PowerMore 250 är ett extrabatteri lika stort som en dricksflaska för ännu längre räckvidd</li><li>Den kompakta och 1,6 kg lätta räckviddsförlängaren kan enkelt fästas på vattenflaskhållaren.</li><li>Range Extender kan kombineras med PowerTubes och CompactTubes i det smarta systemet</li></ul><p style='margin:0 0 1em'>I förpackningen: 1 st PowerMore 250, 1 st Batterihållare PowerMore (EB1211001A), 1 st Flaskhållare (EB1210003W), 2 st M5x12 (EB1210005K), PowerMore Kit levereras UTAN batterikabel.</p><p style='margin:0 0 1em'>System: Det smarta systemet · Mått: 20 x 8,8 x 7,5 cm · Vikt: 2,19 kg · Artikelnummer: 2124209 · EAN: 4054289010928</p><p style='margin:0 0 1em'>Original Bosch eBike-reservdel. Beställningsvara som normalt når oss inom 5–10 dagar – vi hör av oss när den finns att hämta i butiken i Årsta, eller så skickar vi den hem till dig. Osäker på om delen passar din cykel? Mejla oss en bild på din display eller ditt batteri så hjälper vi dig.</p>";"5459";"25";"1";"0";"1";"1";"0";"https://raw.githubusercontent.com/erik859/cykelnatur-lokalt-lager/main/bosch-bilder/2124209.jpg";"1";"2190";"Aktuell leveranstid för nya beställningar 6 - 8 veckor Beställningsvara hos Cykel & Natur i Årsta.";"Bosch PowerMore 250 kit (EU) (BBP3620) - cykelnatur.se";"4054289010928"
"2124212";"Bosch Batterihållare PowerMore 250 (BBP362Y)";"Original Bosch eBike-reservdel: Batterihållare PowerMore 250 (BBP362Y).";"<p style='margin:0 0 1em'>I förpackningen: 1 st Batterihållare PowerMore 250.</p><p style='margin:0 0 1em'>System: Det smarta systemet · Vikt: 40 g · Artikelnummer: 2124212 · EAN: 4054289010362</p><p style='margin:0 0 1em'>Original Bosch eBike-reservdel. Beställningsvara som normalt når oss inom 5–10 dagar – vi hör av oss när den finns att hämta i butiken i Årsta, eller så skickar vi den hem till dig. Osäker på om delen passar din cykel? Mejla oss en bild på din display eller ditt batteri så hjälper vi dig.</p>";"105";"25";"1";"0";"1";"1";"0";"https://raw.githubusercontent.com/erik859/cykelnatur-lokalt-lager/main/bosch-bilder/2124212.jpg";"1";"40";"Original Bosch eBike-reservdel: Batterihållare PowerMore 250 (BBP362Y). Beställningsvara hos Cykel & Natur i Årsta.";"Bosch Batterihållare PowerMore 250 (BBP362Y) - cykelnatur.se";"4054289010362"
"2124213";"Bosch Skruvsats PowerMore 250 (BBP362Y)";"Original Bosch eBike-reservdel: Skruvsats PowerMore 250 (BBP362Y).";"<p style='margin:0 0 1em'>I förpackningen: 1 st Skruvsats PowerMore 250.</p><p style='margin:0 0 1em'>System: Det smarta systemet · Vikt: 6 g · Artikelnummer: 2124213 · EAN: 4054289010379</p><p style='margin:0 0 1em'>Original Bosch eBike-reservdel. Beställningsvara som normalt når oss inom 5–10 dagar – vi hör av oss när den finns att hämta i butiken i Årsta, eller så skickar vi den hem till dig. Osäker på om delen passar din cykel? Mejla oss en bild på din display eller ditt batteri så hjälper vi dig.</p>";"23";"25";"1";"0";"1";"1";"0";"https://raw.githubusercontent.com/erik859/cykelnatur-lokalt-lager/main/bosch-bilder/2124213.jpg";"1";"6";"Original Bosch eBike-reservdel: Skruvsats PowerMore 250 (BBP362Y). Beställningsvara hos Cykel & Natur i Årsta.";"Bosch Skruvsats PowerMore 250 (BBP362Y) - cykelnatur.se";"4054289010379"
"2124214";"Bosch PowerMore-kabel, kabeldragning mot batterihållaren, 50 mm (BCH3923_50)";"Original Bosch eBike-reservdel: PowerMore-kabel, kabeldragning mot batterihållaren, 50 mm (BCH3923_50).";"<p style='margin:0 0 1em'>I förpackningen: 1 st PowerMore-kabel, 50 mm.</p><p style='margin:0 0 1em'>System: Det smarta systemet · Vikt: 50 g · Artikelnummer: 2124214 · EAN: 4054289010393</p><p style='margin:0 0 1em'>Original Bosch eBike-reservdel. Beställningsvara som normalt når oss inom 5–10 dagar – vi hör av oss när den finns att hämta i butiken i Årsta, eller så skickar vi den hem till dig. Osäker på om delen passar din cykel? Mejla oss en bild på din display eller ditt batteri så hjälper vi dig.</p>";"340";"25";"1";"0";"1";"1";"0";"https://raw.githubusercontent.com/erik859/cykelnatur-lokalt-lager/main/bosch-bilder/2124214.jpg";"1";"50";"Original Bosch eBike-reservdel: PowerMore-kabel, kabeldragning mot batterihållaren, 50 mm (BCH3923_50). Beställningsvara hos Cykel & Natur i Årsta.";"Bosch PowerMore-kabel, kabeldragning mot - cykelnatur.se";"4054289010393"
"2124215";"Bosch PowerMore-kabel, kabeldragning mot batterihållaren, 100 mm (BCH3923_100)";"Original Bosch eBike-reservdel: PowerMore-kabel, kabeldragning mot batterihållaren, 100 mm (BCH3923_100).";"<p style='margin:0 0 1em'>I förpackningen: 1 st PowerMore-kabel, 100 mm.</p><p style='margin:0 0 1em'>System: Det smarta systemet · Vikt: 60 g · Artikelnummer: 2124215 · EAN: 4054289010409</p><p style='margin:0 0 1em'>Original Bosch eBike-reservdel. Beställningsvara som normalt når oss inom 5–10 dagar – vi hör av oss när den finns att hämta i butiken i Årsta, eller så skickar vi den hem till dig. Osäker på om delen passar din cykel? Mejla oss en bild på din display eller ditt batteri så hjälper vi dig.</p>";"340";"25";"1";"0";"1";"1";"0";"https://raw.githubusercontent.com/erik859/cykelnatur-lokalt-lager/main/bosch-bilder/2124215.jpg";"1";"60";"Original Bosch eBike-reservdel: PowerMore-kabel, kabeldragning mot batterihållaren, 100 mm (BCH3923_100). Beställningsvara hos Cykel & Natur i Årsta.";"Bosch PowerMore-kabel 2124215 - cykelnatur.se";"4054289010409"
"2124216";"Bosch PowerMore-kabel, kabeldragning mot batterihållaren, 150 mm (BCH3923_150)";"Original Bosch eBike-reservdel: PowerMore-kabel, kabeldragning mot batterihållaren, 150 mm (BCH3923_150).";"<p style='margin:0 0 1em'>I förpackningen: 1 st PowerMore-kabel, 150 mm.</p><p style='margin:0 0 1em'>System: Det smarta systemet · Vikt: 60 g · Artikelnummer: 2124216 · EAN: 4054289010416</p><p style='margin:0 0 1em'>Original Bosch eBike-reservdel. Beställningsvara som normalt når oss inom 5–10 dagar – vi hör av oss när den finns att hämta i butiken i Årsta, eller så skickar vi den hem till dig. Osäker på om delen passar din cykel? Mejla oss en bild på din display eller ditt batteri så hjälper vi dig.</p>";"340";"25";"1";"0";"1";"1";"0";"https://raw.githubusercontent.com/erik859/cykelnatur-lokalt-lager/main/bosch-bilder/2124216.jpg";"1";"60";"Original Bosch eBike-reservdel: PowerMore-kabel, kabeldragning mot batterihållaren, 150 mm (BCH3923_150). Beställningsvara hos Cykel & Natur i Årsta.";"Bosch PowerMore-kabel 2124216 - cykelnatur.se";"4054289010416"
"2124217";"Bosch PowerMore-kabel, kabeldragning mot batterihållaren, 300 mm (BCH3923_300)";"Original Bosch eBike-reservdel: PowerMore-kabel, kabeldragning mot batterihållaren, 300 mm (BCH3923_300).";"<p style='margin:0 0 1em'>I förpackningen: 1 st PowerMore-kabel, 300 mm.</p><p style='margin:0 0 1em'>System: Det smarta systemet · Vikt: 70 g · Artikelnummer: 2124217 · EAN: 4054289010423</p><p style='margin:0 0 1em'>Original Bosch eBike-reservdel. Beställningsvara som normalt når oss inom 5–10 dagar – vi hör av oss när den finns att hämta i butiken i Årsta, eller så skickar vi den hem till dig. Osäker på om delen passar din cykel? Mejla oss en bild på din display eller ditt batteri så hjälper vi dig.</p>";"340";"25";"1";"0";"1";"1";"0";"https://raw.githubusercontent.com/erik859/cykelnatur-lokalt-lager/main/bosch-bilder/2124217.jpg";"1";"70";"Original Bosch eBike-reservdel: PowerMore-kabel, kabeldragning mot batterihållaren, 300 mm (BCH3923_300). Beställningsvara hos Cykel & Natur i Årsta.";"Bosch PowerMore-kabel 2124217 - cykelnatur.se";"4054289010423"
"2124218";"Bosch PowerMore-kabel, kabeldragning mot batterihållaren, 550 mm (BCH3923_550)";"Original Bosch eBike-reservdel: PowerMore-kabel, kabeldragning mot batterihållaren, 550 mm (BCH3923_550).";"<p style='margin:0 0 1em'>I förpackningen: 1 st PowerMore-kabel, 550 mm.</p><p style='margin:0 0 1em'>System: Det smarta systemet · Vikt: 84 g · Artikelnummer: 2124218 · EAN: 4054289010430</p><p style='margin:0 0 1em'>Original Bosch eBike-reservdel. Beställningsvara som normalt når oss inom 5–10 dagar – vi hör av oss när den finns att hämta i butiken i Årsta, eller så skickar vi den hem till dig. Osäker på om delen passar din cykel? Mejla oss en bild på din display eller ditt batteri så hjälper vi dig.</p>";"395";"25";"1";"0";"1";"1";"0";"https://raw.githubusercontent.com/erik859/cykelnatur-lokalt-lager/main/bosch-bilder/2124218.jpg";"1";"84";"Original Bosch eBike-reservdel: PowerMore-kabel, kabeldragning mot batterihållaren, 550 mm (BCH3923_550). Beställningsvara hos Cykel & Natur i Årsta.";"Bosch PowerMore-kabel 2124218 - cykelnatur.se";"4054289010430"
"2124219";"Bosch PowerMore-kabel, kabeldragning mot batterihållaren, 750 mm (BCH3923_750)";"Original Bosch eBike-reservdel: PowerMore-kabel, kabeldragning mot batterihållaren, 750 mm (BCH3923_750).";"<p style='margin:0 0 1em'>I förpackningen: 1 st PowerMore-kabel, 750 mm.</p><p style='margin:0 0 1em'>System: Det smarta systemet · Vikt: 90 g · Artikelnummer: 2124219 · EAN: 4054289010447</p><p style='margin:0 0 1em'>Original Bosch eBike-reservdel. Beställningsvara som normalt når oss inom 5–10 dagar – vi hör av oss när den finns att hämta i butiken i Årsta, eller så skickar vi den hem till dig. Osäker på om delen passar din cykel? Mejla oss en bild på din display eller ditt batteri så hjälper vi dig.</p>";"395";"25";"1";"0";"1";"1";"0";"https://raw.githubusercontent.com/erik859/cykelnatur-lokalt-lager/main/bosch-bilder/2124219.jpg";"1";"90";"Original Bosch eBike-reservdel: PowerMore-kabel, kabeldragning mot batterihållaren, 750 mm (BCH3923_750). Beställningsvara hos Cykel & Natur i Årsta.";"Bosch PowerMore-kabel 2124219 - cykelnatur.se";"4054289010447"
"2124220";"Bosch PowerMore-kabel, kabeldragning från batterihållaren, 50 mm (BCH3925_50)";"Original Bosch eBike-reservdel: PowerMore-kabel, kabeldragning från batterihållaren, 50 mm (BCH3925_50).";"<p style='margin:0 0 1em'>I förpackningen: 1 st PowerMore-kabel, 50 mm.</p><p style='margin:0 0 1em'>System: Det smarta systemet · Vikt: 50 g · Artikelnummer: 2124220 · EAN: 4054289010454</p><p style='margin:0 0 1em'>Original Bosch eBike-reservdel. Beställningsvara som normalt når oss inom 5–10 dagar – vi hör av oss när den finns att hämta i butiken i Årsta, eller så skickar vi den hem till dig. Osäker på om delen passar din cykel? Mejla oss en bild på din display eller ditt batteri så hjälper vi dig.</p>";"340";"25";"1";"0";"1";"1";"0";"https://raw.githubusercontent.com/erik859/cykelnatur-lokalt-lager/main/bosch-bilder/2124220.jpg";"1";"50";"Original Bosch eBike-reservdel: PowerMore-kabel, kabeldragning från batterihållaren, 50 mm (BCH3925_50). Beställningsvara hos Cykel & Natur i Årsta.";"Bosch PowerMore-kabel, kabeldragning från - cykelnatur.se";"4054289010454"
"2124221";"Bosch PowerMore-kabel, kabeldragning från batterihållaren, 100 mm (BCH3925_100)";"Original Bosch eBike-reservdel: PowerMore-kabel, kabeldragning från batterihållaren, 100 mm (BCH3925_100).";"<p style='margin:0 0 1em'>I förpackningen: 1 st PowerMore-kabel, 100 mm.</p><p style='margin:0 0 1em'>System: Det smarta systemet · Vikt: 60 g · Artikelnummer: 2124221 · EAN: 4054289010461</p><p style='margin:0 0 1em'>Original Bosch eBike-reservdel. Beställningsvara som normalt når oss inom 5–10 dagar – vi hör av oss när den finns att hämta i butiken i Årsta, eller så skickar vi den hem till dig. Osäker på om delen passar din cykel? Mejla oss en bild på din display eller ditt batteri så hjälper vi dig.</p>";"340";"25";"1";"0";"1";"1";"0";"https://raw.githubusercontent.com/erik859/cykelnatur-lokalt-lager/main/bosch-bilder/2124221.jpg";"1";"60";"Original Bosch eBike-reservdel: PowerMore-kabel, kabeldragning från batterihållaren, 100 mm (BCH3925_100). Beställningsvara hos Cykel & Natur i Årsta.";"Bosch PowerMore-kabel 2124221 - cykelnatur.se";"4054289010461"
"2124222";"Bosch PowerMore-kabel, kabeldragning från batterihållaren, 150 mm (BCH3925_150)";"Original Bosch eBike-reservdel: PowerMore-kabel, kabeldragning från batterihållaren, 150 mm (BCH3925_150).";"<p style='margin:0 0 1em'>I förpackningen: 1 st PowerMore-kabel, 150 mm.</p><p style='margin:0 0 1em'>System: Det smarta systemet · Vikt: 60 g · Artikelnummer: 2124222 · EAN: 4054289010478</p><p style='margin:0 0 1em'>Original Bosch eBike-reservdel. Beställningsvara som normalt når oss inom 5–10 dagar – vi hör av oss när den finns att hämta i butiken i Årsta, eller så skickar vi den hem till dig. Osäker på om delen passar din cykel? Mejla oss en bild på din display eller ditt batteri så hjälper vi dig.</p>";"340";"25";"1";"0";"1";"1";"0";"https://raw.githubusercontent.com/erik859/cykelnatur-lokalt-lager/main/bosch-bilder/2124222.jpg";"1";"60";"Original Bosch eBike-reservdel: PowerMore-kabel, kabeldragning från batterihållaren, 150 mm (BCH3925_150). Beställningsvara hos Cykel & Natur i Årsta.";"Bosch PowerMore-kabel 2124222 - cykelnatur.se";"4054289010478"
"2124223";"Bosch PowerPack 400 Rack (EU) (BBP3340)";"Original Bosch eBike-reservdel: PowerPack 400 Rack (EU) (BBP3340).";"<ul><li>Rack-varianter av PowerPacks sitter på eller under pakethållaren</li><li>För elcyklar med lågt insteg har denna batteriplacering sina fördelar – t.ex. större frihet vid på- och avstigning</li><li>Tack vare den höga placeringen på elcykeln är det dessutom lätt och bekvämt att sätta dit och ta bort de kraftfulla batterierna</li><li>Det större avståndet till marken skyddar dem dessutom från vattenstänk och stenskott</li></ul><p style='margin:0 0 1em'>I förpackningen: 1 st PowerPack 400 Rack (EU), 1 st Transportförpackning (godkänd för farligt gods), 1 st Bruksanvisning.</p><p style='margin:0 0 1em'>System: Det smarta systemet · Mått: 48 x 6,9 x 12 cm · Vikt: 3,06 kg · Artikelnummer: 2124223 · EAN: 4054289010591</p><p style='margin:0 0 1em'>Original Bosch eBike-reservdel. Beställningsvara som normalt når oss inom 5–10 dagar – vi hör av oss när den finns att hämta i butiken i Årsta, eller så skickar vi den hem till dig. Osäker på om delen passar din cykel? Mejla oss en bild på din display eller ditt batteri så hjälper vi dig.</p>";"7209";"25";"1";"0";"1";"1";"0";"https://raw.githubusercontent.com/erik859/cykelnatur-lokalt-lager/main/bosch-bilder/2124223.jpg";"1";"3060";"Original Bosch eBike-reservdel: PowerPack 400 Rack (EU) (BBP3340). Beställningsvara hos Cykel & Natur i Årsta.";"Bosch PowerPack 400 Rack (EU) (BBP3340) - cykelnatur.se";"4054289010591"
"2124224";"Bosch PowerPack 500 Rack (EU) (BBP3350)";"Original Bosch eBike-reservdel: PowerPack 500 Rack (EU) (BBP3350).";"<ul><li>Rack-varianter av PowerPacks sitter på eller under pakethållaren</li><li>För elcyklar med lågt insteg har denna batteriplacering sina fördelar – t.ex. större frihet vid på- och avstigning</li><li>Tack vare den höga placeringen på elcykeln är det dessutom lätt och bekvämt att sätta dit och ta bort de kraftfulla batterierna</li><li>Det större avståndet till marken skyddar dem dessutom från vattenstänk och stenskott</li></ul><p style='margin:0 0 1em'>I förpackningen: 1 st PowerPack 500 Rack (EU), 1 st Transportförpackning (godkänd för farligt gods), 1 st Bruksanvisning.</p><p style='margin:0 0 1em'>System: Det smarta systemet · Mått: 48 x 6,9 x 12 cm · Vikt: 3,2 kg · Artikelnummer: 2124224 · EAN: 4054289010614</p><p style='margin:0 0 1em'>Original Bosch eBike-reservdel. Beställningsvara som normalt når oss inom 5–10 dagar – vi hör av oss när den finns att hämta i butiken i Årsta, eller så skickar vi den hem till dig. Osäker på om delen passar din cykel? Mejla oss en bild på din display eller ditt batteri så hjälper vi dig.</p>";"8839";"25";"1";"0";"1";"1";"0";"https://raw.githubusercontent.com/erik859/cykelnatur-lokalt-lager/main/bosch-bilder/2124224.jpg";"1";"3200";"Original Bosch eBike-reservdel: PowerPack 500 Rack (EU) (BBP3350). Beställningsvara hos Cykel & Natur i Årsta.";"Bosch PowerPack 500 Rack (EU) (BBP3350) - cykelnatur.se";"4054289010614"
"2124227";"Bosch Styrskena för pakethållarbatteri PowerPack 400/500 Rack (BBP33YY)";"Original Bosch eBike-reservdel: Styrskena för pakethållarbatteri PowerPack 400/500 Rack (BBP33YY).";"<p style='margin:0 0 1em'>I förpackningen: 1 st Styrskena för pakethållarbatteri PowerPack 400/500 Rack.</p><p style='margin:0 0 1em'>System: Det smarta systemet · Vikt: 136 g · Artikelnummer: 2124227 · EAN: 4054289010652</p><p style='margin:0 0 1em'>Original Bosch eBike-reservdel. Beställningsvara som normalt når oss inom 5–10 dagar – vi hör av oss när den finns att hämta i butiken i Årsta, eller så skickar vi den hem till dig. Osäker på om delen passar din cykel? Mejla oss en bild på din display eller ditt batteri så hjälper vi dig.</p>";"215";"25";"1";"0";"1";"1";"0";"https://raw.githubusercontent.com/erik859/cykelnatur-lokalt-lager/main/bosch-bilder/2124227.jpg";"1";"136";"Original Bosch eBike-reservdel: Styrskena för pakethållarbatteri PowerPack 400/500 Rack (BBP33YY). Beställningsvara hos Cykel & Natur i Årsta.";"Bosch Styrskena för 2124227 - cykelnatur.se";"4054289010652"
"2124228";"Bosch Skruvsats PowerPack 400/500 Rack (BBP33YY)";"Original Bosch eBike-reservdel: Skruvsats PowerPack 400/500 Rack (BBP33YY).";"<p style='margin:0 0 1em'>I förpackningen: 2 st Skruv 3,5x42, 1 st Skruv 3,5x12.</p><p style='margin:0 0 1em'>System: Det smarta systemet · Vikt: 7 g · Artikelnummer: 2124228 · EAN: 4054289010942</p><p style='margin:0 0 1em'>Original Bosch eBike-reservdel. Beställningsvara som normalt når oss inom 5–10 dagar – vi hör av oss när den finns att hämta i butiken i Årsta, eller så skickar vi den hem till dig. Osäker på om delen passar din cykel? Mejla oss en bild på din display eller ditt batteri så hjälper vi dig.</p>";"23";"25";"1";"0";"1";"1";"0";"https://raw.githubusercontent.com/erik859/cykelnatur-lokalt-lager/main/bosch-bilder/2124228.jpg";"1";"7";"Original Bosch eBike-reservdel: Skruvsats PowerPack 400/500 Rack (BBP33YY). Beställningsvara hos Cykel & Natur i Årsta.";"Bosch Skruvsats PowerPack 400/500 Rack - cykelnatur.se";"4054289010942"
"2124229";"Bosch Kåphölje PowerPack 400/500 Rack (BBP33YY)";"Original Bosch eBike-reservdel: Kåphölje PowerPack 400/500 Rack (BBP33YY).";"<p style='margin:0 0 1em'>I förpackningen: 1 st Kåphölje PowerPack 400/500 Rack.</p><p style='margin:0 0 1em'>System: Det smarta systemet · Vikt: 40 g · Artikelnummer: 2124229 · EAN: 4054289010669</p><p style='margin:0 0 1em'>Original Bosch eBike-reservdel. Beställningsvara som normalt når oss inom 5–10 dagar – vi hör av oss när den finns att hämta i butiken i Årsta, eller så skickar vi den hem till dig. Osäker på om delen passar din cykel? Mejla oss en bild på din display eller ditt batteri så hjälper vi dig.</p>";"35";"25";"1";"0";"1";"1";"0";"https://raw.githubusercontent.com/erik859/cykelnatur-lokalt-lager/main/bosch-bilder/2124229.jpg";"1";"40";"Original Bosch eBike-reservdel: Kåphölje PowerPack 400/500 Rack (BBP33YY). Beställningsvara hos Cykel & Natur i Årsta.";"Bosch Kåphölje PowerPack 400/500 Rack - cykelnatur.se";"4054289010669"
"2124230";"Bosch Skyddslock för ladduttag PowerPack 400/500 Rack (BBP33YY)";"Original Bosch eBike-reservdel: Skyddslock för ladduttag PowerPack 400/500 Rack (BBP33YY).";"<p style='margin:0 0 1em'>I förpackningen: 1 st Skyddslock för ladduttag PowerPack 400/500 Rack.</p><p style='margin:0 0 1em'>System: Det smarta systemet · Vikt: 7 g · Artikelnummer: 2124230 · EAN: 4054289010676</p><p style='margin:0 0 1em'>Original Bosch eBike-reservdel. Beställningsvara som normalt når oss inom 5–10 dagar – vi hör av oss när den finns att hämta i butiken i Årsta, eller så skickar vi den hem till dig. Osäker på om delen passar din cykel? Mejla oss en bild på din display eller ditt batteri så hjälper vi dig.</p>";"23";"25";"1";"0";"1";"1";"0";"https://raw.githubusercontent.com/erik859/cykelnatur-lokalt-lager/main/bosch-bilder/2124230.jpg";"1";"7";"Original Bosch eBike-reservdel: Skyddslock för ladduttag PowerPack 400/500 Rack (BBP33YY). Beställningsvara hos Cykel & Natur i Årsta.";"Bosch Skyddslock för ladduttag PowerPack - cykelnatur.se";"4054289010676"
"2124231";"Bosch Dämpningselement PowerPack 400/500 Rack (BBP33YY)";"Original Bosch eBike-reservdel: Dämpningselement PowerPack 400/500 Rack (BBP33YY).";"<p style='margin:0 0 1em'>I förpackningen: 1 st Dämpningselement PowerPack 400/500 Rack.</p><p style='margin:0 0 1em'>System: Det smarta systemet · Vikt: 7 g · Artikelnummer: 2124231 · EAN: 4054289010683</p><p style='margin:0 0 1em'>Original Bosch eBike-reservdel. Beställningsvara som normalt når oss inom 5–10 dagar – vi hör av oss när den finns att hämta i butiken i Årsta, eller så skickar vi den hem till dig. Osäker på om delen passar din cykel? Mejla oss en bild på din display eller ditt batteri så hjälper vi dig.</p>";"23";"25";"1";"0";"1";"1";"0";"https://raw.githubusercontent.com/erik859/cykelnatur-lokalt-lager/main/bosch-bilder/2124231.jpg";"1";"7";"Original Bosch eBike-reservdel: Dämpningselement PowerPack 400/500 Rack (BBP33YY). Beställningsvara hos Cykel & Natur i Årsta.";"Bosch Dämpningselement PowerPack 400/500 - cykelnatur.se";"4054289010683"
"2124232";"Bosch Genomföring för batterikabel PowerPack 400/500 Rack (BBP33YY)";"Original Bosch eBike-reservdel: Genomföring för batterikabel PowerPack 400/500 Rack (BBP33YY).";"<p style='margin:0 0 1em'>I förpackningen: 1 st Genomföring för batterikabel PowerPack 400/500 Rack.</p><p style='margin:0 0 1em'>System: Det smarta systemet · Vikt: 7 g · Artikelnummer: 2124232 · EAN: 4054289010690</p><p style='margin:0 0 1em'>Original Bosch eBike-reservdel. Beställningsvara som normalt når oss inom 5–10 dagar – vi hör av oss när den finns att hämta i butiken i Årsta, eller så skickar vi den hem till dig. Osäker på om delen passar din cykel? Mejla oss en bild på din display eller ditt batteri så hjälper vi dig.</p>";"23";"25";"1";"0";"1";"1";"0";"https://raw.githubusercontent.com/erik859/cykelnatur-lokalt-lager/main/bosch-bilder/2124232.jpg";"1";"7";"Original Bosch eBike-reservdel: Genomföring för batterikabel PowerPack 400/500 Rack (BBP33YY). Beställningsvara hos Cykel & Natur i Årsta.";"Bosch Genomföring för batterikabel - cykelnatur.se";"4054289010690"
"2124233";"Bosch Y-kabel, 800 mm (BCH3614_800)";"Original Bosch eBike-reservdel: Y-kabel, 800 mm (BCH3614_800).";"<p style='margin:0 0 1em'>&lt;h4&gt;Viktig produktinformation&lt;/h4&gt;&lt;br&gt;&lt;br&gt;&lt;p&gt;Vid eftermontering av en display (Purion 400, Kiox 300, Kiox 500, SmartphoneGrip) med Y-kabelmontering ska en blindplugg (EB11900002) beställas separat för att försluta den displayport på displayfästet/Purion 400 som inte används.&lt;/p&gt;</p><h3>Passar för</h3><ul><li>BRC3100</li><li>BRC3200</li><li>BDS32YY</li><li>BHU3500</li></ul><p style='margin:0 0 1em'>I förpackningen: 1 st Y-kabel, 800 mm.</p><p style='margin:0 0 1em'>System: Det smarta systemet · Vikt: 30 g · Artikelnummer: 2124233 · EAN: 4054289011017</p><p style='margin:0 0 1em'>Original Bosch eBike-reservdel. Beställningsvara som normalt når oss inom 5–10 dagar – vi hör av oss när den finns att hämta i butiken i Årsta, eller så skickar vi den hem till dig. Osäker på om delen passar din cykel? Mejla oss en bild på din display eller ditt batteri så hjälper vi dig.</p>";"340";"25";"1";"0";"1";"1";"0";"https://raw.githubusercontent.com/erik859/cykelnatur-lokalt-lager/main/bosch-bilder/2124233.jpg";"1";"30";"Original Bosch eBike-reservdel: Y-kabel, 800 mm (BCH3614_800). Beställningsvara hos Cykel & Natur i Årsta.";"Bosch Y-kabel, 800 mm (BCH3614_800) - cykelnatur.se";"4054289011017"
"2124234";"Bosch Y-kabel, 950 mm (BCH3614_950)";"Original Bosch eBike-reservdel: Y-kabel, 950 mm (BCH3614_950).";"<p style='margin:0 0 1em'>&lt;h4&gt;Viktig produktinformation&lt;/h4&gt;&lt;br&gt;&lt;br&gt;&lt;p&gt;Vid eftermontering av en display (Purion 400, Kiox 300, Kiox 500, SmartphoneGrip) med Y-kabelmontering ska en blindplugg (EB11900002) beställas separat för att försluta den displayport på displayfästet/Purion 400 som inte används.&lt;/p&gt;&lt;br&gt;</p><h3>Passar för</h3><ul><li>BRC3100</li><li>BRC3200</li><li>BDS32YY</li><li>BHU3500</li></ul><p style='margin:0 0 1em'>I förpackningen: 1 st Y-kabel, 950 mm.</p><p style='margin:0 0 1em'>System: Det smarta systemet · Vikt: 30 g · Artikelnummer: 2124234 · EAN: 4054289011000</p><p style='margin:0 0 1em'>Original Bosch eBike-reservdel. Beställningsvara som normalt når oss inom 5–10 dagar – vi hör av oss när den finns att hämta i butiken i Årsta, eller så skickar vi den hem till dig. Osäker på om delen passar din cykel? Mejla oss en bild på din display eller ditt batteri så hjälper vi dig.</p>";"340";"25";"1";"0";"1";"1";"0";"https://raw.githubusercontent.com/erik859/cykelnatur-lokalt-lager/main/bosch-bilder/2124234.jpg";"1";"30";"Original Bosch eBike-reservdel: Y-kabel, 950 mm (BCH3614_950). Beställningsvara hos Cykel & Natur i Årsta.";"Bosch Y-kabel, 950 mm (BCH3614_950) - cykelnatur.se";"4054289011000"
"2124237";"Bosch PowerPack 400 Frame (EU) (BBP3540)";"Original Bosch eBike-reservdel: PowerPack 400 Frame (EU) (BBP3540).";"<ul><li>PowerPack Frame-modellerna monteras vanligtvis på utsidan av ramen, på sadelröret eller underröret</li><li>Med bärhandtaget är de lätta att ta bort och bekväma att bära</li><li>Rambatterier sitter nära cykelns tyngdpunkt: Detta har en positiv effekt på köregenskaperna</li><li>Eftersom alla PowerPack Frame-varianter för det smarta systemet har samma fäste kan du – förutsatt att geometrin på din elcykel tillåter det – enkelt sätta dit ett annat batteri</li></ul><p style='margin:0 0 1em'>I förpackningen: 1 st PowerPack 400 Frame (EU), 1 st Transportförpackning (godkänd för farligt gods), 1 st Bruksanvisning.</p><p style='margin:0 0 1em'>System: Det smarta systemet · Mått: 336 x 91 x 62 mm · Vikt: 2,51 kg · Artikelnummer: 2124237 · EAN: 4054289008451</p><p style='margin:0 0 1em'>Original Bosch eBike-reservdel. Beställningsvara som normalt når oss inom 5–10 dagar – vi hör av oss när den finns att hämta i butiken i Årsta, eller så skickar vi den hem till dig. Osäker på om delen passar din cykel? Mejla oss en bild på din display eller ditt batteri så hjälper vi dig.</p>";"6979";"25";"1";"0";"1";"1";"0";"https://raw.githubusercontent.com/erik859/cykelnatur-lokalt-lager/main/bosch-bilder/2124237.jpg";"1";"2510";"Original Bosch eBike-reservdel: PowerPack 400 Frame (EU) (BBP3540). Beställningsvara hos Cykel & Natur i Årsta.";"Bosch PowerPack 400 Frame (EU) (BBP3540) - cykelnatur.se";"4054289008451"
"2124252";"Bosch ABS-kabel, 2100 mm (BCH3622_2100)";"Original Bosch eBike-reservdel: ABS-kabel, 2100 mm (BCH3622_2100).";"<h3>Kompatibel med</h3><ul><li>BAS33YY</li></ul><p style='margin:0 0 1em'>I förpackningen: 1 st ABS-kabel, 2100 mm.</p><p style='margin:0 0 1em'>System: Det smarta systemet · Vikt: 30 g · Artikelnummer: 2124252 · EAN: 4054289010829</p><p style='margin:0 0 1em'>Original Bosch eBike-reservdel. Beställningsvara som normalt når oss inom 5–10 dagar – vi hör av oss när den finns att hämta i butiken i Årsta, eller så skickar vi den hem till dig. Osäker på om delen passar din cykel? Mejla oss en bild på din display eller ditt batteri så hjälper vi dig.</p>";"485";"25";"1";"0";"1";"1";"0";"https://raw.githubusercontent.com/erik859/cykelnatur-lokalt-lager/main/bosch-bilder/2124252.jpg";"1";"30";"Original Bosch eBike-reservdel: ABS-kabel, 2100 mm (BCH3622_2100). Beställningsvara hos Cykel & Natur i Årsta.";"Bosch ABS-kabel, 2100 mm (BCH3622_2100) - cykelnatur.se";"4054289010829"
"2124393";"Bosch Monteringsadapter (BDU31YY, BDU34YY, BDU38YY)";"Original Bosch eBike-reservdel: Monteringsadapter (BDU31YY, BDU34YY, BDU38YY).";"<ul><li>Adapter för brett ramgränssnitt</li></ul><p style='margin:0 0 1em'>I förpackningen: 1 st Adapter.</p><p style='margin:0 0 1em'>System: Det smarta systemet · Vikt: 26 g · Artikelnummer: 2124393 · EAN: 4054289011550</p><p style='margin:0 0 1em'>Original Bosch eBike-reservdel. Beställningsvara som normalt når oss inom 5–10 dagar – vi hör av oss när den finns att hämta i butiken i Årsta, eller så skickar vi den hem till dig. Osäker på om delen passar din cykel? Mejla oss en bild på din display eller ditt batteri så hjälper vi dig.</p>";"93";"25";"1";"0";"1";"1";"0";"https://raw.githubusercontent.com/erik859/cykelnatur-lokalt-lager/main/bosch-bilder/2124393.jpg";"1";"26";"Original Bosch eBike-reservdel: Monteringsadapter (BDU31YY, BDU34YY, BDU38YY). Beställningsvara hos Cykel & Natur i Årsta.";"Bosch Monteringsadapter - cykelnatur.se";"4054289011550"
"2124397";"Bosch ABS Pro-styrenhet MAGURA (BAS3511)";"För MAGURA hydrauliska bromssystem";"<p style='margin:0 0 1em'>&lt;h4&gt;Viktig produktinformation&lt;/h4&gt;&lt;br&gt;&lt;br&gt;&lt;p&gt;&lt;strong&gt;Det är inte möjligt att byta från ABS Pro till ABS, eftersom ett sådant byte strider mot CE-direktivet!&lt;/strong&gt;&lt;br /&gt;&lt;br&gt; &lt;br /&gt;&lt;br&gt;För att beställa en ABS-styrenhet behöver vi återförsäljarens diagnosrapport (IBD-rapport). Utan denna information är programmering av styrenheten inte möjlig och beställningen kan inte behandlas.&lt;/p&gt;&lt;br&gt;</p><p style='margin:0 0 1em'>&lt;p&gt;Bosch eBike ABS Pro är utformad för mycket sportig körning och är idealisk för elcyklister med professionell bromsteknik. &lt;/p&gt;</p><ul><li>För närvarande världens lättaste och minsta produktionsklara ABS-system för elcyklar.</li><li>Endast tillgängligt för eBikes med det smarta systemet från Bosch eBike Systems (kan ej eftermonteras).</li><li>Strömförsörjning via eBike-systemet.</li><li>Smal design och möjlighet till direkt integrering av ABS på eBikes gaffel.</li><li>Flexibel användning i många olika eBike-typer: eCargobike, eCity-cykel, eTrekking-cykel, eSUV-cykel, eMountainbike.</li></ul><ul><li>I kombination med förbättrade sensorer (IMU) i drivenheten: Känsligare bromsbeteende och eliminering av ABS-hastighetssensorn och kabeln på bakhjulet.</li><li>Två olika ABS-lägen: ABS Trail Pro, ABS Race.</li><li>Beroende på typ av eBike är inställningar som ändring av ABS-läge möjliga i eBike Flow-appen eller via inställningsmenyn i displayen.</li><li>På displayen visas elcyklisten bromsinformation, t.ex. bromssträcka, bromsningstid med eller utan ABS-stöd och antal bromsmanövrar med ABS.</li></ul><p style='margin:0 0 1em'>I förpackningen: 1 st ABS Pro-styrenhet MAGURA.</p><p style='margin:0 0 1em'>System: Det smarta systemet · Vikt: 217 g · Artikelnummer: 2124397 · EAN: 4054289011109</p><p style='margin:0 0 1em'>Original Bosch eBike-reservdel. Beställningsvara som normalt når oss inom 5–10 dagar – vi hör av oss när den finns att hämta i butiken i Årsta, eller så skickar vi den hem till dig. Osäker på om delen passar din cykel? Mejla oss en bild på din display eller ditt batteri så hjälper vi dig.</p>";"3719";"25";"1";"0";"1";"1";"0";"https://raw.githubusercontent.com/erik859/cykelnatur-lokalt-lager/main/bosch-bilder/2124397.jpg";"1";"217";"För MAGURA hydrauliska bromssystem Beställningsvara hos Cykel & Natur i Årsta.";"Bosch ABS Pro-styrenhet MAGURA (BAS3511) - cykelnatur.se";"4054289011109"
"2124398";"Bosch ABS Pro-styrenhet TEKTRO|TRP (BAS3521)";"För TEKTRO/TRP hydrauliska bromssystem";"<p style='margin:0 0 1em'>&lt;h4&gt;Viktig produktinformation&lt;/h4&gt;&lt;br&gt;&lt;br&gt;&lt;p&gt;&lt;strong&gt;Det är inte möjligt att byta från ABS Pro till ABS, eftersom ett sådant byte strider mot CE-direktivet!&lt;/strong&gt;&lt;br /&gt;&lt;br&gt; &lt;br /&gt;&lt;br&gt;För att beställa en ABS-styrenhet behöver vi återförsäljarens diagnosrapport (IBD-rapport). Utan denna information är programmering av styrenheten inte möjlig och beställningen kan inte behandlas.&lt;/p&gt;&lt;br&gt;</p><p style='margin:0 0 1em'>&lt;p&gt;Bosch eBike ABS Pro är utformad för mycket sportig körning och är idealisk för elcyklister med professionell bromsteknik. &lt;/p&gt;&lt;br&gt;</p><ul><li>För närvarande världens lättaste och minsta produktionsklara ABS-system för elcyklar.</li><li>Endast tillgängligt för eBikes med det smarta systemet från Bosch eBike Systems (kan ej eftermonteras).</li><li>Strömförsörjning via eBike-systemet.</li><li>Smal design och möjlighet till direkt integrering av ABS på eBikes gaffel.</li><li>Flexibel användning i många olika eBike-typer: eCargobike, eCity-cykel, eTrekking-cykel, eSUV-cykel, eMountainbike.</li></ul><ul><li>I kombination med förbättrade sensorer (IMU) i drivenheten: Känsligare bromsbeteende och eliminering av ABS-hastighetssensorn och kabeln på bakhjulet.</li><li>Två olika ABS-lägen: ABS Trail Pro, ABS Race.</li><li>Beroende på typ av eBike är inställningar som ändring av ABS-läge möjliga i eBike Flow-appen eller via inställningsmenyn i displayen.</li><li>På displayen visas elcyklisten bromsinformation, t.ex. bromssträcka, bromsningstid med eller utan ABS-stöd och antal bromsmanövrar med ABS.</li></ul><p style='margin:0 0 1em'>I förpackningen: 1 st ABS Pro-styrenhet TEKTRO/TRP.</p><p style='margin:0 0 1em'>System: Det smarta systemet · Vikt: 330 g · Artikelnummer: 2124398 · EAN: 4054289011116</p><p style='margin:0 0 1em'>Original Bosch eBike-reservdel. Beställningsvara som normalt når oss inom 5–10 dagar – vi hör av oss när den finns att hämta i butiken i Årsta, eller så skickar vi den hem till dig. Osäker på om delen passar din cykel? Mejla oss en bild på din display eller ditt batteri så hjälper vi dig.</p>";"3719";"25";"1";"0";"1";"1";"0";"https://raw.githubusercontent.com/erik859/cykelnatur-lokalt-lager/main/bosch-bilder/2124398.jpg";"1";"330";"För TEKTRO/TRP hydrauliska bromssystem Beställningsvara hos Cykel & Natur i Årsta.";"Bosch ABS Pro-styrenhet TEKTRO|TRP (BAS3521) - cykelnatur.se";"4054289011116"
"2124399";"Bosch Display Purion 400 (BHU3500)";"Original Bosch eBike-reservdel: Display Purion 400 (BHU3500).";"<p style='margin:0 0 1em'>&lt;h4&gt;Viktig produktinformation&lt;/h4&gt;&lt;br&gt;&lt;br&gt;&lt;p&gt;Vid eftermontering av Purion 400 med Y-kabelmontering ska en blindplugg (EB11900002) beställas separat för att försluta den displayport på Purion 400 som inte används.&lt;/p&gt;</p><h3>Hardware Facts</h3><ul><li>Transmissiv 1,6-tums TFT-display (320 x 160 pixlar)</li><li>Skyddad mot damm och vattenstrålar enligt IP55</li><li>Placering i styrtriangeln för att skydda displayen</li><li>Användning via LED Remote eller Mini Remote (tillsammans med System Controller)</li><li>Akustiska signaler för systeminstruktione</li></ul><h3>Connectivity Facts</h3><ul><li>Aktivitetsregistrering via LED Remote, System Controller och eBike Flow-appen</li><li>Översikt över återstående räckvidd beroende på olika körlägen</li><li>Varningar när telefonens laddningsnivå sjunker under 30%</li><li>Individuell anpassning av statusfältet (visning av laddningsstatus, tid eller hastighet)</li><li>Programuppdateringar via eBike Flow-appen</li><li>Ytterligare funktioner: Växelrekommendation, visning av färd- och träningsdata, visning när påskjutningshjälp och belysning är aktiverade</li></ul><p style='margin:0 0 1em'>I förpackningen: 1 st Display, 1 st Bruks- och monteringsanvisning.</p><p style='margin:0 0 1em'>System: Det smarta systemet · Vikt: 150 g · Artikelnummer: 2124399 · EAN: 4054289011161</p><p style='margin:0 0 1em'>Original Bosch eBike-reservdel. Beställningsvara som normalt når oss inom 5–10 dagar – vi hör av oss när den finns att hämta i butiken i Årsta, eller så skickar vi den hem till dig. Osäker på om delen passar din cykel? Mejla oss en bild på din display eller ditt batteri så hjälper vi dig.</p>";"1619";"25";"1";"0";"1";"1";"0";"https://raw.githubusercontent.com/erik859/cykelnatur-lokalt-lager/main/bosch-bilder/2124399.jpg";"1";"150";"Original Bosch eBike-reservdel: Display Purion 400 (BHU3500). Beställningsvara hos Cykel & Natur i Årsta.";"Bosch Display Purion 400 (BHU3500) - cykelnatur.se";"4054289011161"
"2124400";"Bosch Hållare Purion 400, 31,8 mm";"Original Bosch eBike-reservdel: Hållare Purion 400, 31,8 mm.";"<h3>Finns tillgänglig separat</h3><ul><li>Skruv EB1320004K</li></ul><p style='margin:0 0 1em'>I förpackningen: 1 st Hållare Purion 400.</p><p style='margin:0 0 1em'>System: Det smarta systemet · Vikt: 5 g · Artikelnummer: 2124400 · EAN: 4054289011178</p><p style='margin:0 0 1em'>Original Bosch eBike-reservdel. Beställningsvara som normalt når oss inom 5–10 dagar – vi hör av oss när den finns att hämta i butiken i Årsta, eller så skickar vi den hem till dig. Osäker på om delen passar din cykel? Mejla oss en bild på din display eller ditt batteri så hjälper vi dig.</p>";"95";"25";"1";"0";"1";"1";"0";"https://raw.githubusercontent.com/erik859/cykelnatur-lokalt-lager/main/bosch-bilder/2124400.jpg";"1";"5";"Original Bosch eBike-reservdel: Hållare Purion 400, 31,8 mm. Beställningsvara hos Cykel & Natur i Årsta.";"Bosch Hållare Purion 400, 31,8 mm - cykelnatur.se";"4054289011178"
"2124401";"Bosch Hållare Purion 400, 35,0 mm";"Original Bosch eBike-reservdel: Hållare Purion 400, 35,0 mm.";"<h3>Finns tillgänglig separat</h3><ul><li>Skruv EB1320004K</li></ul><p style='margin:0 0 1em'>I förpackningen: 1 st Hållare Purion 400.</p><p style='margin:0 0 1em'>System: Det smarta systemet · Vikt: 6 g · Artikelnummer: 2124401 · EAN: 4054289011185</p><p style='margin:0 0 1em'>Original Bosch eBike-reservdel. Beställningsvara som normalt når oss inom 5–10 dagar – vi hör av oss när den finns att hämta i butiken i Årsta, eller så skickar vi den hem till dig. Osäker på om delen passar din cykel? Mejla oss en bild på din display eller ditt batteri så hjälper vi dig.</p>";"95";"25";"1";"0";"1";"1";"0";"https://raw.githubusercontent.com/erik859/cykelnatur-lokalt-lager/main/bosch-bilder/2124401.jpg";"1";"6";"Original Bosch eBike-reservdel: Hållare Purion 400, 35,0 mm. Beställningsvara hos Cykel & Natur i Årsta.";"Bosch Hållare Purion 400, 35,0 mm - cykelnatur.se";"4054289011185"
"2124402";"Bosch Skruv, Purion 400";"Original Bosch eBike-reservdel: Skruv, Purion 400.";"<ul><li>För fastsättning av hållare och display</li></ul><p style='margin:0 0 1em'>I förpackningen: 1 st Skruv M4x10,5 (insex 3,0).</p><p style='margin:0 0 1em'>System: Det smarta systemet · Vikt: 1 g · Artikelnummer: 2124402 · EAN: 4054289011192</p><p style='margin:0 0 1em'>Original Bosch eBike-reservdel. Beställningsvara som normalt når oss inom 5–10 dagar – vi hör av oss när den finns att hämta i butiken i Årsta, eller så skickar vi den hem till dig. Osäker på om delen passar din cykel? Mejla oss en bild på din display eller ditt batteri så hjälper vi dig.</p>";"23";"25";"1";"0";"1";"1";"0";"https://raw.githubusercontent.com/erik859/cykelnatur-lokalt-lager/main/bosch-bilder/2124402.jpg";"1";"1";"Original Bosch eBike-reservdel: Skruv, Purion 400. Beställningsvara hos Cykel & Natur i Årsta.";"Bosch Skruv, Purion 400 - cykelnatur.se";"4054289011192"
"2124403";"Bosch Logokåpa Performance Line CX (BDU384Y)";"Original Bosch eBike-reservdel: Logokåpa Performance Line CX (BDU384Y).";"<ul><li>Om Designkåpa inte är monterat</li></ul><p style='margin:0 0 1em'>I förpackningen: 1 st Logokåpa Performance Line CX.</p><p style='margin:0 0 1em'>System: Det smarta systemet · Vikt: 6 g · Artikelnummer: 2124403 · EAN: 4054289011581</p><p style='margin:0 0 1em'>Original Bosch eBike-reservdel. Beställningsvara som normalt når oss inom 5–10 dagar – vi hör av oss när den finns att hämta i butiken i Årsta, eller så skickar vi den hem till dig. Osäker på om delen passar din cykel? Mejla oss en bild på din display eller ditt batteri så hjälper vi dig.</p>";"95";"25";"1";"0";"1";"1";"0";"https://raw.githubusercontent.com/erik859/cykelnatur-lokalt-lager/main/bosch-bilder/2124403.jpg";"1";"6";"Original Bosch eBike-reservdel: Logokåpa Performance Line CX (BDU384Y). Beställningsvara hos Cykel & Natur i Årsta.";"Bosch Logokåpa Performance Line CX (BDU384Y) - cykelnatur.se";"4054289011581"
"2124404";"Bosch Kabelskydd (BDU38YY)";"Original Bosch eBike-reservdel: Kabelskydd (BDU38YY).";"<p style='margin:0 0 1em'>I förpackningen: 1 st Kabelskydd.</p><p style='margin:0 0 1em'>System: Det smarta systemet · Vikt: 20 g · Artikelnummer: 2124404 · EAN: 4054289011567</p><p style='margin:0 0 1em'>Original Bosch eBike-reservdel. Beställningsvara som normalt når oss inom 5–10 dagar – vi hör av oss när den finns att hämta i butiken i Årsta, eller så skickar vi den hem till dig. Osäker på om delen passar din cykel? Mejla oss en bild på din display eller ditt batteri så hjälper vi dig.</p>";"105";"25";"1";"0";"1";"1";"0";"https://raw.githubusercontent.com/erik859/cykelnatur-lokalt-lager/main/bosch-bilder/2124404.jpg";"1";"20";"Original Bosch eBike-reservdel: Kabelskydd (BDU38YY). Beställningsvara hos Cykel & Natur i Årsta.";"Bosch Kabelskydd (BDU38YY) - cykelnatur.se";"4054289011567"
"2124405";"Bosch Skruv ConnectModule för BDU38YY";"Original Bosch eBike-reservdel: Skruv ConnectModule för BDU38YY.";"<p style='margin:0 0 1em'>I förpackningen: 1 st Skruv M6x10, Torx T30.</p><p style='margin:0 0 1em'>System: Det smarta systemet · Vikt: 5 g · Artikelnummer: 2124405 · EAN: 4054289011246</p><p style='margin:0 0 1em'>Original Bosch eBike-reservdel. Beställningsvara som normalt når oss inom 5–10 dagar – vi hör av oss när den finns att hämta i butiken i Årsta, eller så skickar vi den hem till dig. Osäker på om delen passar din cykel? Mejla oss en bild på din display eller ditt batteri så hjälper vi dig.</p>";"23";"25";"1";"0";"1";"1";"0";"https://raw.githubusercontent.com/erik859/cykelnatur-lokalt-lager/main/bosch-bilder/2124405.jpg";"1";"10";"Original Bosch eBike-reservdel: Skruv ConnectModule för BDU38YY. Beställningsvara hos Cykel & Natur i Årsta.";"Bosch Skruv ConnectModule för BDU38YY - cykelnatur.se";"4054289011246"
"2124406";"Bosch PowerTube 600 (EU) (BBP3860)";"Original Bosch eBike-reservdel: PowerTube 600 (EU) (BBP3860).";"<p style='margin:0 0 1em'>&lt;h4&gt;Viktig produktinformation&lt;/h4&gt;&lt;br&gt;&lt;br&gt;&lt;p&gt;På grund av de olika batterikonstruktionerna och batterihållarna är de nya batterierna PowerTube 600 (BBP3860) och PowerTube 800 (BBP388Y) inte utbytbara med PowerTube 750 (BBP377Y), PowerTube 625 (BBP376Y) eller PowerTube 500 (BBP375Y).&lt;/p&gt;&lt;br&gt;</p><p style='margin:0 0 1em'>&lt;p&gt;Bosch eBike Systems omorganiserar sin produktion av hållbarhetsskäl. I framtiden kommer den svarta färgbeläggningen att tas bort, vilket ger höljet ett silverutseende. Därför kommer båda färgvarianterna att finnas tillgängliga på marknaden till en början. &lt;/p&gt;&lt;br&gt;</p><ul><li>Längd: 424 mm</li><li>Nytt, lättare hus</li><li>Kan integreras i cykelramen</li><li>Bekväm och säker isättning och borttagning</li><li>Hög körsträcka och lång livslängd tack vare integrerat batterihanteringssystem</li><li>Ingen minneseffekt och ingen självurladdning</li></ul><p style='margin:0 0 1em'>I förpackningen: 1 st PowerTube 600 (EU), 1 st Transportförpackning (godkänd för farligt gods), 1 st Bruksanvisning, Batteriet levereras UTAN skruvplatta.</p><p style='margin:0 0 1em'>System: Det smarta systemet · Vikt: 3 kg · Artikelnummer: 2124406 · EAN: 4054289011321</p><p style='margin:0 0 1em'>Original Bosch eBike-reservdel. Beställningsvara som normalt når oss inom 5–10 dagar – vi hör av oss när den finns att hämta i butiken i Årsta, eller så skickar vi den hem till dig. Osäker på om delen passar din cykel? Mejla oss en bild på din display eller ditt batteri så hjälper vi dig.</p>";"10349";"25";"1";"0";"1";"1";"0";"https://raw.githubusercontent.com/erik859/cykelnatur-lokalt-lager/main/bosch-bilder/2124406.jpg";"1";"3310";"Original Bosch eBike-reservdel: PowerTube 600 (EU) (BBP3860). Beställningsvara hos Cykel & Natur i Årsta.";"Bosch PowerTube 600 (EU) (BBP3860) - cykelnatur.se";"4054289011321"
"2124407";"Bosch PowerTube 800 vertikal (EU) (BBP3881)";"Original Bosch eBike-reservdel: PowerTube 800 vertikal (EU) (BBP3881).";"<p style='margin:0 0 1em'>&lt;p&gt;Bosch eBike Systems omorganiserar sin produktion av hållbarhetsskäl. I framtiden kommer den svarta färgbeläggningen att tas bort, vilket ger höljet ett silverutseende. Därför kommer båda färgvarianterna att finnas tillgängliga på marknaden till en början.&lt;/p&gt;&lt;br&gt;&lt;br&gt;&lt;p&gt;Se till att du beställer &lt;strong&gt;rätt variant&lt;/strong&gt; av detta batteri (horisontellt eller vertikalt). &lt;/p&gt;</p><ul><li>Längd: 424 mm</li><li>Nytt, lättare hus</li><li>Kan integreras i cykelramen</li><li>Bekväm och säker isättning och borttagning</li><li>Hög körsträcka och lång livslängd tack vare integrerat batterihanteringssystem</li><li>Ingen minneseffekt och ingen självurladdning</li></ul><p style='margin:0 0 1em'>I förpackningen: 1x PowerTube 800 vertikal (EU), 1 st Transportförpackning (godkänd för farligt gods), 1 st Bruksanvisning, Batteriet levereras UTAN skruvplatta.</p><p style='margin:0 0 1em'>System: Det smarta systemet · Vikt: 3,9 kg · Artikelnummer: 2124407 · EAN: 4054289011369</p><p style='margin:0 0 1em'>Original Bosch eBike-reservdel. Beställningsvara som normalt når oss inom 5–10 dagar – vi hör av oss när den finns att hämta i butiken i Årsta, eller så skickar vi den hem till dig. Osäker på om delen passar din cykel? Mejla oss en bild på din display eller ditt batteri så hjälper vi dig.</p>";"12449";"25";"1";"0";"1";"1";"0";"https://raw.githubusercontent.com/erik859/cykelnatur-lokalt-lager/main/bosch-bilder/2124407.jpg";"1";"4170";"Original Bosch eBike-reservdel: PowerTube 800 vertikal (EU) (BBP3881). Beställningsvara hos Cykel & Natur i Årsta.";"Bosch PowerTube 800 vertikal (EU) (BBP3881) - cykelnatur.se";"4054289011369"
"2124408";"Bosch Fäste kabelsida, PowerTube (BBP38YY) horisontell/vertikal, standard, led";"För PowerTube 540/600/800";"<ul><li>För batterier med svängbar borttagning (led)</li><li>Borttagning mittemot monteringssidan (standard)</li></ul><p style='margin:0 0 1em'>I förpackningen: 1 st Fäste kabelsida.</p><p style='margin:0 0 1em'>System: Det smarta systemet · Vikt: 40 g · Artikelnummer: 2124408 · EAN: 4054289011413</p><p style='margin:0 0 1em'>Original Bosch eBike-reservdel. Beställningsvara som normalt når oss inom 5–10 dagar – vi hör av oss när den finns att hämta i butiken i Årsta, eller så skickar vi den hem till dig. Osäker på om delen passar din cykel? Mejla oss en bild på din display eller ditt batteri så hjälper vi dig.</p>";"51";"25";"1";"0";"1";"1";"0";"https://raw.githubusercontent.com/erik859/cykelnatur-lokalt-lager/main/bosch-bilder/2124408.jpg";"1";"40";"För PowerTube 540/600/800 Beställningsvara hos Cykel & Natur i Årsta.";"Bosch Fäste kabelsida, PowerTube (BBP38YY) - cykelnatur.se";"4054289011413"
"2124409";"Bosch Dämpningselement kontaktsida, PowerTube (BBP38YY)";"För PowerTube 540/600/800";"<ul><li>För batterier med svängbar borttagning (led)</li></ul><p style='margin:0 0 1em'>I förpackningen: 1 st Dämpningselement kontaktsida.</p><p style='margin:0 0 1em'>System: Det smarta systemet · Vikt: 3 g · Artikelnummer: 2124409 · EAN: 4054289011444</p><p style='margin:0 0 1em'>Original Bosch eBike-reservdel. Beställningsvara som normalt når oss inom 5–10 dagar – vi hör av oss när den finns att hämta i butiken i Årsta, eller så skickar vi den hem till dig. Osäker på om delen passar din cykel? Mejla oss en bild på din display eller ditt batteri så hjälper vi dig.</p>";"35";"25";"1";"0";"1";"1";"0";"https://raw.githubusercontent.com/erik859/cykelnatur-lokalt-lager/main/bosch-bilder/2124409.jpg";"1";"3";"För PowerTube 540/600/800 Beställningsvara hos Cykel & Natur i Årsta.";"Bosch Dämpningselement kontaktsida - cykelnatur.se";"4054289011444"
"2124410";"Bosch Skyddslock fäste kabelsida, PowerTube (BBP38YY), standardborttagningnedåt, led";"För PowerTube 540/600/800";"<ul><li>För batterier med svängbar borttagning (led)</li><li>Borttagning mittemot monteringssidan (standard) nedåt</li></ul><p style='margin:0 0 1em'>I förpackningen: 1 st Skyddslock fäste kabelsida.</p><p style='margin:0 0 1em'>System: Det smarta systemet · Vikt: 12 g · Artikelnummer: 2124410 · EAN: 4054289011437</p><p style='margin:0 0 1em'>Original Bosch eBike-reservdel. Beställningsvara som normalt når oss inom 5–10 dagar – vi hör av oss när den finns att hämta i butiken i Årsta, eller så skickar vi den hem till dig. Osäker på om delen passar din cykel? Mejla oss en bild på din display eller ditt batteri så hjälper vi dig.</p>";"23";"25";"1";"0";"1";"1";"0";"https://raw.githubusercontent.com/erik859/cykelnatur-lokalt-lager/main/bosch-bilder/2124410.jpg";"1";"12";"För PowerTube 540/600/800 Beställningsvara hos Cykel & Natur i Årsta.";"Bosch Skyddslock fäste kabelsida, PowerTube - cykelnatur.se";"4054289011437"
"2124411";"Bosch Skyddslock fäste kabelsida, PowerTube (BBP38YY), standardborttagninguppåt, led";"För PowerTube 540/600/800";"<ul><li>För batterier med svängbar borttagning (led)</li><li>Borttagning mittemot monteringssidan (standard) uppåt</li></ul><p style='margin:0 0 1em'>I förpackningen: 1 st Skyddslock fäste kabelsida.</p><p style='margin:0 0 1em'>System: Det smarta systemet · Vikt: 13 g · Artikelnummer: 2124411 · EAN: 4054289011420</p><p style='margin:0 0 1em'>Original Bosch eBike-reservdel. Beställningsvara som normalt når oss inom 5–10 dagar – vi hör av oss när den finns att hämta i butiken i Årsta, eller så skickar vi den hem till dig. Osäker på om delen passar din cykel? Mejla oss en bild på din display eller ditt batteri så hjälper vi dig.</p>";"23";"25";"1";"0";"1";"1";"0";"https://raw.githubusercontent.com/erik859/cykelnatur-lokalt-lager/main/bosch-bilder/2124411.jpg";"1";"13";"För PowerTube 540/600/800 Beställningsvara hos Cykel & Natur i Årsta.";"Bosch Skyddslock fäste kabelsida 2124411 - cykelnatur.se";"4054289011420"
"2124412";"Bosch Monteringsskena PowerTube (BBP38YY) horisontell/vertikal, led";"För PowerTube 540/600/800";"<ul><li>För batterier med svängbar borttagning (led)</li></ul><p style='margin:0 0 1em'>I förpackningen: 1 st Monteringsskena.</p><p style='margin:0 0 1em'>System: Det smarta systemet · Vikt: 12 g · Artikelnummer: 2124412 · EAN: 4054289011383</p><p style='margin:0 0 1em'>Original Bosch eBike-reservdel. Beställningsvara som normalt når oss inom 5–10 dagar – vi hör av oss när den finns att hämta i butiken i Årsta, eller så skickar vi den hem till dig. Osäker på om delen passar din cykel? Mejla oss en bild på din display eller ditt batteri så hjälper vi dig.</p>";"215";"25";"1";"0";"1";"1";"0";"https://raw.githubusercontent.com/erik859/cykelnatur-lokalt-lager/main/bosch-bilder/2124412.jpg";"1";"12";"För PowerTube 540/600/800 Beställningsvara hos Cykel & Natur i Årsta.";"Bosch Monteringsskena PowerTube (BBP38YY) - cykelnatur.se";"4054289011383"
"2124413";"Bosch Fäste kabelsida, PowerTube (BBP38YY) horisontell, inverterad, led";"För PowerTube 540/600/800";"<ul><li>För batterier med svängbar borttagning (led)</li><li>Borttagning mot infästningssidan (inverterad)</li></ul><p style='margin:0 0 1em'>I förpackningen: 1 st Fäste kabelsida.</p><p style='margin:0 0 1em'>System: Det smarta systemet · Vikt: 46 g · Artikelnummer: 2124413 · EAN: 4054289011451</p><p style='margin:0 0 1em'>Original Bosch eBike-reservdel. Beställningsvara som normalt når oss inom 5–10 dagar – vi hör av oss när den finns att hämta i butiken i Årsta, eller så skickar vi den hem till dig. Osäker på om delen passar din cykel? Mejla oss en bild på din display eller ditt batteri så hjälper vi dig.</p>";"47";"25";"1";"0";"1";"1";"0";"https://raw.githubusercontent.com/erik859/cykelnatur-lokalt-lager/main/bosch-bilder/2124413.jpg";"1";"46";"För PowerTube 540/600/800 Beställningsvara hos Cykel & Natur i Årsta.";"Bosch Fäste kabelsida, PowerTube 2124413 - cykelnatur.se";"4054289011451"
"2124414";"Bosch Skyddslock fäste kabelsida, PowerTube (BBP38YY) horisontell, inverteradborttagning uppåt, led";"För PowerTube 540/600/800";"<ul><li>För batterier med svängbar borttagning (led)</li><li>Borttagning mot infästningssidan (inverterad) uppåt</li></ul><p style='margin:0 0 1em'>I förpackningen: 1 st Skyddslock fäste kabelsida.</p><p style='margin:0 0 1em'>System: Det smarta systemet · Vikt: 18 g · Artikelnummer: 2124414 · EAN: 4054289011468</p><p style='margin:0 0 1em'>Original Bosch eBike-reservdel. Beställningsvara som normalt når oss inom 5–10 dagar – vi hör av oss när den finns att hämta i butiken i Årsta, eller så skickar vi den hem till dig. Osäker på om delen passar din cykel? Mejla oss en bild på din display eller ditt batteri så hjälper vi dig.</p>";"23";"25";"1";"0";"1";"1";"0";"https://raw.githubusercontent.com/erik859/cykelnatur-lokalt-lager/main/bosch-bilder/2124414.jpg";"1";"18";"För PowerTube 540/600/800 Beställningsvara hos Cykel & Natur i Årsta.";"Bosch Skyddslock fäste kabelsida 2124414 - cykelnatur.se";"4054289011468"
"2124415";"Bosch Fäste låssida, PowerTube (BBP38YY) horisontell/vertikal, inverterad, led";"För PowerTube 540/600/800";"<ul><li>För batterier med svängbar borttagning (led)</li><li>Borttagning mot infästningssidan (inverterad)</li></ul><p style='margin:0 0 1em'>I förpackningen: 1 st Fäste låssida.</p><p style='margin:0 0 1em'>System: Det smarta systemet · Vikt: 74 g · Artikelnummer: 2124415 · EAN: 4054289011406</p><p style='margin:0 0 1em'>Original Bosch eBike-reservdel. Beställningsvara som normalt når oss inom 5–10 dagar – vi hör av oss när den finns att hämta i butiken i Årsta, eller så skickar vi den hem till dig. Osäker på om delen passar din cykel? Mejla oss en bild på din display eller ditt batteri så hjälper vi dig.</p>";"155";"25";"1";"0";"1";"1";"0";"https://raw.githubusercontent.com/erik859/cykelnatur-lokalt-lager/main/bosch-bilder/2124415.jpg";"1";"74";"För PowerTube 540/600/800 Beställningsvara hos Cykel & Natur i Årsta.";"Bosch Fäste låssida, PowerTube (BBP38YY) - cykelnatur.se";"4054289011406"
"2124416";"Bosch Skyddslock fäste kabelsida, PowerTube (BBP38YY) horisontell, inverteradborttagning nedåt, led";"För PowerTube 540/600/800";"<ul><li>För batterier med svängbar borttagning (led)</li><li>Borttagning mot infästningssidan (inverterad) nedåt</li></ul><p style='margin:0 0 1em'>I förpackningen: 1 st Skyddslock fäste kabelsida.</p><p style='margin:0 0 1em'>System: Det smarta systemet · Vikt: 17 g · Artikelnummer: 2124416 · EAN: 4054289011475</p><p style='margin:0 0 1em'>Original Bosch eBike-reservdel. Beställningsvara som normalt når oss inom 5–10 dagar – vi hör av oss när den finns att hämta i butiken i Årsta, eller så skickar vi den hem till dig. Osäker på om delen passar din cykel? Mejla oss en bild på din display eller ditt batteri så hjälper vi dig.</p>";"23";"25";"1";"0";"1";"1";"0";"https://raw.githubusercontent.com/erik859/cykelnatur-lokalt-lager/main/bosch-bilder/2124416.jpg";"1";"17";"För PowerTube 540/600/800 Beställningsvara hos Cykel & Natur i Årsta.";"Bosch Skyddslock fäste kabelsida 2124416 - cykelnatur.se";"4054289011475"
"2124417";"Bosch Adapter System Controller";"Original Bosch eBike-reservdel: Adapter System Controller.";"<ul><li>För stora ramurtag</li></ul><p style='margin:0 0 1em'>I förpackningen: 1 st Adapter.</p><p style='margin:0 0 1em'>System: Det smarta systemet · Vikt: 20 g · Artikelnummer: 2124417 · EAN: 4054289011260</p><p style='margin:0 0 1em'>Original Bosch eBike-reservdel. Beställningsvara som normalt når oss inom 5–10 dagar – vi hör av oss när den finns att hämta i butiken i Årsta, eller så skickar vi den hem till dig. Osäker på om delen passar din cykel? Mejla oss en bild på din display eller ditt batteri så hjälper vi dig.</p>";"70";"25";"1";"0";"1";"1";"0";"https://raw.githubusercontent.com/erik859/cykelnatur-lokalt-lager/main/bosch-bilder/2124417.jpg";"1";"20";"Original Bosch eBike-reservdel: Adapter System Controller. Beställningsvara hos Cykel & Natur i Årsta.";"Bosch Adapter System Controller - cykelnatur.se";"4054289011260"
"2124418";"Bosch Fästskruv för adapter, System Controller";"Original Bosch eBike-reservdel: Fästskruv för adapter, System Controller.";"<ul><li>För infästning av System Controller med adapter i ramen</li></ul><p style='margin:0 0 1em'>I förpackningen: 1 st Skruv M4x28,5 (Torx T10).</p><p style='margin:0 0 1em'>System: Det smarta systemet · Vikt: 2 g · Artikelnummer: 2124418 · EAN: 4054289011277</p><p style='margin:0 0 1em'>Original Bosch eBike-reservdel. Beställningsvara som normalt når oss inom 5–10 dagar – vi hör av oss när den finns att hämta i butiken i Årsta, eller så skickar vi den hem till dig. Osäker på om delen passar din cykel? Mejla oss en bild på din display eller ditt batteri så hjälper vi dig.</p>";"23";"25";"1";"0";"1";"1";"0";"https://raw.githubusercontent.com/erik859/cykelnatur-lokalt-lager/main/bosch-bilder/2124418.jpg";"1";"2";"Original Bosch eBike-reservdel: Fästskruv för adapter, System Controller. Beställningsvara hos Cykel & Natur i Årsta.";"Bosch Fästskruv för adapter, System - cykelnatur.se";"4054289011277"
"2124419";"Bosch Hållare ConnectModule för BDU38YY";"Original Bosch eBike-reservdel: Hållare ConnectModule för BDU38YY.";"<p style='margin:0 0 1em'>I förpackningen: 1 st Hållare.</p><p style='margin:0 0 1em'>System: Det smarta systemet · Vikt: 11 g · Artikelnummer: 2124419 · EAN: 4054289011222</p><p style='margin:0 0 1em'>Original Bosch eBike-reservdel. Beställningsvara som normalt når oss inom 5–10 dagar – vi hör av oss när den finns att hämta i butiken i Årsta, eller så skickar vi den hem till dig. Osäker på om delen passar din cykel? Mejla oss en bild på din display eller ditt batteri så hjälper vi dig.</p>";"59";"25";"1";"0";"1";"1";"0";"https://raw.githubusercontent.com/erik859/cykelnatur-lokalt-lager/main/bosch-bilder/2124419.jpg";"1";"11";"Original Bosch eBike-reservdel: Hållare ConnectModule för BDU38YY. Beställningsvara hos Cykel & Natur i Årsta.";"Bosch Hållare ConnectModule för BDU38YY - cykelnatur.se";"4054289011222"
"2124420";"Bosch Monteringsplatta ConnectModule för BDU38YY";"Original Bosch eBike-reservdel: Monteringsplatta ConnectModule för BDU38YY.";"<h3>Finns tillgänglig separat</h3><ul><li>Skruvar EB112000TA, EB13200031</li></ul><p style='margin:0 0 1em'>I förpackningen: 1 st Monteringsplatta.</p><p style='margin:0 0 1em'>System: Det smarta systemet · Vikt: 13 g · Artikelnummer: 2124420 · EAN: 4054289011239</p><p style='margin:0 0 1em'>Original Bosch eBike-reservdel. Beställningsvara som normalt når oss inom 5–10 dagar – vi hör av oss när den finns att hämta i butiken i Årsta, eller så skickar vi den hem till dig. Osäker på om delen passar din cykel? Mejla oss en bild på din display eller ditt batteri så hjälper vi dig.</p>";"41";"25";"1";"0";"1";"1";"0";"https://raw.githubusercontent.com/erik859/cykelnatur-lokalt-lager/main/bosch-bilder/2124420.jpg";"1";"13";"Original Bosch eBike-reservdel: Monteringsplatta ConnectModule för BDU38YY. Beställningsvara hos Cykel & Natur i Årsta.";"Bosch Monteringsplatta 2124420 - cykelnatur.se";"4054289011239"
"2124421";"Bosch Eftermonteringssats Purion 400, 31,8 mm (BHU3500)";"Original Bosch eBike-reservdel: Eftermonteringssats Purion 400, 31,8 mm (BHU3500).";"<p style='margin:0 0 1em'>&lt;h4&gt;Viktig produktinformation&lt;/h4&gt;&lt;br&gt;&lt;br&gt;&lt;p&gt;Vid eftermontering av Purion 400 med Y-kabelmontering ska en blindplugg (EB11900002) beställas separat för att försluta den displayport på Purion 400 som inte används.&lt;/p&gt;&lt;br&gt;</p><h3>Hardware Facts</h3><ul><li>Transmissiv 1,6-tums TFT-display (320 x 160 pixlar)</li><li>Skyddad mot damm och vattenstrålar enligt IP55</li><li>Placering i styrtriangeln för att skydda displayen</li><li>Användning via LED Remote eller Mini Remote (tillsammans med System Controller)</li><li>Akustiska signaler för systeminstruktione</li></ul><h3>Connectivity Facts</h3><ul><li>Aktivitetsregistrering via LED Remote, System Controller och eBike Flow-appen</li><li>Översikt över återstående räckvidd beroende på olika körlägen</li><li>Varningar när telefonens laddningsnivå sjunker under 30%</li><li>Individuell anpassning av statusfältet (visning av laddningsstatus, tid eller hastighet)</li><li>Programuppdateringar via eBike Flow-appen</li><li>Ytterligare funktioner: Växelrekommendation, visning av färd- och träningsdata, visning när påskjutningshjälp och belysning är aktiverade</li></ul><p style='margin:0 0 1em'>I förpackningen: 1 st Display, 1 st Hållare 31,8 mm, 1 st Skruv M4x10,5, 1 st Bruks- och monteringsanvisning, Finns tillgänglig separat: Kabel.</p><p style='margin:0 0 1em'>System: Det smarta systemet · Vikt: 210 g · Artikelnummer: 2124421 · EAN: 4054289011147</p><p style='margin:0 0 1em'>Original Bosch eBike-reservdel. Beställningsvara som normalt når oss inom 5–10 dagar – vi hör av oss när den finns att hämta i butiken i Årsta, eller så skickar vi den hem till dig. Osäker på om delen passar din cykel? Mejla oss en bild på din display eller ditt batteri så hjälper vi dig.</p>";"1739";"25";"1";"0";"1";"1";"0";"https://raw.githubusercontent.com/erik859/cykelnatur-lokalt-lager/main/bosch-bilder/2124421.jpg";"1";"210";"Original Bosch eBike-reservdel: Eftermonteringssats Purion 400, 31,8 mm (BHU3500). Beställningsvara hos Cykel & Natur i Årsta.";"Bosch Eftermonteringssats Purion 400, 31,8 - cykelnatur.se";"4054289011147"
"2124422";"Bosch Eftermonteringssats Purion 400, 35,0 mm (BHU3500)";"Original Bosch eBike-reservdel: Eftermonteringssats Purion 400, 35,0 mm (BHU3500).";"<p style='margin:0 0 1em'>&lt;h4&gt;Viktig produktinformation&lt;/h4&gt;&lt;br&gt;&lt;br&gt;&lt;p&gt;Vid eftermontering av Purion 400 med Y-kabelmontering ska en blindplugg (EB11900002) beställas separat för att försluta den displayport på Purion 400 som inte används.&lt;/p&gt;</p><h3>Hardware Facts</h3><ul><li>Transmissiv 1,6-tums TFT-display (320 x 160 pixlar)</li><li>Skyddad mot damm och vattenstrålar enligt IP55</li><li>Placering i styrtriangeln för att skydda displayen</li><li>Användning via LED Remote eller Mini Remote (tillsammans med System Controller)</li><li>Akustiska signaler för systeminstruktione</li></ul><h3>Connectivity Facts</h3><ul><li>Aktivitetsregistrering via LED Remote, System Controller och eBike Flow-appen</li><li>Översikt över återstående räckvidd beroende på olika körlägen</li><li>Varningar när telefonens laddningsnivå sjunker under 30%</li><li>Individuell anpassning av statusfältet (visning av laddningsstatus, tid eller hastighet)</li><li>Programuppdateringar via eBike Flow-appen</li><li>Ytterligare funktioner: Växelrekommendation, visning av färd- och träningsdata, visning när påskjutningshjälp och belysning är aktiverade</li></ul><p style='margin:0 0 1em'>I förpackningen: 1 st Display, 1 st Hållare 35,0 mm, 1 st Skruv M4x10,5, 1 st Bruks- och monteringsanvisning, Finns tillgänglig separat: Kabel.</p><p style='margin:0 0 1em'>System: Det smarta systemet · Vikt: 220 g · Artikelnummer: 2124422 · EAN: 4054289011154</p><p style='margin:0 0 1em'>Original Bosch eBike-reservdel. Beställningsvara som normalt når oss inom 5–10 dagar – vi hör av oss när den finns att hämta i butiken i Årsta, eller så skickar vi den hem till dig. Osäker på om delen passar din cykel? Mejla oss en bild på din display eller ditt batteri så hjälper vi dig.</p>";"1739";"25";"1";"0";"1";"1";"0";"https://raw.githubusercontent.com/erik859/cykelnatur-lokalt-lager/main/bosch-bilder/2124422.jpg";"1";"220";"Original Bosch eBike-reservdel: Eftermonteringssats Purion 400, 35,0 mm (BHU3500). Beställningsvara hos Cykel & Natur i Årsta.";"Bosch Eftermonteringssats Purion 400, 35,0 - cykelnatur.se";"4054289011154"
"2124423";"Bosch Eftermonteringssats ConnectModule för BDU38YY (BCM3100)";"Original Bosch eBike-reservdel: Eftermonteringssats ConnectModule för BDU38YY (BCM3100).";"<p style='margin:0 0 1em'>&lt;h4&gt;Viktig produktinformation&lt;/h4&gt;&lt;br&gt;&lt;br&gt;&lt;p&gt;Connect Module kan eftermonteras på eBikes med smart-systemet, förutsatt att eBike-tillverkaren har gett sitt godkännande i Bosch DiagnosticTool 3 via posten ”Connect Module ready”.&lt;/p&gt;&lt;br&gt;&lt;br&gt;&lt;p&gt;Inte kompatibel med kabelskydd EB112000KJ&lt;/p&gt;&lt;br&gt;</p><h3>Obs!</h3><p style='margin:0 0 1em'>&lt;p&gt;Installation och reparationer av ConnectModule bör utföras av en auktoriserad fackhandlare. Felaktig installation kan leda till att ConnectModule eller eBike inte längre kan användas i enlighet med lagen.&lt;/p&gt;&lt;br&gt;</p><p style='margin:0 0 1em'>&lt;p&gt;ConnectModule monteras osynligt på eBike och utrustar den med GPS, SIM-kort och rörelsesensorer. &lt;/p&gt;</p><ul><li>Elcyklisten förblir ansluten till eBiken via eBike Flow-appen och kan använda premiumtjänsterna i abonnemangen Flow+.</li><li>eBike Alarm, till exempel, erbjuder smart stöldskydd för bekymmersfri parkering, inklusive spårning av geografisk plats och tvåstegslarm.</li><li>Ett abonnemang på avgiftsbelagda Flow+ krävs för att ConnectModule ska fungera. Abonnemanget Flow+ är gratis under de första 12 månaderna.</li></ul><p style='margin:0 0 1em'>I förpackningen: 1 st ConnectModule EB1310000B, 1 st Monteringsplatta EB13900019, 1 st Skruv för monteringsplatta EB13200031, 1 st Hållare EB13900018, 1 st Kabel 100 mm EB1212003S, 1 st Skruv EB112000TA, 1 st Bruks- och monteringsanvisning.</p><p style='margin:0 0 1em'>System: Det smarta systemet · Vikt: 310 g · Artikelnummer: 2124423 · EAN: 4054289011215</p><p style='margin:0 0 1em'>Original Bosch eBike-reservdel. Beställningsvara som normalt når oss inom 5–10 dagar – vi hör av oss när den finns att hämta i butiken i Årsta, eller så skickar vi den hem till dig. Osäker på om delen passar din cykel? Mejla oss en bild på din display eller ditt batteri så hjälper vi dig.</p>";"1619";"25";"1";"0";"1";"1";"0";"https://raw.githubusercontent.com/erik859/cykelnatur-lokalt-lager/main/bosch-bilder/2124423.jpg";"1";"310";"Original Bosch eBike-reservdel: Eftermonteringssats ConnectModule för BDU38YY (BCM3100). Beställningsvara hos Cykel & Natur i Årsta.";"Bosch Eftermonteringssats 2124423 - cykelnatur.se";"4054289011215"
"2124424";"Bosch System Controller (BRC3100)";"Original Bosch eBike-reservdel: System Controller (BRC3100).";"<h3>Hardware Facts</h3><ul><li>Slimmad styrenhet för elcyklar med det smarta systemet</li><li>Inbyggd i överröret, tillverkad av robust material och skyddad mot stötar och repor</li><li>Styr de viktigaste funktionerna med bara två knappar (slå på elcykeln, ändra körläge)</li><li>Smarta funktioner tillgängliga, t.ex. eBike Lock</li><li>LED-displayer för körläge och batteriladdningsstatus</li><li>Diagnosgränssnitt (typ: USB-C) för diagnos eller som alternativ laddningsmöjlighet för det integrerade batteriet i System Controller (inte lämpligt för laddning av telefoner)</li><li>Utökningsbar med Mini Remote för ytterligare funktioner och bekvämare användning: Styr eBike Flow-appen och Bosch-displayen under färden, Användning av påskjutningshjälp, Aktivering och inaktivering av belysning</li></ul><h3>Connectivity Facts</h3><ul><li>Bluetooth-anslutning (Bluetooth 5.0 Low Energy)</li><li>Programuppdateringar via eBike Flow-appen</li><li>Registrering av aktiviteter via System Controller och visning i eBike Flow-appen</li></ul><p style='margin:0 0 1em'>I förpackningen: 1 st System Controller EB13100000, 1 st Skruv kort EB1320003B, 1 st Skruv lång EB132000AF, 1 st Bruks- och monteringsanvisning.</p><p style='margin:0 0 1em'>System: Det smarta systemet · Vikt: 300 g · Artikelnummer: 2124424 · EAN: 4054289011253</p><p style='margin:0 0 1em'>Original Bosch eBike-reservdel. Beställningsvara som normalt når oss inom 5–10 dagar – vi hör av oss när den finns att hämta i butiken i Årsta, eller så skickar vi den hem till dig. Osäker på om delen passar din cykel? Mejla oss en bild på din display eller ditt batteri så hjälper vi dig.</p>";"1499";"25";"1";"0";"1";"1";"0";"https://raw.githubusercontent.com/erik859/cykelnatur-lokalt-lager/main/bosch-bilder/2124424.jpg";"1";"300";"Original Bosch eBike-reservdel: System Controller (BRC3100). Beställningsvara hos Cykel & Natur i Årsta.";"Bosch System Controller (BRC3100) - cykelnatur.se";"4054289011253"
"2124425";"Bosch Kåpsats ABS Pro, övre (BAS35YY)";"Original Bosch eBike-reservdel: Kåpsats ABS Pro, övre (BAS35YY).";"<p style='margin:0 0 1em'>I förpackningen: 1 st Kåpa ABS Pro övre, 1 st Försänkt skruv M3x8.</p><p style='margin:0 0 1em'>System: Det smarta systemet · Vikt: 10 g · Artikelnummer: 2124425 · EAN: 4054289011123</p><p style='margin:0 0 1em'>Original Bosch eBike-reservdel. Beställningsvara som normalt når oss inom 5–10 dagar – vi hör av oss när den finns att hämta i butiken i Årsta, eller så skickar vi den hem till dig. Osäker på om delen passar din cykel? Mejla oss en bild på din display eller ditt batteri så hjälper vi dig.</p>";"47";"25";"1";"0";"1";"1";"0";"https://raw.githubusercontent.com/erik859/cykelnatur-lokalt-lager/main/bosch-bilder/2124425.jpg";"1";"10";"Original Bosch eBike-reservdel: Kåpsats ABS Pro, övre (BAS35YY). Beställningsvara hos Cykel & Natur i Årsta.";"Bosch Kåpsats ABS Pro, övre (BAS35YY) - cykelnatur.se";"4054289011123"
"2124429";"Bosch Skruvsats för kabelskydd (BDU38YY)";"Original Bosch eBike-reservdel: Skruvsats för kabelskydd (BDU38YY).";"<p style='margin:0 0 1em'>I förpackningen: 2 st Skruv M6x10 (Torx T30).</p><p style='margin:0 0 1em'>System: Det smarta systemet · Vikt: 11 g · Artikelnummer: 2124429 · EAN: 4054289011574</p><p style='margin:0 0 1em'>Original Bosch eBike-reservdel. Beställningsvara som normalt når oss inom 5–10 dagar – vi hör av oss när den finns att hämta i butiken i Årsta, eller så skickar vi den hem till dig. Osäker på om delen passar din cykel? Mejla oss en bild på din display eller ditt batteri så hjälper vi dig.</p>";"47";"25";"1";"0";"1";"1";"0";"https://raw.githubusercontent.com/erik859/cykelnatur-lokalt-lager/main/bosch-bilder/2124429.jpg";"1";"11";"Original Bosch eBike-reservdel: Skruvsats för kabelskydd (BDU38YY). Beställningsvara hos Cykel & Natur i Årsta.";"Bosch Skruvsats för kabelskydd (BDU38YY) - cykelnatur.se";"4054289011574"
"2124430";"Bosch PowerMore-kabel, kabeldragning mot batterihållaren, 250 mm (BCH3923_250)";"Original Bosch eBike-reservdel: PowerMore-kabel, kabeldragning mot batterihållaren, 250 mm (BCH3923_250).";"<p style='margin:0 0 1em'>I förpackningen: 1 st PowerMore-kabel, 250 mm.</p><p style='margin:0 0 1em'>System: Det smarta systemet · Vikt: 65 g · Artikelnummer: 2124430 · EAN: 4054289011130</p><p style='margin:0 0 1em'>Original Bosch eBike-reservdel. Beställningsvara som normalt når oss inom 5–10 dagar – vi hör av oss när den finns att hämta i butiken i Årsta, eller så skickar vi den hem till dig. Osäker på om delen passar din cykel? Mejla oss en bild på din display eller ditt batteri så hjälper vi dig.</p>";"340";"25";"1";"0";"1";"1";"0";"https://raw.githubusercontent.com/erik859/cykelnatur-lokalt-lager/main/bosch-bilder/2124430.jpg";"1";"65";"Original Bosch eBike-reservdel: PowerMore-kabel, kabeldragning mot batterihållaren, 250 mm (BCH3923_250). Beställningsvara hos Cykel & Natur i Årsta.";"Bosch PowerMore-kabel 2124430 - cykelnatur.se";"4054289011130"
"2124432";"Bosch Sats skruvplatta låssida, PowerTube 800 vertikal, led (BBP388Y)";"Original Bosch eBike-reservdel: Sats skruvplatta låssida, PowerTube 800 vertikal, led (BBP388Y).";"<ul><li>För batterier med svängbar borttagning (led)</li></ul><p style='margin:0 0 1em'>I förpackningen: 1 st Skruvplatta vertikal, 4 st Skruv M4x8.</p><p style='margin:0 0 1em'>System: Det smarta systemet · Vikt: 15 g · Artikelnummer: 2124432 · EAN: 4054289011284</p><p style='margin:0 0 1em'>Original Bosch eBike-reservdel. Beställningsvara som normalt når oss inom 5–10 dagar – vi hör av oss när den finns att hämta i butiken i Årsta, eller så skickar vi den hem till dig. Osäker på om delen passar din cykel? Mejla oss en bild på din display eller ditt batteri så hjälper vi dig.</p>";"47";"25";"1";"0";"1";"1";"0";"https://raw.githubusercontent.com/erik859/cykelnatur-lokalt-lager/main/bosch-bilder/2124432.jpg";"1";"15";"Original Bosch eBike-reservdel: Sats skruvplatta låssida, PowerTube 800 vertikal, led (BBP388Y). Beställningsvara hos Cykel & Natur i Årsta.";"Bosch Sats skruvplatta låssida, PowerTube - cykelnatur.se";"4054289011284"
"2124433";"Bosch PowerTube 800 horisontell (EU) (BBP3880)";"Original Bosch eBike-reservdel: PowerTube 800 horisontell (EU) (BBP3880).";"<p style='margin:0 0 1em'>&lt;p&gt;Bosch eBike Systems omorganiserar sin produktion av hållbarhetsskäl. I framtiden kommer den svarta färgbeläggningen att tas bort, vilket ger höljet ett silverutseende. Därför kommer båda färgvarianterna att finnas tillgängliga på marknaden till en början.&lt;/p&gt;&lt;br&gt;&lt;br&gt;&lt;p&gt;Se till att du beställer &lt;strong&gt;rätt variant&lt;/strong&gt; av detta batteri (horisontellt eller vertikalt). &lt;/p&gt;&lt;br&gt;</p><ul><li>Längd: 424 mm</li><li>Nytt, lättare hus</li><li>Kan integreras i cykelramen</li><li>Bekväm och säker isättning och borttagning</li><li>Hög körsträcka och lång livslängd tack vare integrerat batterihanteringssystem</li><li>Ingen minneseffekt och ingen självurladdning</li></ul><p style='margin:0 0 1em'>I förpackningen: 1 st PowerTube 800 horisontell (EU), 1 st Transportförpackning (godkänd för farligt gods), 1 st Bruksanvisning, Batteriet levereras UTAN skruvplattor.</p><p style='margin:0 0 1em'>System: Det smarta systemet · Vikt: 3,9 kg · Artikelnummer: 2124433 · EAN: 4054289011345</p><p style='margin:0 0 1em'>Original Bosch eBike-reservdel. Beställningsvara som normalt når oss inom 5–10 dagar – vi hör av oss när den finns att hämta i butiken i Årsta, eller så skickar vi den hem till dig. Osäker på om delen passar din cykel? Mejla oss en bild på din display eller ditt batteri så hjälper vi dig.</p>";"12449";"25";"1";"0";"1";"1";"0";"https://raw.githubusercontent.com/erik859/cykelnatur-lokalt-lager/main/bosch-bilder/2124433.jpg";"1";"4170";"Original Bosch eBike-reservdel: PowerTube 800 horisontell (EU) (BBP3880). Beställningsvara hos Cykel & Natur i Årsta.";"Bosch PowerTube 800 horisontell (EU) - cykelnatur.se";"4054289011345"
"2124434";"Bosch Sats skruvplatta låssida, PowerTube 800 horisontell, led (BBP388Y)";"Original Bosch eBike-reservdel: Sats skruvplatta låssida, PowerTube 800 horisontell, led (BBP388Y).";"<ul><li>För batterier med svängbar borttagning (led)</li></ul><p style='margin:0 0 1em'>I förpackningen: 1x Skruvplatta vertikal, 4 st Skruv M4x8.</p><p style='margin:0 0 1em'>System: Det smarta systemet · Vikt: 39 g · Artikelnummer: 2124434 · EAN: 4054289011291</p><p style='margin:0 0 1em'>Original Bosch eBike-reservdel. Beställningsvara som normalt når oss inom 5–10 dagar – vi hör av oss när den finns att hämta i butiken i Årsta, eller så skickar vi den hem till dig. Osäker på om delen passar din cykel? Mejla oss en bild på din display eller ditt batteri så hjälper vi dig.</p>";"47";"25";"1";"0";"1";"1";"0";"https://raw.githubusercontent.com/erik859/cykelnatur-lokalt-lager/main/bosch-bilder/2124434.jpg";"1";"39";"Original Bosch eBike-reservdel: Sats skruvplatta låssida, PowerTube 800 horisontell, led (BBP388Y). Beställningsvara hos Cykel & Natur i Årsta.";"Bosch Sats skruvplatta låssida 2124434 - cykelnatur.se";"4054289011291"
"2124435";"Bosch Fäste låssida, PowerTube (BBP38YY) horisontell/vertikal, standard, led";"För PowerTube 540/600/800";"<ul><li>För batterier med svängbar borttagning (led)</li><li>Borttagning mittemot monteringssidan (standard)</li></ul><p style='margin:0 0 1em'>I förpackningen: 1 st Fäste låssida.</p><p style='margin:0 0 1em'>System: Det smarta systemet · Vikt: 70 g · Artikelnummer: 2124435 · EAN: 4054289011390</p><p style='margin:0 0 1em'>Original Bosch eBike-reservdel. Beställningsvara som normalt når oss inom 5–10 dagar – vi hör av oss när den finns att hämta i butiken i Årsta, eller så skickar vi den hem till dig. Osäker på om delen passar din cykel? Mejla oss en bild på din display eller ditt batteri så hjälper vi dig.</p>";"155";"25";"1";"0";"1";"1";"0";"https://raw.githubusercontent.com/erik859/cykelnatur-lokalt-lager/main/bosch-bilder/2124435.jpg";"1";"70";"För PowerTube 540/600/800 Beställningsvara hos Cykel & Natur i Årsta.";"Bosch Fäste låssida, PowerTube 2124435 - cykelnatur.se";"4054289011390"
"2124436";"Bosch Monteringssats Frame Base, PowerTube (BBP38YY) horisontell/vertikal, led";"För PowerTube 540/600/800";"<ul><li>För batterier med svängbar borttagning (led)</li></ul><p style='margin:0 0 1em'>I förpackningen: 1 st Frame Base horisontell / vertikal, 2 st Skruv M5x9.</p><p style='margin:0 0 1em'>System: Det smarta systemet · Vikt: 28 g · Artikelnummer: 2124436 · EAN: 4054289011314</p><p style='margin:0 0 1em'>Original Bosch eBike-reservdel. Beställningsvara som normalt når oss inom 5–10 dagar – vi hör av oss när den finns att hämta i butiken i Årsta, eller så skickar vi den hem till dig. Osäker på om delen passar din cykel? Mejla oss en bild på din display eller ditt batteri så hjälper vi dig.</p>";"78";"25";"1";"0";"1";"1";"0";"https://raw.githubusercontent.com/erik859/cykelnatur-lokalt-lager/main/bosch-bilder/2124436.jpg";"1";"28";"För PowerTube 540/600/800 Beställningsvara hos Cykel & Natur i Årsta.";"Bosch Monteringssats Frame Base 2124436 - cykelnatur.se";"4054289011314"
"2124437";"Bosch Sats skruvplatta låssida, PowerTube 540/600, led (BBP386Y)";"Original Bosch eBike-reservdel: Sats skruvplatta låssida, PowerTube 540/600, led (BBP386Y).";"<ul><li>För batterier med svängbar borttagning (led)</li></ul><p style='margin:0 0 1em'>I förpackningen: 1 st Skruvplatta, 4 st Skruv M4x8.</p><p style='margin:0 0 1em'>System: Det smarta systemet · Vikt: 32 g · Artikelnummer: 2124437 · EAN: 4054289011307</p><p style='margin:0 0 1em'>Original Bosch eBike-reservdel. Beställningsvara som normalt når oss inom 5–10 dagar – vi hör av oss när den finns att hämta i butiken i Årsta, eller så skickar vi den hem till dig. Osäker på om delen passar din cykel? Mejla oss en bild på din display eller ditt batteri så hjälper vi dig.</p>";"47";"25";"1";"0";"1";"1";"0";"https://raw.githubusercontent.com/erik859/cykelnatur-lokalt-lager/main/bosch-bilder/2124437.jpg";"1";"32";"Original Bosch eBike-reservdel: Sats skruvplatta låssida, PowerTube 540/600, led (BBP386Y). Beställningsvara hos Cykel & Natur i Årsta.";"Bosch Sats skruvplatta låssida 2124437 - cykelnatur.se";"4054289011307"
"2124545";"Bosch Sats Drive Unit Performance Line CX smal (BDU384Y)";"Original Bosch eBike-reservdel: Sats Drive Unit Performance Line CX smal (BDU384Y).";"<p style='margin:0 0 1em'>&lt;h4&gt;Viktig produktinformation&lt;/h4&gt;&lt;br&gt;&lt;br&gt;&lt;p&gt;Utbyte av en Drive Unit är endast möjligt som en 1:1-ersättning. Tyvärr kan vi inte erbjuda en uppgradering till en kraftigare Drive Unit. Detta är nödvändigt för att säkerställa teknisk kompatibilitet och systemets smidiga funktion. Därför kan vi inte behandla beställningar som inte motsvarar en 1:1-ersättning och måste tyvärr annullera dem.&lt;/p&gt;&lt;br&gt;&lt;br&gt;&lt;p&gt;För att göra en fullständig beställning behöver vi all nödvändig information. Om du saknar en eller flera av dessa uppgifter kan vi inte fortsätta konfigurera Drive Unit (DU). Se till att den Drive Unit du väljer här stämmer överens med den du har lagt till i varukorgen.&lt;/p&gt;&lt;br&gt;</p><p style='margin:0 0 1em'>&lt;p&gt;För att beställa en Smart System-motor behöver du absolut återförsäljarens diagnosrapport. Om rapporten inte längre är läsbar måste du kontakta Bosch Hotline så att de kan ge dig BackUp-Datei för motorn.&lt;br /&gt;&lt;br&gt;Observera att utan denna fil är vår möjlighet att konfigurera motorn begränsad.&lt;/p&gt;&lt;br&gt;</p><p style='margin:0 0 1em'>&lt;p&gt;Performance Line CX är den perfekta drivenheten för krävande elcyklister – kraftfull, lätt och tyst.&lt;/p&gt;&lt;br&gt;</p><ul><li>Med sina 2,8 kg är nya Performance Line CX ca 100 gram lättare än sin föregångare.</li><li>Tack vare känsligare sensorer reagerar Performance Line CX känsligare än någonsin.</li><li>Performance Line CX är tyst. Den har en bra balans mellan kraftöverföring och ljudnivå.</li><li>Huset är tillverkat av magnesium och därför robust, korrosionsbeständigt och hårt. Tätningskonceptet förhindrar att vattenstänk tränger in.</li><li>Mer kraft tack vare prestandauppgradering. Mer information finns på Bosch eBike i Partnerportal.</li></ul><p style='margin:0 0 1em'>I förpackningen: 1 st Drive Unit EB1110001C, 1 st logokåpa EB112000KD, 1 st kabelskydd EB112000KJ, 1 st skruvsats för kabelskydd EB1190001C, 1 st låsring EB112000JH, 1 st O-ring 1270016119, 1 st muttersats EB11900012, 1 st ramuttagssats EB1190002H, 1 st skruvsats EB1190002F, Bruks- och monteringsanvisning.</p><p style='margin:0 0 1em'>System: Det smarta systemet · Vikt: 2,982 kg · Artikelnummer: 2124545 · EAN: 4054289011505</p><p style='margin:0 0 1em'>Original Bosch eBike-reservdel. Beställningsvara som normalt når oss inom 5–10 dagar – vi hör av oss när den finns att hämta i butiken i Årsta, eller så skickar vi den hem till dig. Osäker på om delen passar din cykel? Mejla oss en bild på din display eller ditt batteri så hjälper vi dig.</p>";"10469";"25";"1";"0";"1";"1";"0";"https://raw.githubusercontent.com/erik859/cykelnatur-lokalt-lager/main/bosch-bilder/2124545.jpg";"1";"2982";"Original Bosch eBike-reservdel: Sats Drive Unit Performance Line CX smal (BDU384Y). Beställningsvara hos Cykel & Natur i Årsta.";"Bosch Sats Drive Unit Performance 2124545 - cykelnatur.se";"4054289011505"
"2124546";"Bosch Sats Drive Unit Performance Line CX bred, inkl. adapter (BDU384Y)";"Original Bosch eBike-reservdel: Sats Drive Unit Performance Line CX bred, inkl. adapter (BDU384Y).";"<p style='margin:0 0 1em'>&lt;h4&gt;Viktig produktinformation&lt;/h4&gt;&lt;br&gt;&lt;br&gt;&lt;p&gt;Utbyte av en Drive Unit är endast möjligt som en 1:1-ersättning. Tyvärr kan vi inte erbjuda en uppgradering till en kraftigare Drive Unit. Detta är nödvändigt för att säkerställa teknisk kompatibilitet och systemets smidiga funktion. Därför kan vi inte behandla beställningar som inte motsvarar en 1:1-ersättning och måste tyvärr annullera dem.&lt;/p&gt;&lt;br&gt;&lt;br&gt;&lt;p&gt;För att göra en fullständig beställning behöver vi all nödvändig information. Om du saknar en eller flera av dessa uppgifter kan vi inte fortsätta konfigurera Drive Unit (DU). Se till att den Drive Unit du väljer här stämmer överens med den du har lagt till i varukorgen.&lt;/p&gt;&lt;br&gt;</p><p style='margin:0 0 1em'>&lt;p&gt;För att beställa en Smart System-motor behöver du absolut återförsäljarens diagnosrapport. Om rapporten inte längre är läsbar måste du kontakta Bosch Hotline så att de kan ge dig BackUp-Datei för motorn.&lt;br /&gt;&lt;br&gt;Observera att utan denna fil är vår möjlighet att konfigurera motorn begränsad.&lt;/p&gt;&lt;br&gt;</p><p style='margin:0 0 1em'>&lt;p&gt;Performance Line CX är den perfekta drivenheten för krävande elcyklister – kraftfull, lätt och tyst.&lt;/p&gt;</p><ul><li>Med sina 2,8 kg är nya Performance Line CX ca 100 gram lättare än sin föregångare.</li><li>Tack vare känsligare sensorer reagerar Performance Line CX känsligare än någonsin.</li><li>Performance Line CX är tyst. Den har en bra balans mellan kraftöverföring och ljudnivå.</li><li>Huset är tillverkat av magnesium och därför robust, korrosionsbeständigt och hårt. Tätningskonceptet förhindrar att vattenstänk tränger in.</li><li>Mer kraft tack vare prestandauppgradering. Mer information finns på Bosch eBike i Partnerportal.</li></ul><p style='margin:0 0 1em'>I förpackningen: 1 st Drive Unit EB1110001C, 1 st logokåpa EB112000KD, 1 st kabelskydd EB112000KJ, 1 st skruvsats för kabelskydd EB1190001C, 1 st låsring EB112000JH, 1 st O-ring 1270016119, 1 st muttersats EB11900012, 1 st ramuttagssats EB1190002J, 1 st adapter EB112000T9, 1 st skruvsats EB1190002G, Bruks- och monteringsanvisning.</p><p style='margin:0 0 1em'>System: Det smarta systemet · Vikt: 3,017 kg · Artikelnummer: 2124546 · EAN: 4054289011512</p><p style='margin:0 0 1em'>Original Bosch eBike-reservdel. Beställningsvara som normalt når oss inom 5–10 dagar – vi hör av oss när den finns att hämta i butiken i Årsta, eller så skickar vi den hem till dig. Osäker på om delen passar din cykel? Mejla oss en bild på din display eller ditt batteri så hjälper vi dig.</p>";"10469";"25";"1";"0";"1";"1";"0";"https://raw.githubusercontent.com/erik859/cykelnatur-lokalt-lager/main/bosch-bilder/2124546.jpg";"1";"3017";"Original Bosch eBike-reservdel: Sats Drive Unit Performance Line CX bred, inkl. adapter (BDU384Y). Beställningsvara hos Cykel & Natur i Årsta.";"Bosch Sats Drive Unit Performance 2124546 - cykelnatur.se";"4054289011512"
"2124547";"Bosch Sats Drive Unit Performance Line Speed smal (BDU388Y)";"Original Bosch eBike-reservdel: Sats Drive Unit Performance Line Speed smal (BDU388Y).";"<p style='margin:0 0 1em'>&lt;h4&gt;Viktig produktinformation&lt;/h4&gt;&lt;br&gt;&lt;br&gt;&lt;p&gt;Utbyte av en Drive Unit är endast möjligt som en 1:1-ersättning. Tyvärr kan vi inte erbjuda en uppgradering till en kraftigare Drive Unit. Detta är nödvändigt för att säkerställa teknisk kompatibilitet och systemets smidiga funktion. Därför kan vi inte behandla beställningar som inte motsvarar en 1:1-ersättning och måste tyvärr annullera dem.&lt;/p&gt;&lt;br&gt;&lt;br&gt;&lt;p&gt;För att göra en fullständig beställning behöver vi all nödvändig information. Om du saknar en eller flera av dessa uppgifter kan vi inte fortsätta konfigurera Drive Unit (DU). Se till att den Drive Unit du väljer här stämmer överens med den du har lagt till i varukorgen.&lt;/p&gt;&lt;br&gt;</p><p style='margin:0 0 1em'>&lt;p&gt;För att beställa en Smart System-motor behöver du absolut återförsäljarens diagnosrapport. Om rapporten inte längre är läsbar måste du kontakta Bosch Hotline så att de kan ge dig BackUp-Datei för motorn.&lt;br /&gt;&lt;br&gt;Observera att utan denna fil är vår möjlighet att konfigurera motorn begränsad.&lt;/p&gt;&lt;br&gt;</p><p style='margin:0 0 1em'>&lt;p&gt;Performance Line Speed är den perfekta drivenheten för alla som pendlar långa distanser och vill komma fram snabbare. &lt;/p&gt;&lt;br&gt;</p><ul><li>Lättare, men med högre effekt: Nya Performance Line Speed är ca. 100 g lättare än sin föregångare.</li><li>Pålitlig: Tack vare sin robusta konstruktion är Performance Line Speed tillförlitlig – även när den utsätts för större påfrestningar.</li><li>Naturlig hantering: Med programvara som förbättrats ytterligare reagerar Performance Line Speed ännu mer exakt och kan därför styras mer direkt.</li><li>Minimalt trampmotstånd: Tack vare det avsevärt minskade trampmotståndet förloras mindre av cyklistens egen kraft och destinationen nås mer effektivt.</li><li>Tystare: Den optimerade transmissionen ser till att ljudnivån blir lägre under cykling.</li><li>Limit-läge, påskjutningshjälp och starthjälp i backe (båda med Hill Hold) gör resan till jobbet enklare.</li><li>Stark assistans tack vare prestandauppgradering. Mer information finns på Bosch eBike i Partnerportal.</li></ul><p style='margin:0 0 1em'>I förpackningen: 1 st Drive Unit EB1110001E, 1 st logokåpa EB112000TN, 1 st kabelskydd EB112000KJ, 1 st skruvsats för kabelskydd EB1190001C, 1 st låsring EB112000JH, 1 st O-ring 1270016119, 1 st muttersats EB11900012, 1 st ramuttagssats EB1190002H, 1 st skruvsats EB1190002F, Bruks- och monteringsanvisning.</p><p style='margin:0 0 1em'>System: Det smarta systemet · Vikt: 2,982 kg · Artikelnummer: 2124547 · EAN: 4054289011529</p><p style='margin:0 0 1em'>Original Bosch eBike-reservdel. Beställningsvara som normalt når oss inom 5–10 dagar – vi hör av oss när den finns att hämta i butiken i Årsta, eller så skickar vi den hem till dig. Osäker på om delen passar din cykel? Mejla oss en bild på din display eller ditt batteri så hjälper vi dig.</p>";"11979";"25";"1";"0";"1";"1";"0";"https://raw.githubusercontent.com/erik859/cykelnatur-lokalt-lager/main/bosch-bilder/2124547.jpg";"1";"2982";"Original Bosch eBike-reservdel: Sats Drive Unit Performance Line Speed smal (BDU388Y). Beställningsvara hos Cykel & Natur i Årsta.";"Bosch Sats Drive Unit Performance 2124547 - cykelnatur.se";"4054289011529"
"2124548";"Bosch Sats Drive Unit Performance Line Speed bred, inkl. adapter (BDU388Y)";"Original Bosch eBike-reservdel: Sats Drive Unit Performance Line Speed bred, inkl. adapter (BDU388Y).";"<p style='margin:0 0 1em'>&lt;h4&gt;Viktig produktinformation&lt;/h4&gt;&lt;br&gt;&lt;br&gt;&lt;p&gt;Utbyte av en Drive Unit är endast möjligt som en 1:1-ersättning. Tyvärr kan vi inte erbjuda en uppgradering till en kraftigare Drive Unit. Detta är nödvändigt för att säkerställa teknisk kompatibilitet och systemets smidiga funktion. Därför kan vi inte behandla beställningar som inte motsvarar en 1:1-ersättning och måste tyvärr annullera dem.&lt;/p&gt;&lt;br&gt;&lt;br&gt;&lt;p&gt;För att göra en fullständig beställning behöver vi all nödvändig information. Om du saknar en eller flera av dessa uppgifter kan vi inte fortsätta konfigurera Drive Unit (DU). Se till att den Drive Unit du väljer här stämmer överens med den du har lagt till i varukorgen.&lt;/p&gt;&lt;br&gt;</p><p style='margin:0 0 1em'>&lt;p&gt;För att beställa en Smart System-motor behöver du absolut återförsäljarens diagnosrapport. Om rapporten inte längre är läsbar måste du kontakta Bosch Hotline så att de kan ge dig BackUp-Datei för motorn.&lt;br /&gt;&lt;br&gt;Observera att utan denna fil är vår möjlighet att konfigurera motorn begränsad.&lt;/p&gt;&lt;br&gt;</p><p style='margin:0 0 1em'>&lt;p&gt;Performance Line Speed är den perfekta drivenheten för alla som pendlar långa distanser och vill komma fram snabbare. &lt;/p&gt;</p><ul><li>Lättare, men med högre effekt: Nya Performance Line Speed är ca. 100 g lättare än sin föregångare.</li><li>Pålitlig: Tack vare sin robusta konstruktion är Performance Line Speed tillförlitlig – även när den utsätts för större påfrestningar.</li><li>Naturlig hantering: Med programvara som förbättrats ytterligare reagerar Performance Line Speed ännu mer exakt och kan därför styras mer direkt.</li><li>Minimalt trampmotstånd: Tack vare det avsevärt minskade trampmotståndet förloras mindre av cyklistens egen kraft och destinationen nås mer effektivt.</li><li>Tystare: Den optimerade transmissionen ser till att ljudnivån blir lägre under cykling.</li><li>Limit-läge, påskjutningshjälp och starthjälp i backe (båda med Hill Hold) gör resan till jobbet enklare.</li><li>Stark assistans tack vare prestandauppgradering. Mer information finns på Bosch eBike i Partnerportal.</li></ul><p style='margin:0 0 1em'>I förpackningen: 1 st Drive Unit EB1110001E, 1 st logokåpa EB112000TN, 1 st kabelskydd EB112000KJ, 1 st skruvsats för kabelskydd EB1190001C, 1 st låsring EB112000JH, 1 st O-ring 1270016119, 1 st muttersats EB11900012, 1 st ramuttagssats EB1190002J, 1 st adapter EB112000T9, 1 st skruvsats EB1190002G, Bruks- och monteringsanvisning.</p><p style='margin:0 0 1em'>System: Det smarta systemet · Vikt: 3,017 kg · Artikelnummer: 2124548 · EAN: 4054289011536</p><p style='margin:0 0 1em'>Original Bosch eBike-reservdel. Beställningsvara som normalt når oss inom 5–10 dagar – vi hör av oss när den finns att hämta i butiken i Årsta, eller så skickar vi den hem till dig. Osäker på om delen passar din cykel? Mejla oss en bild på din display eller ditt batteri så hjälper vi dig.</p>";"11979";"25";"1";"0";"1";"1";"0";"https://raw.githubusercontent.com/erik859/cykelnatur-lokalt-lager/main/bosch-bilder/2124548.jpg";"1";"3017";"Original Bosch eBike-reservdel: Sats Drive Unit Performance Line Speed bred, inkl. adapter (BDU388Y). Beställningsvara hos Cykel & Natur i Årsta.";"Bosch Sats Drive Unit Performance 2124548 - cykelnatur.se";"4054289011536"
"2124549";"Bosch Displaykabel 2400 mm (BCH3611_2400)";"Original Bosch eBike-reservdel: Displaykabel 2400 mm (BCH3611_2400).";"<ul><li>För displayer, styrenheter och ConnectModule</li></ul><p style='margin:0 0 1em'>I förpackningen: 1 st Displaykabel 2400 mm.</p><p style='margin:0 0 1em'>System: Det smarta systemet · Vikt: 39 g · Artikelnummer: 2124549 · EAN: 4054289012205</p><p style='margin:0 0 1em'>Original Bosch eBike-reservdel. Beställningsvara som normalt når oss inom 5–10 dagar – vi hör av oss när den finns att hämta i butiken i Årsta, eller så skickar vi den hem till dig. Osäker på om delen passar din cykel? Mejla oss en bild på din display eller ditt batteri så hjälper vi dig.</p>";"190";"25";"1";"0";"1";"1";"0";"https://raw.githubusercontent.com/erik859/cykelnatur-lokalt-lager/main/bosch-bilder/2124549.jpg";"1";"39";"Original Bosch eBike-reservdel: Displaykabel 2400 mm (BCH3611_2400). Beställningsvara hos Cykel & Natur i Årsta.";"Bosch Displaykabel 2400 mm (BCH3611_2400) - cykelnatur.se";"4054289012205"
"2124550";"Bosch Logokåpa Performance Line (BDU346Y)";"Original Bosch eBike-reservdel: Logokåpa Performance Line (BDU346Y).";"<p style='margin:0 0 1em'>I förpackningen: 1 st Logokåpa Performance Line.</p><p style='margin:0 0 1em'>System: Det smarta systemet · Vikt: 6 g · Artikelnummer: 2124550 · EAN: 4054289012083</p><p style='margin:0 0 1em'>Original Bosch eBike-reservdel. Beställningsvara som normalt når oss inom 5–10 dagar – vi hör av oss när den finns att hämta i butiken i Årsta, eller så skickar vi den hem till dig. Osäker på om delen passar din cykel? Mejla oss en bild på din display eller ditt batteri så hjälper vi dig.</p>";"95";"25";"1";"0";"1";"1";"0";"https://raw.githubusercontent.com/erik859/cykelnatur-lokalt-lager/main/bosch-bilder/2124550.jpg";"1";"6";"Original Bosch eBike-reservdel: Logokåpa Performance Line (BDU346Y). Beställningsvara hos Cykel & Natur i Årsta.";"Bosch Logokåpa Performance Line (BDU346Y) - cykelnatur.se";"4054289012083"
"2124551";"Bosch Logokåpa Performance Line PX (BDU347Y)";"Original Bosch eBike-reservdel: Logokåpa Performance Line PX (BDU347Y).";"<p style='margin:0 0 1em'>I förpackningen: 1 st Logokåpa Performance Line PX.</p><p style='margin:0 0 1em'>System: Det smarta systemet · Vikt: 6 g · Artikelnummer: 2124551 · EAN: 4054289012076</p><p style='margin:0 0 1em'>Original Bosch eBike-reservdel. Beställningsvara som normalt når oss inom 5–10 dagar – vi hör av oss när den finns att hämta i butiken i Årsta, eller så skickar vi den hem till dig. Osäker på om delen passar din cykel? Mejla oss en bild på din display eller ditt batteri så hjälper vi dig.</p>";"95";"25";"1";"0";"1";"1";"0";"https://raw.githubusercontent.com/erik859/cykelnatur-lokalt-lager/main/bosch-bilder/2124551.jpg";"1";"6";"Original Bosch eBike-reservdel: Logokåpa Performance Line PX (BDU347Y). Beställningsvara hos Cykel & Natur i Årsta.";"Bosch Logokåpa Performance Line PX (BDU347Y) - cykelnatur.se";"4054289012076"
"2124552";"Bosch ABS-styrenhet Shimano (BAS3341)";"För Shimano hydrauliska bromssystem";"<p style='margin:0 0 1em'>&lt;h4&gt;Viktig produktinformation&lt;/h4&gt;&lt;br&gt;&lt;br&gt;&lt;p&gt;&lt;strong&gt;Det är inte möjligt att uppgradera från ABS till ABS Pro, eftersom ett byte strider mot CE-direktivet!&lt;/strong&gt;&lt;br /&gt;&lt;br&gt; &lt;br /&gt;&lt;br&gt;För att beställa en ABS-styrenhet behöver vi återförsäljarens diagnosrapport (IBD-rapport). Utan denna information är programmering av styrenheten inte möjlig och beställningen kan inte behandlas.&lt;/p&gt;&lt;br&gt;</p><p style='margin:0 0 1em'>&lt;p&gt;Från eCity till eMTB: Bosch eBike ABS ger optimal bromsning med alla typer av eBike på alla underlag.&lt;/p&gt;</p><ul><li>För närvarande världens lättaste och minsta produktionsklara ABS-system för elcyklar.</li><li>Endast tillgängligt för eBikes med det smarta systemet från Bosch eBike Systems (kan ej eftermonteras).</li><li>Strömförsörjning via eBike-systemet.</li><li>Smal design och möjlighet till direkt integrering av ABS på eBikes gaffel.</li><li>Flexibel användning i många olika eBike-typer: eCargobike, eCity-cykel, eTrekking-cykel, eSUV-cykel, eMountainbike.</li></ul><ul><li>I kombination med förbättrade sensorer (IMU) i drivenheten: Känsligare bromsbeteende och eliminering av ABS-hastighetssensorn och kabeln på bakhjulet.</li><li>Fyra olika ABS-lägen beroende på vilken typ av eBike som används: ABS Cargo, ABS Touring, ABS Allroad, ABS Trail.</li><li>Beroende på typ av eBike är inställningar som ändring av ABS-läge möjliga i eBike Flow-appen eller via inställningsmenyn i displayen.</li><li>På displayen visas elcyklisten bromsinformation, t.ex. bromssträcka, bromsningstid med eller utan ABS-stöd och antal bromsmanövrar med ABS.</li></ul><p style='margin:0 0 1em'>I förpackningen: 1 st ABS-styrenhet Shimano.</p><p style='margin:0 0 1em'>System: Det smarta systemet · Vikt: 240 g · Artikelnummer: 2124552 · EAN: 4054289011840</p><p style='margin:0 0 1em'>Original Bosch eBike-reservdel. Beställningsvara som normalt når oss inom 5–10 dagar – vi hör av oss när den finns att hämta i butiken i Årsta, eller så skickar vi den hem till dig. Osäker på om delen passar din cykel? Mejla oss en bild på din display eller ditt batteri så hjälper vi dig.</p>";"2669";"25";"1";"0";"1";"1";"0";"https://raw.githubusercontent.com/erik859/cykelnatur-lokalt-lager/main/bosch-bilder/2124552.jpg";"1";"240";"För Shimano hydrauliska bromssystem Beställningsvara hos Cykel & Natur i Årsta.";"Bosch ABS-styrenhet Shimano (BAS3341) - cykelnatur.se";"4054289011840"
"2124553";"Bosch ABS Pro-styrenhet Shimano (BAS3541)";"För Shimano hydrauliska bromssystem";"<p style='margin:0 0 1em'>&lt;h4&gt;Viktig produktinformation&lt;/h4&gt;&lt;br&gt;&lt;br&gt;&lt;p&gt;&lt;strong&gt;Det är inte möjligt att byta från ABS Pro till ABS, eftersom ett sådant byte strider mot CE-direktivet!&lt;/strong&gt;&lt;br /&gt;&lt;br&gt; &lt;br /&gt;&lt;br&gt;För att beställa en ABS-styrenhet behöver vi återförsäljarens diagnosrapport (IBD-rapport). Utan denna information är programmering av styrenheten inte möjlig och beställningen kan inte behandlas.&lt;/p&gt;&lt;br&gt;</p><p style='margin:0 0 1em'>&lt;p&gt;Bosch eBike ABS Pro är utformad för mycket sportig körning och är idealisk för elcyklister med professionell bromsteknik. &lt;/p&gt;</p><ul><li>För närvarande världens lättaste och minsta produktionsklara ABS-system för elcyklar.</li><li>Endast tillgängligt för eBikes med det smarta systemet från Bosch eBike Systems (kan ej eftermonteras).</li><li>Strömförsörjning via eBike-systemet.</li><li>Smal design och möjlighet till direkt integrering av ABS på eBikes gaffel.</li><li>Flexibel användning i många olika eBike-typer: eCargobike, eCity-cykel, eTrekking-cykel, eSUV-cykel, eMountainbike.</li></ul><ul><li>I kombination med förbättrade sensorer (IMU) i drivenheten: Känsligare bromsbeteende och eliminering av ABS-hastighetssensorn och kabeln på bakhjulet.</li><li>Två olika ABS-lägen: ABS Trail Pro, ABS Race.</li><li>Beroende på typ av eBike är inställningar som ändring av ABS-läge möjliga i eBike Flow-appen eller via inställningsmenyn i displayen.</li><li>På displayen visas elcyklisten bromsinformation, t.ex. bromssträcka, bromsningstid med eller utan ABS-stöd och antal bromsmanövrar med ABS.</li></ul><p style='margin:0 0 1em'>I förpackningen: 1 st ABS Pro-styrenhet Shimano.</p><p style='margin:0 0 1em'>System: Det smarta systemet · Vikt: 240 g · Artikelnummer: 2124553 · EAN: 4054289011857</p><p style='margin:0 0 1em'>Original Bosch eBike-reservdel. Beställningsvara som normalt når oss inom 5–10 dagar – vi hör av oss när den finns att hämta i butiken i Årsta, eller så skickar vi den hem till dig. Osäker på om delen passar din cykel? Mejla oss en bild på din display eller ditt batteri så hjälper vi dig.</p>";"3719";"25";"1";"0";"1";"1";"0";"https://raw.githubusercontent.com/erik859/cykelnatur-lokalt-lager/main/bosch-bilder/2124553.jpg";"1";"240";"För Shimano hydrauliska bromssystem Beställningsvara hos Cykel & Natur i Årsta.";"Bosch ABS Pro-styrenhet Shimano (BAS3541) - cykelnatur.se";"4054289011857"
"2124554";"Bosch Dekal med logotyp Performance Line PX (BDU347Y)";"Original Bosch eBike-reservdel: Dekal med logotyp Performance Line PX (BDU347Y).";"<p style='margin:0 0 1em'>I förpackningen: 1 st Dekal med logotyp Performance Line PX.</p><p style='margin:0 0 1em'>System: Det smarta systemet · Vikt: 1 g · Artikelnummer: 2124554 · EAN: 4054289012137</p><p style='margin:0 0 1em'>Original Bosch eBike-reservdel. Beställningsvara som normalt når oss inom 5–10 dagar – vi hör av oss när den finns att hämta i butiken i Årsta, eller så skickar vi den hem till dig. Osäker på om delen passar din cykel? Mejla oss en bild på din display eller ditt batteri så hjälper vi dig.</p>";"71";"25";"1";"0";"1";"1";"0";"https://raw.githubusercontent.com/erik859/cykelnatur-lokalt-lager/main/bosch-bilder/2124554.jpg";"1";"1";"Original Bosch eBike-reservdel: Dekal med logotyp Performance Line PX (BDU347Y). Beställningsvara hos Cykel & Natur i Årsta.";"Bosch Dekal med logotyp Performance Line PX - cykelnatur.se";"4054289012137"
"2124555";"Bosch Dekal med logotyp Performance Line (BDU346Y)";"Original Bosch eBike-reservdel: Dekal med logotyp Performance Line (BDU346Y).";"<p style='margin:0 0 1em'>I förpackningen: 1 st Dekal med logotyp Performance Line.</p><p style='margin:0 0 1em'>System: Det smarta systemet · Vikt: 1 g · Artikelnummer: 2124555 · EAN: 4054289012120</p><p style='margin:0 0 1em'>Original Bosch eBike-reservdel. Beställningsvara som normalt når oss inom 5–10 dagar – vi hör av oss när den finns att hämta i butiken i Årsta, eller så skickar vi den hem till dig. Osäker på om delen passar din cykel? Mejla oss en bild på din display eller ditt batteri så hjälper vi dig.</p>";"71";"25";"1";"0";"1";"1";"0";"https://raw.githubusercontent.com/erik859/cykelnatur-lokalt-lager/main/bosch-bilder/2124555.jpg";"1";"1";"Original Bosch eBike-reservdel: Dekal med logotyp Performance Line (BDU346Y). Beställningsvara hos Cykel & Natur i Årsta.";"Bosch Dekal med logotyp Performance 2124555 - cykelnatur.se";"4054289012120"
"2124556";"Bosch Kabelskydd (BDU34YY)";"Original Bosch eBike-reservdel: Kabelskydd (BDU34YY).";"<p style='margin:0 0 1em'>I förpackningen: 1 st Kabelskydd.</p><p style='margin:0 0 1em'>System: Det smarta systemet · Vikt: 30 g · Artikelnummer: 2124556 · EAN: 4054289012168</p><p style='margin:0 0 1em'>Original Bosch eBike-reservdel. Beställningsvara som normalt når oss inom 5–10 dagar – vi hör av oss när den finns att hämta i butiken i Årsta, eller så skickar vi den hem till dig. Osäker på om delen passar din cykel? Mejla oss en bild på din display eller ditt batteri så hjälper vi dig.</p>";"105";"25";"1";"0";"1";"1";"0";"https://raw.githubusercontent.com/erik859/cykelnatur-lokalt-lager/main/bosch-bilder/2124556.jpg";"1";"30";"Original Bosch eBike-reservdel: Kabelskydd (BDU34YY). Beställningsvara hos Cykel & Natur i Årsta.";"Bosch Kabelskydd (BDU34YY) - cykelnatur.se";"4054289012168"
"2124557";"Bosch Hållare ConnectModule för BDU34YY";"Original Bosch eBike-reservdel: Hållare ConnectModule för BDU34YY.";"<p style='margin:0 0 1em'>I förpackningen: 1 st Hållare ConnectModule.</p><p style='margin:0 0 1em'>System: Det smarta systemet · Vikt: 7 g · Artikelnummer: 2124557 · EAN: 4054289011819</p><p style='margin:0 0 1em'>Original Bosch eBike-reservdel. Beställningsvara som normalt når oss inom 5–10 dagar – vi hör av oss när den finns att hämta i butiken i Årsta, eller så skickar vi den hem till dig. Osäker på om delen passar din cykel? Mejla oss en bild på din display eller ditt batteri så hjälper vi dig.</p>";"59";"25";"1";"0";"1";"1";"0";"https://raw.githubusercontent.com/erik859/cykelnatur-lokalt-lager/main/bosch-bilder/2124557.jpg";"1";"7";"Original Bosch eBike-reservdel: Hållare ConnectModule för BDU34YY. Beställningsvara hos Cykel & Natur i Årsta.";"Bosch Hållare ConnectModule för BDU34YY - cykelnatur.se";"4054289011819"
"2124558";"Bosch Monteringsplatta ConnectModule för BDU34YY";"Original Bosch eBike-reservdel: Monteringsplatta ConnectModule för BDU34YY.";"<h3>Finns tillgänglig separat</h3><ul><li>Skruvar EB112000NU, EB13200031</li></ul><p style='margin:0 0 1em'>I förpackningen: 1 st monteringsplatta.</p><p style='margin:0 0 1em'>System: Det smarta systemet · Vikt: 13 g · Artikelnummer: 2124558 · EAN: 4054289011826</p><p style='margin:0 0 1em'>Original Bosch eBike-reservdel. Beställningsvara som normalt når oss inom 5–10 dagar – vi hör av oss när den finns att hämta i butiken i Årsta, eller så skickar vi den hem till dig. Osäker på om delen passar din cykel? Mejla oss en bild på din display eller ditt batteri så hjälper vi dig.</p>";"41";"25";"1";"0";"1";"1";"0";"https://raw.githubusercontent.com/erik859/cykelnatur-lokalt-lager/main/bosch-bilder/2124558.jpg";"1";"13";"Original Bosch eBike-reservdel: Monteringsplatta ConnectModule för BDU34YY. Beställningsvara hos Cykel & Natur i Årsta.";"Bosch Monteringsplatta 2124558 - cykelnatur.se";"4054289011826"
"2124559";"Bosch Logokåpa Performance Line CX-R (BDU386Y)";"Original Bosch eBike-reservdel: Logokåpa Performance Line CX-R (BDU386Y).";"<p style='margin:0 0 1em'>I förpackningen: 1 st logokåpa Performance Line CX-R.</p><p style='margin:0 0 1em'>System: Det smarta systemet · Vikt: 4 g · Artikelnummer: 2124559 · EAN: 4054289012113</p><p style='margin:0 0 1em'>Original Bosch eBike-reservdel. Beställningsvara som normalt når oss inom 5–10 dagar – vi hör av oss när den finns att hämta i butiken i Årsta, eller så skickar vi den hem till dig. Osäker på om delen passar din cykel? Mejla oss en bild på din display eller ditt batteri så hjälper vi dig.</p>";"95";"25";"1";"0";"1";"1";"0";"https://raw.githubusercontent.com/erik859/cykelnatur-lokalt-lager/main/bosch-bilder/2124559.jpg";"1";"4";"Original Bosch eBike-reservdel: Logokåpa Performance Line CX-R (BDU386Y). Beställningsvara hos Cykel & Natur i Årsta.";"Bosch Logokåpa Performance Line CX-R - cykelnatur.se";"4054289012113"
"2124560";"Bosch Fästskruv Kiox 400C";"Original Bosch eBike-reservdel: Fästskruv Kiox 400C.";"<ul><li>För att fästa Kiox 400C i ramen</li></ul><p style='margin:0 0 1em'>I förpackningen: 1 st skruv M4x22, Torx T10.</p><p style='margin:0 0 1em'>System: Det smarta systemet · Vikt: 2 g · Artikelnummer: 2124560 · EAN: 4054289011772</p><p style='margin:0 0 1em'>Original Bosch eBike-reservdel. Beställningsvara som normalt når oss inom 5–10 dagar – vi hör av oss när den finns att hämta i butiken i Årsta, eller så skickar vi den hem till dig. Osäker på om delen passar din cykel? Mejla oss en bild på din display eller ditt batteri så hjälper vi dig.</p>";"23";"25";"1";"0";"1";"1";"0";"https://raw.githubusercontent.com/erik859/cykelnatur-lokalt-lager/main/bosch-bilder/2124560.jpg";"1";"2";"Original Bosch eBike-reservdel: Fästskruv Kiox 400C. Beställningsvara hos Cykel & Natur i Årsta.";"Bosch Fästskruv Kiox 400C - cykelnatur.se";"4054289011772"
"2124561";"Bosch USB-lock Kiox 400C";"Förväntas vara tillgänglig från och med kalenderveckan 35 / 2026";"<p style='margin:0 0 1em'>Förväntas vara tillgänglig från och med kalenderveckan 35 / 2026</p><p style='margin:0 0 1em'>I förpackningen: 1 st USB-lock Kiox 400C.</p><p style='margin:0 0 1em'>System: Det smarta systemet · Vikt: 1 g · Artikelnummer: 2124561 · EAN: 4054289011758</p><p style='margin:0 0 1em'>Original Bosch eBike-reservdel. Beställningsvara som normalt når oss inom 5–10 dagar – vi hör av oss när den finns att hämta i butiken i Årsta, eller så skickar vi den hem till dig. Osäker på om delen passar din cykel? Mejla oss en bild på din display eller ditt batteri så hjälper vi dig.</p>";"35";"25";"1";"0";"1";"1";"0";"https://raw.githubusercontent.com/erik859/cykelnatur-lokalt-lager/main/bosch-bilder/2124561.jpg";"1";"1";"Förväntas vara tillgänglig från och med kalenderveckan 35 / 2026 Beställningsvara hos Cykel & Natur i Årsta.";"Bosch USB-lock Kiox 400C - cykelnatur.se";"4054289011758"
"2124562";"Bosch Skruv ConnectModule för BDU34YY";"Original Bosch eBike-reservdel: Skruv ConnectModule för BDU34YY.";"<p style='margin:0 0 1em'>I förpackningen: 1 st skruv M4x10, Torx T20.</p><p style='margin:0 0 1em'>System: Det smarta systemet · Vikt: 2 g · Artikelnummer: 2124562 · EAN: 4054289011833</p><p style='margin:0 0 1em'>Original Bosch eBike-reservdel. Beställningsvara som normalt når oss inom 5–10 dagar – vi hör av oss när den finns att hämta i butiken i Årsta, eller så skickar vi den hem till dig. Osäker på om delen passar din cykel? Mejla oss en bild på din display eller ditt batteri så hjälper vi dig.</p>";"23";"25";"1";"0";"1";"1";"0";"https://raw.githubusercontent.com/erik859/cykelnatur-lokalt-lager/main/bosch-bilder/2124562.jpg";"1";"2";"Original Bosch eBike-reservdel: Skruv ConnectModule för BDU34YY. Beställningsvara hos Cykel & Natur i Årsta.";"Bosch Skruv ConnectModule för BDU34YY - cykelnatur.se";"4054289011833"
