"Produktnummer";"Namn (SV)";"Inledande text (SV)";"Beskrivning (SV)";"Pris (SEK)";"Moms procentsats";"Lagerhantering";"Lagersaldo";"Visa lagersaldo";"Tillåt beställningar";"Dölj om slut";"Bilder";"Dölj produkt";"Vikt (g)";"META description (SV)";"META title (SV)";"EAN"
"2100039";"Bosch Skruvsats Drive Unit (BDU2XX, BDU3XX, BDU33YY)";"Original Bosch eBike-reservdel: Skruvsats Drive Unit (BDU2XX, BDU3XX, BDU33YY).";"<h3>Kompatibel med</h3><ul><li>BDU2XX</li><li>BDU3XX</li><li>BDU33YY</li></ul><p style='margin:0 0 1em'>I förpackningen: 3 st Skruv med sexkantigt huvud M8x60, 3 st Brickor 8,4x15x1,6, 3 st Muttrar M8, 2 st Självgängande skruv M6x16, Torx T30.</p><p style='margin:0 0 1em'>System: Bosch eBike-system 2,Det smarta systemet · Vikt: 110 g · Artikelnummer: 2100039 · EAN: 4047025220255</p><p style='margin:0 0 1em'>Original Bosch eBike-reservdel. Beställningsvara som normalt når oss inom 5–10 dagar – vi hör av oss när den finns att hämta i butiken i Årsta, eller så skickar vi den hem till dig. Osäker på om delen passar din cykel? Mejla oss en bild på din display eller ditt batteri så hjälper vi dig.</p>";"71";"25";"1";"0";"1";"1";"0";"https://raw.githubusercontent.com/erik859/cykelnatur-lokalt-lager/main/bosch-bilder/2100039.jpg";"1";"110";"Original Bosch eBike-reservdel: Skruvsats Drive Unit (BDU2XX, BDU3XX, BDU33YY). Beställningsvara hos Cykel & Natur i Årsta.";"Bosch Skruvsats Drive Unit - cykelnatur.se";"4047025220255"
"2100040";"Bosch Hållarskalsats för rambatteri, svart (BBS2XX)";"Original Bosch eBike-reservdel: Hållarskalsats för rambatteri, svart (BBS2XX).";"<p style='margin:0 0 1em'>I förpackningen: 2 st Hållarskal, 2 st Självgängande skruvar 3,5x12 Torx T15.</p><p style='margin:0 0 1em'>System: Bosch eBike-system 2 · Vikt: 53 g · Artikelnummer: 2100040 · EAN: 4047025220156</p><p style='margin:0 0 1em'>Original Bosch eBike-reservdel. Beställningsvara som normalt når oss inom 5–10 dagar – vi hör av oss när den finns att hämta i butiken i Årsta, eller så skickar vi den hem till dig. Osäker på om delen passar din cykel? Mejla oss en bild på din display eller ditt batteri så hjälper vi dig.</p>";"360";"25";"1";"0";"1";"1";"0";"https://raw.githubusercontent.com/erik859/cykelnatur-lokalt-lager/main/bosch-bilder/2100040.jpg";"1";"53";"Original Bosch eBike-reservdel: Hållarskalsats för rambatteri, svart (BBS2XX). Beställningsvara hos Cykel & Natur i Årsta.";"Bosch Hållarskalsats för rambatteri, svart - cykelnatur.se";"4047025220156"
"2100041";"Bosch Hållaradaptersats för rambatteri (BBS2XX)";"Original Bosch eBike-reservdel: Hållaradaptersats för rambatteri (BBS2XX).";"<p style='margin:0 0 1em'>I förpackningen: 1 st Spännram, 2 st Skruvar M5x20.</p><p style='margin:0 0 1em'>System: Bosch eBike-system 2 · Vikt: 37 g · Artikelnummer: 2100041 · EAN: 4047025220163</p><p style='margin:0 0 1em'>Original Bosch eBike-reservdel. Beställningsvara som normalt når oss inom 5–10 dagar – vi hör av oss när den finns att hämta i butiken i Årsta, eller så skickar vi den hem till dig. Osäker på om delen passar din cykel? Mejla oss en bild på din display eller ditt batteri så hjälper vi dig.</p>";"180";"25";"1";"0";"1";"1";"0";"https://raw.githubusercontent.com/erik859/cykelnatur-lokalt-lager/main/bosch-bilder/2100041.jpg";"1";"37";"Original Bosch eBike-reservdel: Hållaradaptersats för rambatteri (BBS2XX). Beställningsvara hos Cykel & Natur i Årsta.";"Bosch Hållaradaptersats för rambatteri - cykelnatur.se";"4047025220163"
"2100042";"Bosch Sats för batterihållare, pakethållarbatteri, platina";"Original Bosch eBike-reservdel: Sats för batterihållare, pakethållarbatteri, platina.";"<p style='margin:0 0 1em'>I förpackningen: 1 st Plasthölje, 1 st Skyddslock laddningsuttag, 1 st Fjädrande stopp, 1 st Självgängande skruv 3,5x12, 2 st Självgängande skruvar 3,5x42/22.</p><p style='margin:0 0 1em'>System: Bosch eBike-system 2 · Vikt: 58 g · Artikelnummer: 2100042 · EAN: 4047025220071</p><p style='margin:0 0 1em'>Original Bosch eBike-reservdel. Beställningsvara som normalt når oss inom 5–10 dagar – vi hör av oss när den finns att hämta i butiken i Årsta, eller så skickar vi den hem till dig. Osäker på om delen passar din cykel? Mejla oss en bild på din display eller ditt batteri så hjälper vi dig.</p>";"315";"25";"1";"0";"1";"1";"0";"https://raw.githubusercontent.com/erik859/cykelnatur-lokalt-lager/main/bosch-bilder/2100042.jpg";"1";"58";"Original Bosch eBike-reservdel: Sats för batterihållare, pakethållarbatteri, platina. Beställningsvara hos Cykel & Natur i Årsta.";"Bosch Sats för batterihållare - cykelnatur.se";"4047025220071"
"2100043";"Bosch Sats för batterihållare, pakethållarbatteri, antracit";"Original Bosch eBike-reservdel: Sats för batterihållare, pakethållarbatteri, antracit.";"<p style='margin:0 0 1em'>I förpackningen: 1 st Plasthölje, 1 st Skyddslock laddningsuttag, 1 st Fjädrande stopp, 1 st Självgängande skruv 3,5x12, 2 st Självgängande skruvar 3,5x42/22.</p><p style='margin:0 0 1em'>System: Bosch eBike-system 2 · Vikt: 56 g · Artikelnummer: 2100043 · EAN: 4047025220088</p><p style='margin:0 0 1em'>Original Bosch eBike-reservdel. Beställningsvara som normalt når oss inom 5–10 dagar – vi hör av oss när den finns att hämta i butiken i Årsta, eller så skickar vi den hem till dig. Osäker på om delen passar din cykel? Mejla oss en bild på din display eller ditt batteri så hjälper vi dig.</p>";"360";"25";"1";"0";"1";"1";"0";"https://raw.githubusercontent.com/erik859/cykelnatur-lokalt-lager/main/bosch-bilder/2100043.jpg";"1";"56";"Original Bosch eBike-reservdel: Sats för batterihållare, pakethållarbatteri, antracit. Beställningsvara hos Cykel & Natur i Årsta.";"Bosch Sats för batterihållare 2100043 - cykelnatur.se";"4047025220088"
"2100068";"Bosch Standard Charger EU (BCS220)";"Original Bosch eBike-reservdel: Standard Charger EU (BCS220).";"<h3>För Classic+ behövs även</h3><ul><li>Adapter 0275007913</li></ul><p style='margin:0 0 1em'>I förpackningen: 1 st 4A laddningsenhet, 1 st EU-nätkabel, 1 st Bruksanvisning.</p><p style='margin:0 0 1em'>System: Bosch eBike-system 2 · Vikt: 1,03 kg · Artikelnummer: 2100068 · EAN: 4047025220194</p><p style='margin:0 0 1em'>Original Bosch eBike-reservdel. Beställningsvara som normalt når oss inom 5–10 dagar – vi hör av oss när den finns att hämta i butiken i Årsta, eller så skickar vi den hem till dig. Osäker på om delen passar din cykel? Mejla oss en bild på din display eller ditt batteri så hjälper vi dig.</p>";"1499";"25";"1";"0";"1";"1";"0";"https://raw.githubusercontent.com/erik859/cykelnatur-lokalt-lager/main/bosch-bilder/2100068.jpg";"1";"1030";"Original Bosch eBike-reservdel: Standard Charger EU (BCS220). Beställningsvara hos Cykel & Natur i Årsta.";"Bosch Standard Charger EU (BCS220) - cykelnatur.se";"4047025220194"
"2100071";"Bosch Designkåpa, vitt (Classic+)";"Original Bosch eBike-reservdel: Designkåpa, vitt (Classic+).";"<p style='margin:0 0 1em'>I förpackningen: 1 st Designkåpa.</p><p style='margin:0 0 1em'>System: Classic+ · Vikt: 60 g · Artikelnummer: 2100071 · EAN: 4047024973374</p><p style='margin:0 0 1em'>Original Bosch eBike-reservdel. Beställningsvara som normalt når oss inom 5–10 dagar – vi hör av oss när den finns att hämta i butiken i Årsta, eller så skickar vi den hem till dig. Osäker på om delen passar din cykel? Mejla oss en bild på din display eller ditt batteri så hjälper vi dig.</p>";"360";"25";"1";"0";"1";"1";"0";"https://raw.githubusercontent.com/erik859/cykelnatur-lokalt-lager/main/bosch-bilder/2100071.jpg";"1";"60";"Original Bosch eBike-reservdel: Designkåpa, vitt (Classic+). Beställningsvara hos Cykel & Natur i Årsta.";"Bosch Designkåpa, vitt (Classic+) - cykelnatur.se";"4047024973374"
"2100122";"Bosch Skyddsring svart, för Designkåpa höger (BDU2XX)";"Original Bosch eBike-reservdel: Skyddsring svart, för Designkåpa höger (BDU2XX).";"<p style='margin:0 0 1em'>I förpackningen: 1 st Skyddsring.</p><p style='margin:0 0 1em'>System: Bosch eBike-system 2 · Vikt: 12 g · Artikelnummer: 2100122 · EAN: 4047025220545</p><p style='margin:0 0 1em'>Original Bosch eBike-reservdel. Beställningsvara som normalt når oss inom 5–10 dagar – vi hör av oss när den finns att hämta i butiken i Årsta, eller så skickar vi den hem till dig. Osäker på om delen passar din cykel? Mejla oss en bild på din display eller ditt batteri så hjälper vi dig.</p>";"47";"25";"1";"0";"1";"1";"0";"https://raw.githubusercontent.com/erik859/cykelnatur-lokalt-lager/main/bosch-bilder/2100122.jpg";"1";"12";"Original Bosch eBike-reservdel: Skyddsring svart, för Designkåpa höger (BDU2XX). Beställningsvara hos Cykel & Natur i Årsta.";"Bosch Skyddsring svart, för Designkåpa - cykelnatur.se";"4047025220545"
"2100123";"Bosch Skyddsring svart, för designkåpa vänster (BDU2XX)";"Original Bosch eBike-reservdel: Skyddsring svart, för designkåpa vänster (BDU2XX).";"<p style='margin:0 0 1em'>I förpackningen: 1 st Skyddsring.</p><p style='margin:0 0 1em'>System: Bosch eBike-system 2 · Vikt: 10 g · Artikelnummer: 2100123 · EAN: 4047025220552</p><p style='margin:0 0 1em'>Original Bosch eBike-reservdel. Beställningsvara som normalt når oss inom 5–10 dagar – vi hör av oss när den finns att hämta i butiken i Årsta, eller så skickar vi den hem till dig. Osäker på om delen passar din cykel? Mejla oss en bild på din display eller ditt batteri så hjälper vi dig.</p>";"95";"25";"1";"0";"1";"1";"0";"https://raw.githubusercontent.com/erik859/cykelnatur-lokalt-lager/main/bosch-bilder/2100123.jpg";"1";"10";"Original Bosch eBike-reservdel: Skyddsring svart, för designkåpa vänster (BDU2XX). Beställningsvara hos Cykel & Natur i Årsta.";"Bosch Skyddsring svart, för designkåpa - cykelnatur.se";"4047025220552"
"2100124";"Bosch Luftintag (BDU2XX Performance)";"Original Bosch eBike-reservdel: Luftintag (BDU2XX Performance).";"<ul><li>För Designkåpa</li></ul><p style='margin:0 0 1em'>I förpackningen: 1 st Luftintag.</p><p style='margin:0 0 1em'>System: Bosch eBike-system 2 · Vikt: 10 g · Artikelnummer: 2100124 · EAN: 4047025220569</p><p style='margin:0 0 1em'>Original Bosch eBike-reservdel. Beställningsvara som normalt når oss inom 5–10 dagar – vi hör av oss när den finns att hämta i butiken i Årsta, eller så skickar vi den hem till dig. Osäker på om delen passar din cykel? Mejla oss en bild på din display eller ditt batteri så hjälper vi dig.</p>";"35";"25";"1";"0";"1";"1";"0";"https://raw.githubusercontent.com/erik859/cykelnatur-lokalt-lager/main/bosch-bilder/2100124.jpg";"1";"10";"Original Bosch eBike-reservdel: Luftintag (BDU2XX Performance). Beställningsvara hos Cykel & Natur i Årsta.";"Bosch Luftintag (BDU2XX Performance) - cykelnatur.se";"4047025220569"
"2100127";"Bosch Stopp, fjädrande";"Original Bosch eBike-reservdel: Stopp, fjädrande.";"<p style='margin:0 0 1em'>I förpackningen: 1 st Stopp, fjädrande.</p><p style='margin:0 0 1em'>System: Bosch eBike-system 2 · Vikt: 5 g · Artikelnummer: 2100127 · EAN: 4047025220385</p><p style='margin:0 0 1em'>Original Bosch eBike-reservdel. Beställningsvara som normalt når oss inom 5–10 dagar – vi hör av oss när den finns att hämta i butiken i Årsta, eller så skickar vi den hem till dig. Osäker på om delen passar din cykel? Mejla oss en bild på din display eller ditt batteri så hjälper vi dig.</p>";"23";"25";"1";"0";"1";"1";"0";"https://raw.githubusercontent.com/erik859/cykelnatur-lokalt-lager/main/bosch-bilder/2100127.jpg";"1";"5";"Original Bosch eBike-reservdel: Stopp, fjädrande. Beställningsvara hos Cykel & Natur i Årsta.";"Bosch Stopp, fjädrande - cykelnatur.se";"4047025220385"
"2100132";"Bosch Stenskottsskydd (Classic+)";"Original Bosch eBike-reservdel: Stenskottsskydd (Classic+).";"<p style='margin:0 0 1em'>I förpackningen: 1 st Stenskottsskydd.</p><p style='margin:0 0 1em'>System: Classic+ · Vikt: 109 g · Artikelnummer: 2100132 · EAN: 4047024973312</p><p style='margin:0 0 1em'>Original Bosch eBike-reservdel. Beställningsvara som normalt når oss inom 5–10 dagar – vi hör av oss när den finns att hämta i butiken i Årsta, eller så skickar vi den hem till dig. Osäker på om delen passar din cykel? Mejla oss en bild på din display eller ditt batteri så hjälper vi dig.</p>";"240";"25";"1";"0";"1";"1";"0";"https://raw.githubusercontent.com/erik859/cykelnatur-lokalt-lager/main/bosch-bilder/2100132.jpg";"1";"109";"Original Bosch eBike-reservdel: Stenskottsskydd (Classic+). Beställningsvara hos Cykel & Natur i Årsta.";"Bosch Stenskottsskydd (Classic+) - cykelnatur.se";"4047024973312"
"2100144";"Bosch Designkåpa Active Line, höger (BDU2XX)";"Original Bosch eBike-reservdel: Designkåpa Active Line, höger (BDU2XX).";"<p style='margin:0 0 1em'>I förpackningen: 1 st Designkåpa.</p><p style='margin:0 0 1em'>System: Bosch eBike-system 2 · Vikt: 115 g · Artikelnummer: 2100144 · EAN: 4047025220484</p><p style='margin:0 0 1em'>Original Bosch eBike-reservdel. Beställningsvara som normalt når oss inom 5–10 dagar – vi hör av oss när den finns att hämta i butiken i Årsta, eller så skickar vi den hem till dig. Osäker på om delen passar din cykel? Mejla oss en bild på din display eller ditt batteri så hjälper vi dig.</p>";"240";"25";"1";"0";"1";"1";"0";"https://raw.githubusercontent.com/erik859/cykelnatur-lokalt-lager/main/bosch-bilder/2100144.jpg";"1";"115";"Original Bosch eBike-reservdel: Designkåpa Active Line, höger (BDU2XX). Beställningsvara hos Cykel & Natur i Årsta.";"Bosch Designkåpa Active Line, höger (BDU2XX) - cykelnatur.se";"4047025220484"
"2100146";"Bosch Designkåpa Performance Line, höger (BDU2XX)";"Original Bosch eBike-reservdel: Designkåpa Performance Line, höger (BDU2XX).";"<p style='margin:0 0 1em'>I förpackningen: 1 st Designkåpa.</p><p style='margin:0 0 1em'>System: Bosch eBike-system 2 · Vikt: 115 g · Artikelnummer: 2100146 · EAN: 4047025220507</p><p style='margin:0 0 1em'>Original Bosch eBike-reservdel. Beställningsvara som normalt når oss inom 5–10 dagar – vi hör av oss när den finns att hämta i butiken i Årsta, eller så skickar vi den hem till dig. Osäker på om delen passar din cykel? Mejla oss en bild på din display eller ditt batteri så hjälper vi dig.</p>";"315";"25";"1";"0";"1";"1";"0";"https://raw.githubusercontent.com/erik859/cykelnatur-lokalt-lager/main/bosch-bilder/2100146.jpg";"1";"115";"Original Bosch eBike-reservdel: Designkåpa Performance Line, höger (BDU2XX). Beställningsvara hos Cykel & Natur i Årsta.";"Bosch Designkåpa Performance Line, höger - cykelnatur.se";"4047025220507"
"2100148";"Bosch Kabel för rambatteri 310 mm (BCH210)";"Original Bosch eBike-reservdel: Kabel för rambatteri 310 mm (BCH210).";"<p style='margin:0 0 1em'>I förpackningen: 1 st Kabel för rambatteri, 310 mm.</p><p style='margin:0 0 1em'>System: Bosch eBike-system 2 · Vikt: 60 g · Artikelnummer: 2100148 · EAN: 4047025220439</p><p style='margin:0 0 1em'>Original Bosch eBike-reservdel. Beställningsvara som normalt når oss inom 5–10 dagar – vi hör av oss när den finns att hämta i butiken i Årsta, eller så skickar vi den hem till dig. Osäker på om delen passar din cykel? Mejla oss en bild på din display eller ditt batteri så hjälper vi dig.</p>";"485";"25";"1";"0";"1";"1";"0";"https://raw.githubusercontent.com/erik859/cykelnatur-lokalt-lager/main/bosch-bilder/2100148.jpg";"1";"60";"Original Bosch eBike-reservdel: Kabel för rambatteri 310 mm (BCH210). Beställningsvara hos Cykel & Natur i Årsta.";"Bosch Kabel för rambatteri 310 mm (BCH210) - cykelnatur.se";"4047025220439"
"2100149";"Bosch Kabel för pakethållarbatteri 820 mm (BCH220)";"Original Bosch eBike-reservdel: Kabel för pakethållarbatteri 820 mm (BCH220).";"<p style='margin:0 0 1em'>I förpackningen: 1 st Kabel för pakethållarbatteri, 820 mm.</p><p style='margin:0 0 1em'>System: Bosch eBike-system 2 · Vikt: 116 g · Artikelnummer: 2100149 · EAN: 4047025220392</p><p style='margin:0 0 1em'>Original Bosch eBike-reservdel. Beställningsvara som normalt når oss inom 5–10 dagar – vi hör av oss när den finns att hämta i butiken i Årsta, eller så skickar vi den hem till dig. Osäker på om delen passar din cykel? Mejla oss en bild på din display eller ditt batteri så hjälper vi dig.</p>";"485";"25";"1";"0";"1";"1";"0";"https://raw.githubusercontent.com/erik859/cykelnatur-lokalt-lager/main/bosch-bilder/2100149.jpg";"1";"116";"Original Bosch eBike-reservdel: Kabel för pakethållarbatteri 820 mm (BCH220). Beställningsvara hos Cykel & Natur i Årsta.";"Bosch Kabel för pakethållarbatteri 820 mm - cykelnatur.se";"4047025220392"
"2100150";"Bosch Logokåpa Active Line (BDU2XX)";"Original Bosch eBike-reservdel: Logokåpa Active Line (BDU2XX).";"<ul><li>Om ett Designkåpa är monterat</li></ul><p style='margin:0 0 1em'>I förpackningen: 1 st Logokåpa Active Line.</p><p style='margin:0 0 1em'>System: Bosch eBike-system 2 · Vikt: 11 g · Artikelnummer: 2100150 · EAN: 4047025220521</p><p style='margin:0 0 1em'>Original Bosch eBike-reservdel. Beställningsvara som normalt når oss inom 5–10 dagar – vi hör av oss när den finns att hämta i butiken i Årsta, eller så skickar vi den hem till dig. Osäker på om delen passar din cykel? Mejla oss en bild på din display eller ditt batteri så hjälper vi dig.</p>";"71";"25";"1";"0";"1";"1";"0";"https://raw.githubusercontent.com/erik859/cykelnatur-lokalt-lager/main/bosch-bilder/2100150.jpg";"1";"11";"Original Bosch eBike-reservdel: Logokåpa Active Line (BDU2XX). Beställningsvara hos Cykel & Natur i Årsta.";"Bosch Logokåpa Active Line (BDU2XX) 2100150 - cykelnatur.se";"4047025220521"
"2100151";"Bosch Logokåpa Performance Line (BDU2XX)";"Original Bosch eBike-reservdel: Logokåpa Performance Line (BDU2XX).";"<ul><li>Om ett Designkåpa är monterat</li></ul><p style='margin:0 0 1em'>I förpackningen: 1 st Logokåpa Performance Line.</p><p style='margin:0 0 1em'>System: Bosch eBike-system 2 · Vikt: 110 g · Artikelnummer: 2100151 · EAN: 4047025220538</p><p style='margin:0 0 1em'>Original Bosch eBike-reservdel. Beställningsvara som normalt når oss inom 5–10 dagar – vi hör av oss när den finns att hämta i butiken i Årsta, eller så skickar vi den hem till dig. Osäker på om delen passar din cykel? Mejla oss en bild på din display eller ditt batteri så hjälper vi dig.</p>";"71";"25";"1";"0";"1";"1";"0";"https://raw.githubusercontent.com/erik859/cykelnatur-lokalt-lager/main/bosch-bilder/2100151.jpg";"1";"110";"Original Bosch eBike-reservdel: Logokåpa Performance Line (BDU2XX). Beställningsvara hos Cykel & Natur i Årsta.";"Bosch Logokåpa Performance Line (BDU2XX) - cykelnatur.se";"4047025220538"
"2100152";"Bosch Kabel för rambatteri 520 mm (BCH211)";"Original Bosch eBike-reservdel: Kabel för rambatteri 520 mm (BCH211).";"<p style='margin:0 0 1em'>I förpackningen: 1 st Kabel för rambatteri, 520 mm.</p><p style='margin:0 0 1em'>System: Bosch eBike-system 2 · Vikt: 80 g · Artikelnummer: 2100152 · EAN: 4047025220446</p><p style='margin:0 0 1em'>Original Bosch eBike-reservdel. Beställningsvara som normalt når oss inom 5–10 dagar – vi hör av oss när den finns att hämta i butiken i Årsta, eller så skickar vi den hem till dig. Osäker på om delen passar din cykel? Mejla oss en bild på din display eller ditt batteri så hjälper vi dig.</p>";"485";"25";"1";"0";"1";"1";"0";"https://raw.githubusercontent.com/erik859/cykelnatur-lokalt-lager/main/bosch-bilder/2100152.jpg";"1";"80";"Original Bosch eBike-reservdel: Kabel för rambatteri 520 mm (BCH211). Beställningsvara hos Cykel & Natur i Årsta.";"Bosch Kabel för rambatteri 520 mm (BCH211) - cykelnatur.se";"4047025220446"
"2100155";"Bosch Styrskena för pakethållarbatteri";"Original Bosch eBike-reservdel: Styrskena för pakethållarbatteri.";"<p style='margin:0 0 1em'>I förpackningen: 1 st Styrskena för pakethållarbatteri.</p><p style='margin:0 0 1em'>System: Bosch eBike-system 2 · Vikt: 160 g · Artikelnummer: 2100155 · EAN: 4047025220378</p><p style='margin:0 0 1em'>Original Bosch eBike-reservdel. Beställningsvara som normalt når oss inom 5–10 dagar – vi hör av oss när den finns att hämta i butiken i Årsta, eller så skickar vi den hem till dig. Osäker på om delen passar din cykel? Mejla oss en bild på din display eller ditt batteri så hjälper vi dig.</p>";"215";"25";"1";"0";"1";"1";"0";"https://raw.githubusercontent.com/erik859/cykelnatur-lokalt-lager/main/bosch-bilder/2100155.jpg";"1";"160";"Original Bosch eBike-reservdel: Styrskena för pakethållarbatteri. Beställningsvara hos Cykel & Natur i Årsta.";"Bosch Styrskena för pakethållarbatteri - cykelnatur.se";"4047025220378"
"2100158";"Bosch Förstärkningsplatta i aluminium (Classic+)";"Original Bosch eBike-reservdel: Förstärkningsplatta i aluminium (Classic+).";"<ul><li>För montering av Drive Unit</li></ul><p style='margin:0 0 1em'>I förpackningen: 1 st Förstärkningsplatta i aluminium.</p><p style='margin:0 0 1em'>System: Classic+ · Vikt: 35 g · Artikelnummer: 2100158 · EAN: 4047024973329</p><p style='margin:0 0 1em'>Original Bosch eBike-reservdel. Beställningsvara som normalt når oss inom 5–10 dagar – vi hör av oss när den finns att hämta i butiken i Årsta, eller så skickar vi den hem till dig. Osäker på om delen passar din cykel? Mejla oss en bild på din display eller ditt batteri så hjälper vi dig.</p>";"340";"25";"1";"0";"1";"1";"0";"https://raw.githubusercontent.com/erik859/cykelnatur-lokalt-lager/main/bosch-bilder/2100158.jpg";"1";"35";"Original Bosch eBike-reservdel: Förstärkningsplatta i aluminium (Classic+). Beställningsvara hos Cykel & Natur i Årsta.";"Bosch Förstärkningsplatta i aluminium - cykelnatur.se";"4047024973329"
"2100160";"Ekermagnet (Bosch eBike-system 2)";"Original Bosch eBike-reservdel: Ekermagnet (Bosch eBike-system 2).";"<p style='margin:0 0 1em'>&lt;h4&gt;Viktig produktinformation&lt;/h4&gt;&lt;br&gt;&lt;br&gt;&lt;p&gt;Funktion garanteras endast i kombination med original hastighetssensor Drive Unit 1270020800 - 1270020804!&lt;/p&gt;&lt;br&gt;</p><ul><li>Kompatibel med alla drivenheter</li></ul><p style='margin:0 0 1em'>I förpackningen: 1 st Ekermagnet (Bosch eBike-system 2).</p><p style='margin:0 0 1em'>System: Bosch eBike-system 2,Classic+ · Vikt: 10 g · Artikelnummer: 2100160 · EAN: 4047024973985</p><p style='margin:0 0 1em'>Original Bosch eBike-reservdel. Beställningsvara som normalt når oss inom 5–10 dagar – vi hör av oss när den finns att hämta i butiken i Årsta, eller så skickar vi den hem till dig. Osäker på om delen passar din cykel? Mejla oss en bild på din display eller ditt batteri så hjälper vi dig.</p>";"120";"25";"1";"0";"1";"1";"0";"https://raw.githubusercontent.com/erik859/cykelnatur-lokalt-lager/main/bosch-bilder/2100160.jpg";"1";"10";"Original Bosch eBike-reservdel: Ekermagnet (Bosch eBike-system 2). Beställningsvara hos Cykel & Natur i Årsta.";"Ekermagnet (Bosch eBike-system 2) - cykelnatur.se";"4047024973985"
"2100164";"Bosch Stop, adjustable (Classic+)";"Original Bosch eBike-reservdel: Stop, adjustable (Classic+).";"<p style='margin:0 0 1em'>I förpackningen: 1 st Stopp, inställningsbart.</p><p style='margin:0 0 1em'>System: Classic+ · Vikt: 6 g · Artikelnummer: 2100164 · EAN: 4047025144803</p><p style='margin:0 0 1em'>Original Bosch eBike-reservdel. Beställningsvara som normalt når oss inom 5–10 dagar – vi hör av oss när den finns att hämta i butiken i Årsta, eller så skickar vi den hem till dig. Osäker på om delen passar din cykel? Mejla oss en bild på din display eller ditt batteri så hjälper vi dig.</p>";"35";"25";"1";"0";"1";"1";"0";"https://raw.githubusercontent.com/erik859/cykelnatur-lokalt-lager/main/bosch-bilder/2100164.jpg";"1";"6";"Original Bosch eBike-reservdel: Stop, adjustable (Classic+). Beställningsvara hos Cykel & Natur i Årsta.";"Bosch Stop, adjustable (Classic+) - cykelnatur.se";"4047025144803"
"2100165";"Bosch Dekal 25 km/h (Classic+)";"Original Bosch eBike-reservdel: Dekal 25 km/h (Classic+).";"<p style='margin:0 0 1em'>I förpackningen: 1 st Dekal 25 km/h (Classic+).</p><p style='margin:0 0 1em'>System: Classic+ · Vikt: 1 g · Artikelnummer: 2100165 · EAN: 4047025144810</p><p style='margin:0 0 1em'>Original Bosch eBike-reservdel. Beställningsvara som normalt når oss inom 5–10 dagar – vi hör av oss när den finns att hämta i butiken i Årsta, eller så skickar vi den hem till dig. Osäker på om delen passar din cykel? Mejla oss en bild på din display eller ditt batteri så hjälper vi dig.</p>";"23";"25";"1";"0";"1";"1";"0";"https://raw.githubusercontent.com/erik859/cykelnatur-lokalt-lager/main/bosch-bilder/2100165.jpg";"1";"1";"Original Bosch eBike-reservdel: Dekal 25 km/h (Classic+). Beställningsvara hos Cykel & Natur i Årsta.";"Bosch Dekal 25 km/h (Classic+) - cykelnatur.se";"4047025144810"
"2100166";"Bosch Dekal 45 km/h (Classic+)";"Original Bosch eBike-reservdel: Dekal 45 km/h (Classic+).";"<p style='margin:0 0 1em'>I förpackningen: 1 st Dekal 45 km/h (Classic+).</p><p style='margin:0 0 1em'>System: Classic+ · Vikt: 1 g · Artikelnummer: 2100166 · EAN: 4047024973305</p><p style='margin:0 0 1em'>Original Bosch eBike-reservdel. Beställningsvara som normalt når oss inom 5–10 dagar – vi hör av oss när den finns att hämta i butiken i Årsta, eller så skickar vi den hem till dig. Osäker på om delen passar din cykel? Mejla oss en bild på din display eller ditt batteri så hjälper vi dig.</p>";"23";"25";"1";"0";"1";"1";"0";"https://raw.githubusercontent.com/erik859/cykelnatur-lokalt-lager/main/bosch-bilder/2100166.jpg";"1";"1";"Original Bosch eBike-reservdel: Dekal 45 km/h (Classic+). Beställningsvara hos Cykel & Natur i Årsta.";"Bosch Dekal 45 km/h (Classic+) - cykelnatur.se";"4047024973305"
"2100168";"Bosch Kedjedrev 18 kuggar (BDU2XX)";"Original Bosch eBike-reservdel: Kedjedrev 18 kuggar (BDU2XX).";"<p style='margin:0 0 1em'>I förpackningen: 1 st Kedjedrev.</p><p style='margin:0 0 1em'>System: Bosch eBike-system 2 · Vikt: 38 g · Artikelnummer: 2100168 · EAN: 4047025220583</p><p style='margin:0 0 1em'>Original Bosch eBike-reservdel. Beställningsvara som normalt når oss inom 5–10 dagar – vi hör av oss när den finns att hämta i butiken i Årsta, eller så skickar vi den hem till dig. Osäker på om delen passar din cykel? Mejla oss en bild på din display eller ditt batteri så hjälper vi dig.</p>";"190";"25";"1";"0";"1";"1";"0";"https://raw.githubusercontent.com/erik859/cykelnatur-lokalt-lager/main/bosch-bilder/2100168.jpg";"1";"38";"Original Bosch eBike-reservdel: Kedjedrev 18 kuggar (BDU2XX). Beställningsvara hos Cykel & Natur i Årsta.";"Bosch Kedjedrev 18 kuggar (BDU2XX) - cykelnatur.se";"4047025220583"
"2100169";"Bosch Kedjedrev 15 kuggar (BDU2XX)";"Original Bosch eBike-reservdel: Kedjedrev 15 kuggar (BDU2XX).";"<p style='margin:0 0 1em'>I förpackningen: 1 st Kedjedrev.</p><p style='margin:0 0 1em'>System: Bosch eBike-system 2 · Vikt: 21 g · Artikelnummer: 2100169 · EAN: 4047025220576</p><p style='margin:0 0 1em'>Original Bosch eBike-reservdel. Beställningsvara som normalt når oss inom 5–10 dagar – vi hör av oss när den finns att hämta i butiken i Årsta, eller så skickar vi den hem till dig. Osäker på om delen passar din cykel? Mejla oss en bild på din display eller ditt batteri så hjälper vi dig.</p>";"190";"25";"1";"0";"1";"1";"0";"https://raw.githubusercontent.com/erik859/cykelnatur-lokalt-lager/main/bosch-bilder/2100169.jpg";"1";"21";"Original Bosch eBike-reservdel: Kedjedrev 15 kuggar (BDU2XX). Beställningsvara hos Cykel & Natur i Årsta.";"Bosch Kedjedrev 15 kuggar (BDU2XX) - cykelnatur.se";"4047025220576"
"2100170";"Bosch Kedjedrev 20 kuggar (BDU2XX)";"Original Bosch eBike-reservdel: Kedjedrev 20 kuggar (BDU2XX).";"<p style='margin:0 0 1em'>I förpackningen: 1 st Kedjedrev.</p><p style='margin:0 0 1em'>System: Bosch eBike-system 2 · Vikt: 52 g · Artikelnummer: 2100170 · EAN: 4047025220590</p><p style='margin:0 0 1em'>Original Bosch eBike-reservdel. Beställningsvara som normalt når oss inom 5–10 dagar – vi hör av oss när den finns att hämta i butiken i Årsta, eller så skickar vi den hem till dig. Osäker på om delen passar din cykel? Mejla oss en bild på din display eller ditt batteri så hjälper vi dig.</p>";"190";"25";"1";"0";"1";"1";"0";"https://raw.githubusercontent.com/erik859/cykelnatur-lokalt-lager/main/bosch-bilder/2100170.jpg";"1";"52";"Original Bosch eBike-reservdel: Kedjedrev 20 kuggar (BDU2XX). Beställningsvara hos Cykel & Natur i Årsta.";"Bosch Kedjedrev 20 kuggar (BDU2XX) - cykelnatur.se";"4047025220590"
"2100171";"Bosch Y-kabel för rambatteri 370 mm (BCH250)";"Original Bosch eBike-reservdel: Y-kabel för rambatteri 370 mm (BCH250).";"<h3>Strömförsörjning för</h3><ul><li>NuVinci Harmony</li></ul><p style='margin:0 0 1em'>I förpackningen: 1 st Y-kabel, 370 mm.</p><p style='margin:0 0 1em'>System: Bosch eBike-system 2 · Vikt: 73 g · Artikelnummer: 2100171 · EAN: 4047025220453</p><p style='margin:0 0 1em'>Original Bosch eBike-reservdel. Beställningsvara som normalt når oss inom 5–10 dagar – vi hör av oss när den finns att hämta i butiken i Årsta, eller så skickar vi den hem till dig. Osäker på om delen passar din cykel? Mejla oss en bild på din display eller ditt batteri så hjälper vi dig.</p>";"659";"25";"1";"0";"1";"1";"0";"https://raw.githubusercontent.com/erik859/cykelnatur-lokalt-lager/main/bosch-bilder/2100171.jpg";"1";"73";"Original Bosch eBike-reservdel: Y-kabel för rambatteri 370 mm (BCH250). Beställningsvara hos Cykel & Natur i Årsta.";"Bosch Y-kabel för rambatteri 370 mm (BCH250) - cykelnatur.se";"4047025220453"
"2100172";"Bosch Y cable for rack battery 880 mm (BCH251)";"Original Bosch eBike-reservdel: Y cable for rack battery 880 mm (BCH251).";"<h3>Strömförsörjning för</h3><ul><li>NuVinci Harmony</li></ul><p style='margin:0 0 1em'>I förpackningen: 1 st Y-kabel, 880 mm.</p><p style='margin:0 0 1em'>System: Bosch eBike-system 2 · Vikt: 113 g · Artikelnummer: 2100172 · EAN: 4047025220408</p><p style='margin:0 0 1em'>Original Bosch eBike-reservdel. Beställningsvara som normalt når oss inom 5–10 dagar – vi hör av oss när den finns att hämta i butiken i Årsta, eller så skickar vi den hem till dig. Osäker på om delen passar din cykel? Mejla oss en bild på din display eller ditt batteri så hjälper vi dig.</p>";"659";"25";"1";"0";"1";"1";"0";"https://raw.githubusercontent.com/erik859/cykelnatur-lokalt-lager/main/bosch-bilder/2100172.jpg";"1";"113";"Original Bosch eBike-reservdel: Y cable for rack battery 880 mm (BCH251). Beställningsvara hos Cykel & Natur i Årsta.";"Bosch Y cable for rack battery 880 mm - cykelnatur.se";"4047025220408"
"2100173";"Bosch Laddningskabel USB Micro A – Micro B, 300 mm för Intuvia, Nyon (BUI275)och Kiox (BUI330)";"Original Bosch eBike-reservdel: Laddningskabel USB Micro A – Micro B, 300 mm för Intuvia, Nyon (BUI275)och Kiox (BUI330).";"<ul><li>För laddning av smartphone</li></ul><p style='margin:0 0 1em'>I förpackningen: 1 st Laddningskabel USB Micro A – Micro B.</p><p style='margin:0 0 1em'>System: Bosch eBike-system 2 · Vikt: 12 g · Artikelnummer: 2100173 · EAN: 4047025220361</p><p style='margin:0 0 1em'>Original Bosch eBike-reservdel. Beställningsvara som normalt når oss inom 5–10 dagar – vi hör av oss när den finns att hämta i butiken i Årsta, eller så skickar vi den hem till dig. Osäker på om delen passar din cykel? Mejla oss en bild på din display eller ditt batteri så hjälper vi dig.</p>";"95";"25";"1";"0";"1";"1";"0";"https://raw.githubusercontent.com/erik859/cykelnatur-lokalt-lager/main/bosch-bilder/2100173.jpg";"1";"12";"Original Bosch eBike-reservdel: Laddningskabel USB Micro A – Micro B, 300 mm för Intuvia, Nyon (BUI275)och… Beställningsvara hos Cykel & Natur i Årsta.";"Bosch Laddningskabel USB Micro A – Micro B - cykelnatur.se";"4047025220361"
"2100185";"Bosch Skyddslock laddningsuttag rambatteri";"Original Bosch eBike-reservdel: Skyddslock laddningsuttag rambatteri.";"<p style='margin:0 0 1em'>I förpackningen: 1 st Skyddslock laddningsuttag.</p><p style='margin:0 0 1em'>System: Bosch eBike-system 2 · Vikt: 6 g · Artikelnummer: 2100185 · EAN: 4047025220422</p><p style='margin:0 0 1em'>Original Bosch eBike-reservdel. Beställningsvara som normalt når oss inom 5–10 dagar – vi hör av oss när den finns att hämta i butiken i Årsta, eller så skickar vi den hem till dig. Osäker på om delen passar din cykel? Mejla oss en bild på din display eller ditt batteri så hjälper vi dig.</p>";"23";"25";"1";"0";"1";"1";"0";"https://raw.githubusercontent.com/erik859/cykelnatur-lokalt-lager/main/bosch-bilder/2100185.jpg";"1";"6";"Original Bosch eBike-reservdel: Skyddslock laddningsuttag rambatteri. Beställningsvara hos Cykel & Natur i Årsta.";"Bosch Skyddslock laddningsuttag rambatteri - cykelnatur.se";"4047025220422"
"2100187";"Bosch Skyddslock, laddningsuttag för pakethållarbatteri (BBR2XX)";"Original Bosch eBike-reservdel: Skyddslock, laddningsuttag för pakethållarbatteri (BBR2XX).";"<p style='margin:0 0 1em'>I förpackningen: 1 st Skyddslock laddningsuttag.</p><p style='margin:0 0 1em'>System: Bosch eBike-system 2 · Vikt: 6 g · Artikelnummer: 2100187 · EAN: 4047025220019</p><p style='margin:0 0 1em'>Original Bosch eBike-reservdel. Beställningsvara som normalt når oss inom 5–10 dagar – vi hör av oss när den finns att hämta i butiken i Årsta, eller så skickar vi den hem till dig. Osäker på om delen passar din cykel? Mejla oss en bild på din display eller ditt batteri så hjälper vi dig.</p>";"23";"25";"1";"0";"1";"1";"0";"https://raw.githubusercontent.com/erik859/cykelnatur-lokalt-lager/main/bosch-bilder/2100187.jpg";"1";"6";"Original Bosch eBike-reservdel: Skyddslock, laddningsuttag för pakethållarbatteri (BBR2XX). Beställningsvara hos Cykel & Natur i Årsta.";"Bosch Skyddslock, laddningsuttag för - cykelnatur.se";"4047025220019"
"2100191";"Bosch Gummidistans manöverenhet för Intuvia och Nyon (BUI275)";"Original Bosch eBike-reservdel: Gummidistans manöverenhet för Intuvia och Nyon (BUI275).";"<p style='margin:0 0 1em'>I förpackningen: 1 st För styrdiameter 22,2 mm.</p><p style='margin:0 0 1em'>System: Bosch eBike-system 2 · Vikt: 4 g · Artikelnummer: 2100191 · EAN: 4047024973732</p><p style='margin:0 0 1em'>Original Bosch eBike-reservdel. Beställningsvara som normalt når oss inom 5–10 dagar – vi hör av oss när den finns att hämta i butiken i Årsta, eller så skickar vi den hem till dig. Osäker på om delen passar din cykel? Mejla oss en bild på din display eller ditt batteri så hjälper vi dig.</p>";"35";"25";"1";"0";"1";"1";"0";"https://raw.githubusercontent.com/erik859/cykelnatur-lokalt-lager/main/bosch-bilder/2100191.jpg";"1";"4";"Original Bosch eBike-reservdel: Gummidistans manöverenhet för Intuvia och Nyon (BUI275). Beställningsvara hos Cykel & Natur i Årsta.";"Bosch Gummidistans manöverenhet för Intuvia - cykelnatur.se";"4047024973732"
"2100193";"Bosch Intuvia designmask";"Förväntas vara tillgänglig från och med kalenderveckan 34/35 / 2026";"<p style='margin:0 0 1em'>Förväntas vara tillgänglig från och med kalenderveckan 34/35 / 2026</p><p style='margin:0 0 1em'>I förpackningen: 1 st Intuvia designmask.</p><p style='margin:0 0 1em'>System: Bosch eBike-system 2 · Vikt: 7 g · Artikelnummer: 2100193 · EAN: 4047025220316</p><p style='margin:0 0 1em'>Original Bosch eBike-reservdel. Beställningsvara som normalt når oss inom 5–10 dagar – vi hör av oss när den finns att hämta i butiken i Årsta, eller så skickar vi den hem till dig. Osäker på om delen passar din cykel? Mejla oss en bild på din display eller ditt batteri så hjälper vi dig.</p>";"190";"25";"1";"0";"1";"1";"0";"https://raw.githubusercontent.com/erik859/cykelnatur-lokalt-lager/main/bosch-bilder/2100193.jpg";"1";"7";"Förväntas vara tillgänglig från och med kalenderveckan 34/35 / 2026 Beställningsvara hos Cykel & Natur i Årsta.";"Bosch Intuvia designmask - cykelnatur.se";"4047025220316"
"2100195";"Bosch Sats för montering av displayhållareför Intuvia och Nyon (BUI275)";"Original Bosch eBike-reservdel: Sats för montering av displayhållareför Intuvia och Nyon (BUI275).";"<p style='margin:0 0 1em'>I förpackningen: 4 st Fästskruvar M4x17,5, 2 st Klämmor, 3x 4 st Gummidistanser (31,8 mm, 25,4 mm, 22,2 mm), 1 st Fästskruv M3x8.</p><p style='margin:0 0 1em'>System: Bosch eBike-system 2 · Vikt: 48 g · Artikelnummer: 2100195 · EAN: 4047025220330</p><p style='margin:0 0 1em'>Original Bosch eBike-reservdel. Beställningsvara som normalt når oss inom 5–10 dagar – vi hör av oss när den finns att hämta i butiken i Årsta, eller så skickar vi den hem till dig. Osäker på om delen passar din cykel? Mejla oss en bild på din display eller ditt batteri så hjälper vi dig.</p>";"155";"25";"1";"0";"1";"1";"0";"https://raw.githubusercontent.com/erik859/cykelnatur-lokalt-lager/main/bosch-bilder/2100195.jpg";"1";"48";"Original Bosch eBike-reservdel: Sats för montering av displayhållareför Intuvia och Nyon (BUI275). Beställningsvara hos Cykel & Natur i Årsta.";"Bosch Sats för montering av - cykelnatur.se";"4047025220330"
"2100204";"Bosch Ljuskabel strålkastare 1400 mm";"Original Bosch eBike-reservdel: Ljuskabel strålkastare 1400 mm.";"<p style='margin:0 0 1em'>I förpackningen: 1 st Ljuskabel strålkastare, 1400 mm.</p><p style='margin:0 0 1em'>System: Bosch eBike-system 2,Classic+ · Vikt: 27 g · Artikelnummer: 2100204 · EAN: 4047024973671</p><p style='margin:0 0 1em'>Original Bosch eBike-reservdel. Beställningsvara som normalt når oss inom 5–10 dagar – vi hör av oss när den finns att hämta i butiken i Årsta, eller så skickar vi den hem till dig. Osäker på om delen passar din cykel? Mejla oss en bild på din display eller ditt batteri så hjälper vi dig.</p>";"155";"25";"1";"0";"1";"1";"0";"https://raw.githubusercontent.com/erik859/cykelnatur-lokalt-lager/main/bosch-bilder/2100204.jpg";"1";"27";"Original Bosch eBike-reservdel: Ljuskabel strålkastare 1400 mm. Beställningsvara hos Cykel & Natur i Årsta.";"Bosch Ljuskabel strålkastare 1400 mm - cykelnatur.se";"4047024973671"
"2100206";"Bosch Belysningskabel bakljus 1400 mm";"Original Bosch eBike-reservdel: Belysningskabel bakljus 1400 mm.";"<p style='margin:0 0 1em'>I förpackningen: 1 st Belysningskabel bakljus, 1400 mm.</p><p style='margin:0 0 1em'>System: Bosch eBike-system 2,Classic+ · Vikt: 27 g · Artikelnummer: 2100206 · EAN: 4047025144896</p><p style='margin:0 0 1em'>Original Bosch eBike-reservdel. Beställningsvara som normalt når oss inom 5–10 dagar – vi hör av oss när den finns att hämta i butiken i Årsta, eller så skickar vi den hem till dig. Osäker på om delen passar din cykel? Mejla oss en bild på din display eller ditt batteri så hjälper vi dig.</p>";"155";"25";"1";"0";"1";"1";"0";"https://raw.githubusercontent.com/erik859/cykelnatur-lokalt-lager/main/bosch-bilder/2100206.jpg";"1";"27";"Original Bosch eBike-reservdel: Belysningskabel bakljus 1400 mm. Beställningsvara hos Cykel & Natur i Årsta.";"Bosch Belysningskabel bakljus 1400 mm - cykelnatur.se";"4047025144896"
"2100207";"Nätkabel Charger EU (Classic+, Bosch eBike system 2, det smartasystemet)";"Original Bosch eBike-reservdel: Nätkabel Charger EU (Classic+, Bosch eBike system 2, det smartasystemet).";"<ul><li>Kompatibel med alla laddningsenheter</li></ul><p style='margin:0 0 1em'>I förpackningen: 1 st Nätkabel Charger EU.</p><p style='margin:0 0 1em'>System: Bosch eBike-system 2,Det smarta systemet,Classic+ · Vikt: 74 g · Artikelnummer: 2100207 · EAN: 4047024973855</p><p style='margin:0 0 1em'>Original Bosch eBike-reservdel. Beställningsvara som normalt når oss inom 5–10 dagar – vi hör av oss när den finns att hämta i butiken i Årsta, eller så skickar vi den hem till dig. Osäker på om delen passar din cykel? Mejla oss en bild på din display eller ditt batteri så hjälper vi dig.</p>";"71";"25";"1";"0";"1";"1";"0";"https://raw.githubusercontent.com/erik859/cykelnatur-lokalt-lager/main/bosch-bilder/2100207.jpg";"1";"74";"Original Bosch eBike-reservdel: Nätkabel Charger EU (Classic+, Bosch eBike system 2, det smartasystemet). Beställningsvara hos Cykel & Natur i Årsta.";"Nätkabel Charger EU - cykelnatur.se";"4047024973855"
"2100214";"Bosch Hastighetssensor Drive Unit, 615 mm";"Förväntas vara tillgänglig från och med kalenderveckan 34 / 2026";"<p style='margin:0 0 1em'>Förväntas vara tillgänglig från och med kalenderveckan 34 / 2026</p><p style='margin:0 0 1em'>&lt;h4&gt;Viktig produktinformation&lt;/h4&gt;&lt;br&gt;&lt;br&gt;&lt;p&gt;Funktion garanteras endast i kombination med original Ekermagnet 1270015931!&lt;/p&gt;&lt;br&gt;</p><p style='margin:0 0 1em'>I förpackningen: 1 st Hastighetssensor Drive Unit, 615 mm.</p><p style='margin:0 0 1em'>System: Bosch eBike-system 2,Classic+ · Vikt: 22 g · Artikelnummer: 2100214 · EAN: 4047024973480</p><p style='margin:0 0 1em'>Original Bosch eBike-reservdel. Beställningsvara som normalt når oss inom 5–10 dagar – vi hör av oss när den finns att hämta i butiken i Årsta, eller så skickar vi den hem till dig. Osäker på om delen passar din cykel? Mejla oss en bild på din display eller ditt batteri så hjälper vi dig.</p>";"315";"25";"1";"0";"1";"1";"0";"https://raw.githubusercontent.com/erik859/cykelnatur-lokalt-lager/main/bosch-bilder/2100214.jpg";"1";"22";"Förväntas vara tillgänglig från och med kalenderveckan 34 / 2026 Beställningsvara hos Cykel & Natur i Årsta.";"Bosch Hastighetssensor Drive Unit, 615 mm - cykelnatur.se";"4047024973480"
"2100220";"Bosch Intuvia display (BUI255)";"Original Bosch eBike-reservdel: Intuvia display (BUI255).";"<p style='margin:0 0 1em'>I förpackningen: 1 st Intuvia display, 1 st Bruksanvisning.</p><p style='margin:0 0 1em'>System: Bosch eBike-system 2 · Vikt: 330 g · Artikelnummer: 2100220 · EAN: 4047025220293</p><p style='margin:0 0 1em'>Original Bosch eBike-reservdel. Beställningsvara som normalt når oss inom 5–10 dagar – vi hör av oss när den finns att hämta i butiken i Årsta, eller så skickar vi den hem till dig. Osäker på om delen passar din cykel? Mejla oss en bild på din display eller ditt batteri så hjälper vi dig.</p>";"1499";"25";"1";"0";"1";"1";"0";"https://raw.githubusercontent.com/erik859/cykelnatur-lokalt-lager/main/bosch-bilder/2100220.jpg";"1";"330";"Original Bosch eBike-reservdel: Intuvia display (BUI255). Beställningsvara hos Cykel & Natur i Årsta.";"Bosch Intuvia display (BUI255) - cykelnatur.se";"4047025220293"
"2100221";"Bosch Displayhållare, kabel 1500 mmför Intuvia och Nyon (BUI275)";"Original Bosch eBike-reservdel: Displayhållare, kabel 1500 mmför Intuvia och Nyon (BUI275).";"<p style='margin:0 0 1em'>I förpackningen: 1 st Displayhållare, 1 st Kabel 1500 mm, 4 st Gummidistanser 31,8 mm, 4 st Gummidistanser 25,4 mm, 4 st Gummidistanser 22,2 mm.</p><p style='margin:0 0 1em'>System: Bosch eBike-system 2 · Vikt: 185 g · Artikelnummer: 2100221 · EAN: 4047025220323</p><p style='margin:0 0 1em'>Original Bosch eBike-reservdel. Beställningsvara som normalt når oss inom 5–10 dagar – vi hör av oss när den finns att hämta i butiken i Årsta, eller så skickar vi den hem till dig. Osäker på om delen passar din cykel? Mejla oss en bild på din display eller ditt batteri så hjälper vi dig.</p>";"485";"25";"1";"0";"1";"1";"0";"https://raw.githubusercontent.com/erik859/cykelnatur-lokalt-lager/main/bosch-bilder/2100221.jpg";"1";"185";"Original Bosch eBike-reservdel: Displayhållare, kabel 1500 mmför Intuvia och Nyon (BUI275). Beställningsvara hos Cykel & Natur i Årsta.";"Bosch Displayhållare, kabel 1500 mmför - cykelnatur.se";"4047025220323"
"2100223";"Bosch Adapter för styrskena, 4 mm";"Original Bosch eBike-reservdel: Adapter för styrskena, 4 mm.";"<p style='margin:0 0 1em'>I förpackningen: 1 st Adapter för styrskena, 4 mm.</p><p style='margin:0 0 1em'>System: Bosch eBike-system 2 · Vikt: 6 g · Artikelnummer: 2100223 · EAN: 4047024974036</p><p style='margin:0 0 1em'>Original Bosch eBike-reservdel. Beställningsvara som normalt når oss inom 5–10 dagar – vi hör av oss när den finns att hämta i butiken i Årsta, eller så skickar vi den hem till dig. Osäker på om delen passar din cykel? Mejla oss en bild på din display eller ditt batteri så hjälper vi dig.</p>";"23";"25";"1";"0";"1";"1";"0";"https://raw.githubusercontent.com/erik859/cykelnatur-lokalt-lager/main/bosch-bilder/2100223.jpg";"1";"6";"Original Bosch eBike-reservdel: Adapter för styrskena, 4 mm. Beställningsvara hos Cykel & Natur i Årsta.";"Bosch Adapter för styrskena, 4 mm - cykelnatur.se";"4047024974036"
"2100224";"Bosch Adapter för styrskena, 8 mm";"Original Bosch eBike-reservdel: Adapter för styrskena, 8 mm.";"<p style='margin:0 0 1em'>I förpackningen: 1 st Adapter för styrskena, 8 mm.</p><p style='margin:0 0 1em'>System: Bosch eBike-system 2 · Vikt: 6 g · Artikelnummer: 2100224 · EAN: 4047024974012</p><p style='margin:0 0 1em'>Original Bosch eBike-reservdel. Beställningsvara som normalt når oss inom 5–10 dagar – vi hör av oss när den finns att hämta i butiken i Årsta, eller så skickar vi den hem till dig. Osäker på om delen passar din cykel? Mejla oss en bild på din display eller ditt batteri så hjälper vi dig.</p>";"23";"25";"1";"0";"1";"1";"0";"https://raw.githubusercontent.com/erik859/cykelnatur-lokalt-lager/main/bosch-bilder/2100224.jpg";"1";"6";"Original Bosch eBike-reservdel: Adapter för styrskena, 8 mm. Beställningsvara hos Cykel & Natur i Årsta.";"Bosch Adapter för styrskena, 8 mm - cykelnatur.se";"4047024974012"
"2100225";"Bosch Låsbleck rambatteri";"Original Bosch eBike-reservdel: Låsbleck rambatteri.";"<p style='margin:0 0 1em'>I förpackningen: 1 st Låsbleck rambatteri.</p><p style='margin:0 0 1em'>System: Bosch eBike-system 2 · Vikt: 9 g · Artikelnummer: 2100225 · EAN: 4047025220460</p><p style='margin:0 0 1em'>Original Bosch eBike-reservdel. Beställningsvara som normalt når oss inom 5–10 dagar – vi hör av oss när den finns att hämta i butiken i Årsta, eller så skickar vi den hem till dig. Osäker på om delen passar din cykel? Mejla oss en bild på din display eller ditt batteri så hjälper vi dig.</p>";"35";"25";"1";"0";"1";"1";"0";"https://raw.githubusercontent.com/erik859/cykelnatur-lokalt-lager/main/bosch-bilder/2100225.jpg";"1";"9";"Original Bosch eBike-reservdel: Låsbleck rambatteri. Beställningsvara hos Cykel & Natur i Årsta.";"Bosch Låsbleck rambatteri - cykelnatur.se";"4047025220460"
"2100319";"Bosch Fästskruv för displayhållare för Intuvia och Nyon (BUI275)";"Original Bosch eBike-reservdel: Fästskruv för displayhållare för Intuvia och Nyon (BUI275).";"<p style='margin:0 0 1em'>I förpackningen: 1 st Fästskruv M3x8.</p><p style='margin:0 0 1em'>System: Bosch eBike-system 2 · Vikt: 4 g · Artikelnummer: 2100319 · EAN: 4047025331814</p><p style='margin:0 0 1em'>Original Bosch eBike-reservdel. Beställningsvara som normalt når oss inom 5–10 dagar – vi hör av oss när den finns att hämta i butiken i Årsta, eller så skickar vi den hem till dig. Osäker på om delen passar din cykel? Mejla oss en bild på din display eller ditt batteri så hjälper vi dig.</p>";"23";"25";"1";"0";"1";"1";"0";"https://raw.githubusercontent.com/erik859/cykelnatur-lokalt-lager/main/bosch-bilder/2100319.jpg";"1";"4";"Original Bosch eBike-reservdel: Fästskruv för displayhållare för Intuvia och Nyon (BUI275). Beställningsvara hos Cykel & Natur i Årsta.";"Bosch Fästskruv för displayhållare för - cykelnatur.se";"4047025331814"
"2100322";"Bosch Sats med dekaler för reglage, rambatteri (Classic+)";"Original Bosch eBike-reservdel: Sats med dekaler för reglage, rambatteri (Classic+).";"<p style='margin:0 0 1em'>I förpackningen: 10 st Dekaler för reglage.</p><p style='margin:0 0 1em'>System: Classic+ · Vikt: 4 g · Artikelnummer: 2100322 · EAN: 4047025332446</p><p style='margin:0 0 1em'>Original Bosch eBike-reservdel. Beställningsvara som normalt når oss inom 5–10 dagar – vi hör av oss när den finns att hämta i butiken i Årsta, eller så skickar vi den hem till dig. Osäker på om delen passar din cykel? Mejla oss en bild på din display eller ditt batteri så hjälper vi dig.</p>";"35";"25";"1";"0";"1";"1";"0";"https://raw.githubusercontent.com/erik859/cykelnatur-lokalt-lager/main/bosch-bilder/2100322.jpg";"1";"4";"Original Bosch eBike-reservdel: Sats med dekaler för reglage, rambatteri (Classic+). Beställningsvara hos Cykel & Natur i Årsta.";"Bosch Sats med dekaler för reglage - cykelnatur.se";"4047025332446"
"2100325";"Bosch Nyon manöverenhet (BUI275)";"Förväntas vara tillgänglig från och med kalenderveckan 34 / 2026";"<p style='margin:0 0 1em'>Förväntas vara tillgänglig från och med kalenderveckan 34 / 2026</p><p style='margin:0 0 1em'>I förpackningen: 1 st Nyon manöverenhet, 1 st Gummidistanser, 1 st Tätning, 4 st Skruvar krysspår 00.</p><p style='margin:0 0 1em'>System: Bosch eBike-system 2 · Vikt: 130 g · Artikelnummer: 2100325 · EAN: 4047025332033</p><p style='margin:0 0 1em'>Original Bosch eBike-reservdel. Beställningsvara som normalt når oss inom 5–10 dagar – vi hör av oss när den finns att hämta i butiken i Årsta, eller så skickar vi den hem till dig. Osäker på om delen passar din cykel? Mejla oss en bild på din display eller ditt batteri så hjälper vi dig.</p>";"729";"25";"1";"0";"1";"1";"0";"https://raw.githubusercontent.com/erik859/cykelnatur-lokalt-lager/main/bosch-bilder/2100325.jpg";"1";"130";"Förväntas vara tillgänglig från och med kalenderveckan 34 / 2026 Beställningsvara hos Cykel & Natur i Årsta.";"Bosch Nyon manöverenhet (BUI275) - cykelnatur.se";"4047025332033"
"2100327";"Bosch Nyon designmask (BUI275)";"Original Bosch eBike-reservdel: Nyon designmask (BUI275).";"<p style='margin:0 0 1em'>I förpackningen: 1 st Nyon designmask.</p><p style='margin:0 0 1em'>System: Bosch eBike-system 2 · Vikt: 8 g · Artikelnummer: 2100327 · EAN: 4047025332057</p><p style='margin:0 0 1em'>Original Bosch eBike-reservdel. Beställningsvara som normalt når oss inom 5–10 dagar – vi hör av oss när den finns att hämta i butiken i Årsta, eller så skickar vi den hem till dig. Osäker på om delen passar din cykel? Mejla oss en bild på din display eller ditt batteri så hjälper vi dig.</p>";"240";"25";"1";"0";"1";"1";"0";"https://raw.githubusercontent.com/erik859/cykelnatur-lokalt-lager/main/bosch-bilder/2100327.jpg";"1";"8";"Original Bosch eBike-reservdel: Nyon designmask (BUI275). Beställningsvara hos Cykel & Natur i Årsta.";"Bosch Nyon designmask (BUI275) - cykelnatur.se";"4047025332057"
"2100328";"Bosch Y-kabel för rambatteri 370 mm (BCH260)";"Original Bosch eBike-reservdel: Y-kabel för rambatteri 370 mm (BCH260).";"<h3>Strömförsörjning och CAN för</h3><ul><li>ABS</li><li>eShift (Rohloff E-14, Shimano DI2, NuVinci H|sync, Enviolo Automatiq)</li></ul><p style='margin:0 0 1em'>I förpackningen: 1 st Y-kabel, 370 mm.</p><p style='margin:0 0 1em'>System: Bosch eBike-system 2 · Vikt: 87 g · Artikelnummer: 2100328 · EAN: 4047025332071</p><p style='margin:0 0 1em'>Original Bosch eBike-reservdel. Beställningsvara som normalt når oss inom 5–10 dagar – vi hör av oss när den finns att hämta i butiken i Årsta, eller så skickar vi den hem till dig. Osäker på om delen passar din cykel? Mejla oss en bild på din display eller ditt batteri så hjälper vi dig.</p>";"1079";"25";"1";"0";"1";"1";"0";"https://raw.githubusercontent.com/erik859/cykelnatur-lokalt-lager/main/bosch-bilder/2100328.jpg";"1";"87";"Original Bosch eBike-reservdel: Y-kabel för rambatteri 370 mm (BCH260). Beställningsvara hos Cykel & Natur i Årsta.";"Bosch Y-kabel för rambatteri 370 mm (BCH260) - cykelnatur.se";"4047025332071"
"2100330";"Bosch Y-kabel för pakethållarbatteri 880 mm (BCH261)";"Original Bosch eBike-reservdel: Y-kabel för pakethållarbatteri 880 mm (BCH261).";"<h3>Strömförsörjning och CAN för</h3><ul><li>ABS</li><li>eShift (Rohloff E-14, Shimano DI2, NuVinci H|sync, Enviolo Automatiq)</li></ul><p style='margin:0 0 1em'>I förpackningen: 1 st Y-kabel, 880 mm.</p><p style='margin:0 0 1em'>System: Bosch eBike-system 2 · Vikt: 136 g · Artikelnummer: 2100330 · EAN: 4047025332064</p><p style='margin:0 0 1em'>Original Bosch eBike-reservdel. Beställningsvara som normalt når oss inom 5–10 dagar – vi hör av oss när den finns att hämta i butiken i Årsta, eller så skickar vi den hem till dig. Osäker på om delen passar din cykel? Mejla oss en bild på din display eller ditt batteri så hjälper vi dig.</p>";"1079";"25";"1";"0";"1";"1";"0";"https://raw.githubusercontent.com/erik859/cykelnatur-lokalt-lager/main/bosch-bilder/2100330.jpg";"1";"136";"Original Bosch eBike-reservdel: Y-kabel för pakethållarbatteri 880 mm (BCH261). Beställningsvara hos Cykel & Natur i Årsta.";"Bosch Y-kabel för pakethållarbatteri 880 mm - cykelnatur.se";"4047025332064"
"2100331";"Bosch Sats med plastkåpa lås rambatteri";"Original Bosch eBike-reservdel: Sats med plastkåpa lås rambatteri.";"<p style='margin:0 0 1em'>I förpackningen: 1 st Över- och underdel, 1 st Självgängande skruv 3,5x12, 2 st Insexskruvar M5x12.</p><p style='margin:0 0 1em'>System: Bosch eBike-system 2 · Vikt: 36 g · Artikelnummer: 2100331 · EAN: 4047025332088</p><p style='margin:0 0 1em'>Original Bosch eBike-reservdel. Beställningsvara som normalt når oss inom 5–10 dagar – vi hör av oss när den finns att hämta i butiken i Årsta, eller så skickar vi den hem till dig. Osäker på om delen passar din cykel? Mejla oss en bild på din display eller ditt batteri så hjälper vi dig.</p>";"360";"25";"1";"0";"1";"1";"0";"https://raw.githubusercontent.com/erik859/cykelnatur-lokalt-lager/main/bosch-bilder/2100331.jpg";"1";"36";"Original Bosch eBike-reservdel: Sats med plastkåpa lås rambatteri. Beställningsvara hos Cykel & Natur i Årsta.";"Bosch Sats med plastkåpa lås rambatteri - cykelnatur.se";"4047025332088"
"2100334";"Bosch Designkåpa Active Line inverterad, höger (BDU2XX)";"Original Bosch eBike-reservdel: Designkåpa Active Line inverterad, höger (BDU2XX).";"<p style='margin:0 0 1em'>I förpackningen: 1 st Designkåpa.</p><p style='margin:0 0 1em'>System: Bosch eBike-system 2 · Vikt: 113 g · Artikelnummer: 2100334 · EAN: 4047025332187</p><p style='margin:0 0 1em'>Original Bosch eBike-reservdel. Beställningsvara som normalt når oss inom 5–10 dagar – vi hör av oss när den finns att hämta i butiken i Årsta, eller så skickar vi den hem till dig. Osäker på om delen passar din cykel? Mejla oss en bild på din display eller ditt batteri så hjälper vi dig.</p>";"240";"25";"1";"0";"1";"1";"0";"https://raw.githubusercontent.com/erik859/cykelnatur-lokalt-lager/main/bosch-bilder/2100334.jpg";"1";"113";"Original Bosch eBike-reservdel: Designkåpa Active Line inverterad, höger (BDU2XX). Beställningsvara hos Cykel & Natur i Årsta.";"Bosch Designkåpa Active Line inverterad - cykelnatur.se";"4047025332187"
"2100336";"Bosch Kabelskydd (BDU2XX Performance Line)";"Original Bosch eBike-reservdel: Kabelskydd (BDU2XX Performance Line).";"<ul><li>För pulverlackerade Drive Units</li></ul><p style='margin:0 0 1em'>I förpackningen: 1 st Kabelskydd.</p><p style='margin:0 0 1em'>System: Bosch eBike-system 2 · Vikt: 43 g · Artikelnummer: 2100336 · EAN: 4047025332217</p><p style='margin:0 0 1em'>Original Bosch eBike-reservdel. Beställningsvara som normalt når oss inom 5–10 dagar – vi hör av oss när den finns att hämta i butiken i Årsta, eller så skickar vi den hem till dig. Osäker på om delen passar din cykel? Mejla oss en bild på din display eller ditt batteri så hjälper vi dig.</p>";"240";"25";"1";"0";"1";"1";"0";"https://raw.githubusercontent.com/erik859/cykelnatur-lokalt-lager/main/bosch-bilder/2100336.jpg";"1";"43";"Original Bosch eBike-reservdel: Kabelskydd (BDU2XX Performance Line). Beställningsvara hos Cykel & Natur i Årsta.";"Bosch Kabelskydd (BDU2XX Performance Line) - cykelnatur.se";"4047025332217"
"2100337";"Bosch Fästskruv kabelskydd (BDU2XX Performance Line)";"Original Bosch eBike-reservdel: Fästskruv kabelskydd (BDU2XX Performance Line).";"<p style='margin:0 0 1em'>I förpackningen: 1 st Självgängande skruv M4x10, Torx T20.</p><p style='margin:0 0 1em'>System: Bosch eBike-system 2 · Vikt: 3 g · Artikelnummer: 2100337 · EAN: 4047025332224</p><p style='margin:0 0 1em'>Original Bosch eBike-reservdel. Beställningsvara som normalt når oss inom 5–10 dagar – vi hör av oss när den finns att hämta i butiken i Årsta, eller så skickar vi den hem till dig. Osäker på om delen passar din cykel? Mejla oss en bild på din display eller ditt batteri så hjälper vi dig.</p>";"23";"25";"1";"0";"1";"1";"0";"https://raw.githubusercontent.com/erik859/cykelnatur-lokalt-lager/main/bosch-bilder/2100337.jpg";"1";"3";"Original Bosch eBike-reservdel: Fästskruv kabelskydd (BDU2XX Performance Line). Beställningsvara hos Cykel & Natur i Årsta.";"Bosch Fästskruv kabelskydd - cykelnatur.se";"4047025332224"
"2100338";"Bosch Logokåpa Active Line (BDU2XX)";"Original Bosch eBike-reservdel: Logokåpa Active Line (BDU2XX).";"<ul><li>Om ett Designkåpa är monterat</li></ul><p style='margin:0 0 1em'>I förpackningen: 1 st Logokåpa Active Line.</p><p style='margin:0 0 1em'>System: Bosch eBike-system 2 · Vikt: 11 g · Artikelnummer: 2100338 · EAN: 4047025332231</p><p style='margin:0 0 1em'>Original Bosch eBike-reservdel. Beställningsvara som normalt når oss inom 5–10 dagar – vi hör av oss när den finns att hämta i butiken i Årsta, eller så skickar vi den hem till dig. Osäker på om delen passar din cykel? Mejla oss en bild på din display eller ditt batteri så hjälper vi dig.</p>";"71";"25";"1";"0";"1";"1";"0";"https://raw.githubusercontent.com/erik859/cykelnatur-lokalt-lager/main/bosch-bilder/2100338.jpg";"1";"11";"Original Bosch eBike-reservdel: Logokåpa Active Line (BDU2XX). Beställningsvara hos Cykel & Natur i Årsta.";"Bosch Logokåpa Active Line (BDU2XX) 2100338 - cykelnatur.se";"4047025332231"
"2100340";"Bosch Skyddsring platina, för Designkåpa vänster (BDU2XX)";"Original Bosch eBike-reservdel: Skyddsring platina, för Designkåpa vänster (BDU2XX).";"<p style='margin:0 0 1em'>I förpackningen: 1 st Skyddsring.</p><p style='margin:0 0 1em'>System: Bosch eBike-system 2 · Vikt: 10 g · Artikelnummer: 2100340 · EAN: 4047025332255</p><p style='margin:0 0 1em'>Original Bosch eBike-reservdel. Beställningsvara som normalt når oss inom 5–10 dagar – vi hör av oss när den finns att hämta i butiken i Årsta, eller så skickar vi den hem till dig. Osäker på om delen passar din cykel? Mejla oss en bild på din display eller ditt batteri så hjälper vi dig.</p>";"47";"25";"1";"0";"1";"1";"0";"https://raw.githubusercontent.com/erik859/cykelnatur-lokalt-lager/main/bosch-bilder/2100340.jpg";"1";"10";"Original Bosch eBike-reservdel: Skyddsring platina, för Designkåpa vänster (BDU2XX). Beställningsvara hos Cykel & Natur i Årsta.";"Bosch Skyddsring platina, för Designkåpa - cykelnatur.se";"4047025332255"
"2100341";"Bosch Skyddsring platina, för designkåpa höger (BDU2XX)";"Original Bosch eBike-reservdel: Skyddsring platina, för designkåpa höger (BDU2XX).";"<p style='margin:0 0 1em'>I förpackningen: 1 st Skyddsring.</p><p style='margin:0 0 1em'>System: Bosch eBike-system 2 · Vikt: 10 g · Artikelnummer: 2100341 · EAN: 4047025332262</p><p style='margin:0 0 1em'>Original Bosch eBike-reservdel. Beställningsvara som normalt når oss inom 5–10 dagar – vi hör av oss när den finns att hämta i butiken i Årsta, eller så skickar vi den hem till dig. Osäker på om delen passar din cykel? Mejla oss en bild på din display eller ditt batteri så hjälper vi dig.</p>";"47";"25";"1";"0";"1";"1";"0";"https://raw.githubusercontent.com/erik859/cykelnatur-lokalt-lager/main/bosch-bilder/2100341.jpg";"1";"10";"Original Bosch eBike-reservdel: Skyddsring platina, för designkåpa höger (BDU2XX). Beställningsvara hos Cykel & Natur i Årsta.";"Bosch Skyddsring platina, för designkåpa - cykelnatur.se";"4047025332262"
"2100348";"Bosch Hållarskalsats för rambatteri, vitt (Classic+)";"Original Bosch eBike-reservdel: Hållarskalsats för rambatteri, vitt (Classic+).";"<ul><li>Hållaradaptersats 1270022029 kan beställas separat</li><li>Hållaradaptersats 1270022029 krävs även för modellår 2011 / 2012</li></ul><p style='margin:0 0 1em'>I förpackningen: 2 st Hållarskal, 2 st Självgängande skruvar M3x12, Torx T10.</p><p style='margin:0 0 1em'>System: Classic+ · Vikt: 75 g · Artikelnummer: 2100348 · EAN: 4047025331906</p><p style='margin:0 0 1em'>Original Bosch eBike-reservdel. Beställningsvara som normalt når oss inom 5–10 dagar – vi hör av oss när den finns att hämta i butiken i Årsta, eller så skickar vi den hem till dig. Osäker på om delen passar din cykel? Mejla oss en bild på din display eller ditt batteri så hjälper vi dig.</p>";"360";"25";"1";"0";"1";"1";"0";"https://raw.githubusercontent.com/erik859/cykelnatur-lokalt-lager/main/bosch-bilder/2100348.jpg";"1";"75";"Original Bosch eBike-reservdel: Hållarskalsats för rambatteri, vitt (Classic+). Beställningsvara hos Cykel & Natur i Årsta.";"Bosch Hållarskalsats för rambatteri, vitt - cykelnatur.se";"4047025331906"
"2100350";"Bosch Skruvsats, hållarskal för rambatteri (Classic+)";"Original Bosch eBike-reservdel: Skruvsats, hållarskal för rambatteri (Classic+).";"<p style='margin:0 0 1em'>I förpackningen: 2 st Självgängande skruvar M3x12, Torx T10.</p><p style='margin:0 0 1em'>System: Classic+ · Vikt: 3 g · Artikelnummer: 2100350 · EAN: 4047025332453</p><p style='margin:0 0 1em'>Original Bosch eBike-reservdel. Beställningsvara som normalt når oss inom 5–10 dagar – vi hör av oss när den finns att hämta i butiken i Årsta, eller så skickar vi den hem till dig. Osäker på om delen passar din cykel? Mejla oss en bild på din display eller ditt batteri så hjälper vi dig.</p>";"23";"25";"1";"0";"1";"1";"0";"https://raw.githubusercontent.com/erik859/cykelnatur-lokalt-lager/main/bosch-bilder/2100350.jpg";"1";"3";"Original Bosch eBike-reservdel: Skruvsats, hållarskal för rambatteri (Classic+). Beställningsvara hos Cykel & Natur i Årsta.";"Bosch Skruvsats, hållarskal för rambatteri - cykelnatur.se";"4047025332453"
"2100352";"Bosch Skruvsats, hållaradapter för rambatteri  (Classic+)";"Original Bosch eBike-reservdel: Skruvsats, hållaradapter för rambatteri  (Classic+).";"<p style='margin:0 0 1em'>I förpackningen: 2 st Insexskruvar M5x20.</p><p style='margin:0 0 1em'>System: Classic+ · Vikt: 10 g · Artikelnummer: 2100352 · EAN: 4047025332460</p><p style='margin:0 0 1em'>Original Bosch eBike-reservdel. Beställningsvara som normalt når oss inom 5–10 dagar – vi hör av oss när den finns att hämta i butiken i Årsta, eller så skickar vi den hem till dig. Osäker på om delen passar din cykel? Mejla oss en bild på din display eller ditt batteri så hjälper vi dig.</p>";"23";"25";"1";"0";"1";"1";"0";"https://raw.githubusercontent.com/erik859/cykelnatur-lokalt-lager/main/bosch-bilder/2100352.jpg";"1";"10";"Original Bosch eBike-reservdel: Skruvsats, hållaradapter för rambatteri (Classic+). Beställningsvara hos Cykel & Natur i Årsta.";"Bosch Skruvsats, hållaradapter för - cykelnatur.se";"4047025332460"
"2100353";"Bosch Skruvsats lås rambatteri (Classic+)";"Original Bosch eBike-reservdel: Skruvsats lås rambatteri (Classic+).";"<p style='margin:0 0 1em'>I förpackningen: 2 st Muttrar M4, 2 st Skruvar med kullrigt huvud Torx M4x20.</p><p style='margin:0 0 1em'>System: Classic+ · Vikt: 14 g · Artikelnummer: 2100353 · EAN: 4047025331968</p><p style='margin:0 0 1em'>Original Bosch eBike-reservdel. Beställningsvara som normalt når oss inom 5–10 dagar – vi hör av oss när den finns att hämta i butiken i Årsta, eller så skickar vi den hem till dig. Osäker på om delen passar din cykel? Mejla oss en bild på din display eller ditt batteri så hjälper vi dig.</p>";"47";"25";"1";"0";"1";"1";"0";"https://raw.githubusercontent.com/erik859/cykelnatur-lokalt-lager/main/bosch-bilder/2100353.jpg";"1";"14";"Original Bosch eBike-reservdel: Skruvsats lås rambatteri (Classic+). Beställningsvara hos Cykel & Natur i Årsta.";"Bosch Skruvsats lås rambatteri (Classic+) - cykelnatur.se";"4047025331968"
"2100358";"Bosch Skruvsats designlock (BDU2XX)";"Original Bosch eBike-reservdel: Skruvsats designlock (BDU2XX).";"<p style='margin:0 0 1em'>I förpackningen: 3 st Självgängande skruv M4x53,5, Torx T20.</p><p style='margin:0 0 1em'>System: Bosch eBike-system 2 · Vikt: 14 g · Artikelnummer: 2100358 · EAN: 4047025332507</p><p style='margin:0 0 1em'>Original Bosch eBike-reservdel. Beställningsvara som normalt når oss inom 5–10 dagar – vi hör av oss när den finns att hämta i butiken i Årsta, eller så skickar vi den hem till dig. Osäker på om delen passar din cykel? Mejla oss en bild på din display eller ditt batteri så hjälper vi dig.</p>";"35";"25";"1";"0";"1";"1";"0";"https://raw.githubusercontent.com/erik859/cykelnatur-lokalt-lager/main/bosch-bilder/2100358.jpg";"1";"14";"Original Bosch eBike-reservdel: Skruvsats designlock (BDU2XX). Beställningsvara hos Cykel & Natur i Årsta.";"Bosch Skruvsats designlock (BDU2XX) - cykelnatur.se";"4047025332507"
"2100359";"Bosch Låsring (BDU2XX)";"Förväntas vara tillgänglig från och med kalenderveckan 36/37 / 2026";"<p style='margin:0 0 1em'>Förväntas vara tillgänglig från och med kalenderveckan 36/37 / 2026</p><ul><li>För montering av kedjehjul</li></ul><h3>Dessutom behövs</h3><ul><li>O-ring 1270014024</li></ul><p style='margin:0 0 1em'>I förpackningen: 1 st Låsring.</p><p style='margin:0 0 1em'>System: Bosch eBike-system 2 · Vikt: 12 g · Artikelnummer: 2100359 · EAN: 4047025332279</p><p style='margin:0 0 1em'>Original Bosch eBike-reservdel. Beställningsvara som normalt når oss inom 5–10 dagar – vi hör av oss när den finns att hämta i butiken i Årsta, eller så skickar vi den hem till dig. Osäker på om delen passar din cykel? Mejla oss en bild på din display eller ditt batteri så hjälper vi dig.</p>";"95";"25";"1";"0";"1";"1";"0";"https://raw.githubusercontent.com/erik859/cykelnatur-lokalt-lager/main/bosch-bilder/2100359.jpg";"1";"12";"Förväntas vara tillgänglig från och med kalenderveckan 36/37 / 2026 Beställningsvara hos Cykel & Natur i Årsta.";"Bosch Låsring (BDU2XX) - cykelnatur.se";"4047025332279"
"2100360";"Bosch O-ring (BDU2XX)";"Original Bosch eBike-reservdel: O-ring (BDU2XX).";"<ul><li>För säkring av kedjehjulet vid lös låsring</li></ul><p style='margin:0 0 1em'>I förpackningen: 1 st O-ring.</p><p style='margin:0 0 1em'>System: Bosch eBike-system 2 · Vikt: 3 g · Artikelnummer: 2100360 · EAN: 4047025242929</p><p style='margin:0 0 1em'>Original Bosch eBike-reservdel. Beställningsvara som normalt når oss inom 5–10 dagar – vi hör av oss när den finns att hämta i butiken i Årsta, eller så skickar vi den hem till dig. Osäker på om delen passar din cykel? Mejla oss en bild på din display eller ditt batteri så hjälper vi dig.</p>";"23";"25";"1";"0";"1";"1";"0";"https://raw.githubusercontent.com/erik859/cykelnatur-lokalt-lager/main/bosch-bilder/2100360.jpg";"1";"3";"Original Bosch eBike-reservdel: O-ring (BDU2XX). Beställningsvara hos Cykel & Natur i Årsta.";"Bosch O-ring (BDU2XX) - cykelnatur.se";"4047025242929"
"2100446";"Bosch Monteringsplatta (BDU2XX)";"Original Bosch eBike-reservdel: Monteringsplatta (BDU2XX).";"<p style='margin:0 0 1em'>I förpackningen: 1 st Monteringsplatta.</p><p style='margin:0 0 1em'>System: Bosch eBike-system 2 · Vikt: 28 g · Artikelnummer: 2100446 · EAN: 4047025332156</p><p style='margin:0 0 1em'>Original Bosch eBike-reservdel. Beställningsvara som normalt når oss inom 5–10 dagar – vi hör av oss när den finns att hämta i butiken i Årsta, eller så skickar vi den hem till dig. Osäker på om delen passar din cykel? Mejla oss en bild på din display eller ditt batteri så hjälper vi dig.</p>";"120";"25";"1";"0";"1";"1";"0";"https://raw.githubusercontent.com/erik859/cykelnatur-lokalt-lager/main/bosch-bilder/2100446.jpg";"1";"28";"Original Bosch eBike-reservdel: Monteringsplatta (BDU2XX). Beställningsvara hos Cykel & Natur i Årsta.";"Bosch Monteringsplatta (BDU2XX) - cykelnatur.se";"4047025332156"
"2100460";"Bosch Sats med gummidistanser för displayhållare 31,8 mm för Intuvia och Nyon (BUI275)";"Original Bosch eBike-reservdel: Sats med gummidistanser för displayhållare 31,8 mm för Intuvia och Nyon (BUI275).";"<p style='margin:0 0 1em'>I förpackningen: 4 st För styrdiameter 31,8 mm.</p><p style='margin:0 0 1em'>System: Bosch eBike-system 2 · Vikt: 4 g · Artikelnummer: 2100460 · EAN: 4047025479974</p><p style='margin:0 0 1em'>Original Bosch eBike-reservdel. Beställningsvara som normalt når oss inom 5–10 dagar – vi hör av oss när den finns att hämta i butiken i Årsta, eller så skickar vi den hem till dig. Osäker på om delen passar din cykel? Mejla oss en bild på din display eller ditt batteri så hjälper vi dig.</p>";"34";"25";"1";"0";"1";"1";"0";"https://raw.githubusercontent.com/erik859/cykelnatur-lokalt-lager/main/bosch-bilder/2100460.jpg";"1";"4";"Original Bosch eBike-reservdel: Sats med gummidistanser för displayhållare 31,8 mm för Intuvia och Nyon… Beställningsvara hos Cykel & Natur i Årsta.";"Bosch Sats med gummidistanser för - cykelnatur.se";"4047025479974"
"2100461";"Bosch Sats med gummidistanser för displayhållare 25,4 mm för Intuvia och Nyon (BUI275)";"Förväntas vara tillgänglig från och med kalenderveckan 34 / 2026";"<p style='margin:0 0 1em'>Förväntas vara tillgänglig från och med kalenderveckan 34 / 2026</p><p style='margin:0 0 1em'>I förpackningen: 4 st För styrdiameter 25,4 mm.</p><p style='margin:0 0 1em'>System: Bosch eBike-system 2 · Vikt: 11 g · Artikelnummer: 2100461 · EAN: 4047025479981</p><p style='margin:0 0 1em'>Original Bosch eBike-reservdel. Beställningsvara som normalt når oss inom 5–10 dagar – vi hör av oss när den finns att hämta i butiken i Årsta, eller så skickar vi den hem till dig. Osäker på om delen passar din cykel? Mejla oss en bild på din display eller ditt batteri så hjälper vi dig.</p>";"35";"25";"1";"0";"1";"1";"0";"https://raw.githubusercontent.com/erik859/cykelnatur-lokalt-lager/main/bosch-bilder/2100461.jpg";"1";"11";"Förväntas vara tillgänglig från och med kalenderveckan 34 / 2026 Beställningsvara hos Cykel & Natur i Årsta.";"Bosch Sats med gummidistanser för 2100461 - cykelnatur.se";"4047025479981"
"2100462";"Bosch Sats med gummidistanser för displayhållare 22,2 mm för Intuvia och Nyon (BUI275)";"Original Bosch eBike-reservdel: Sats med gummidistanser för displayhållare 22,2 mm för Intuvia och Nyon (BUI275).";"<p style='margin:0 0 1em'>I förpackningen: 4 st För styrdiameter 22,2 mm.</p><p style='margin:0 0 1em'>System: Bosch eBike-system 2 · Vikt: 14 g · Artikelnummer: 2100462 · EAN: 4047025479998</p><p style='margin:0 0 1em'>Original Bosch eBike-reservdel. Beställningsvara som normalt når oss inom 5–10 dagar – vi hör av oss när den finns att hämta i butiken i Årsta, eller så skickar vi den hem till dig. Osäker på om delen passar din cykel? Mejla oss en bild på din display eller ditt batteri så hjälper vi dig.</p>";"35";"25";"1";"0";"1";"1";"0";"https://raw.githubusercontent.com/erik859/cykelnatur-lokalt-lager/main/bosch-bilder/2100462.jpg";"1";"14";"Original Bosch eBike-reservdel: Sats med gummidistanser för displayhållare 22,2 mm för Intuvia och Nyon… Beställningsvara hos Cykel & Natur i Årsta.";"Bosch Sats med gummidistanser för 2100462 - cykelnatur.se";"4047025479998"
"2100463";"Bosch Monteringssats kabelanslutning displayhållare för Intuvia och Nyon (BUI275)";"Original Bosch eBike-reservdel: Monteringssats kabelanslutning displayhållare för Intuvia och Nyon (BUI275).";"<p style='margin:0 0 1em'>I förpackningen: 4 st Skruvar krysspår 00, 1 st Tätning.</p><p style='margin:0 0 1em'>System: Bosch eBike-system 2 · Vikt: 3 g · Artikelnummer: 2100463 · EAN: 4047025479967</p><p style='margin:0 0 1em'>Original Bosch eBike-reservdel. Beställningsvara som normalt når oss inom 5–10 dagar – vi hör av oss när den finns att hämta i butiken i Årsta, eller så skickar vi den hem till dig. Osäker på om delen passar din cykel? Mejla oss en bild på din display eller ditt batteri så hjälper vi dig.</p>";"35";"25";"1";"0";"1";"1";"0";"https://raw.githubusercontent.com/erik859/cykelnatur-lokalt-lager/main/bosch-bilder/2100463.jpg";"1";"3";"Original Bosch eBike-reservdel: Monteringssats kabelanslutning displayhållare för Intuvia och Nyon (BUI275). Beställningsvara hos Cykel & Natur i Årsta.";"Bosch Monteringssats kabelanslutning - cykelnatur.se";"4047025479967"
"2100464";"Bosch Laddningskabel USB A – Micro B, 600 mm för Nyon (BUI275)";"Original Bosch eBike-reservdel: Laddningskabel USB A – Micro B, 600 mm för Nyon (BUI275).";"<ul><li>För strömförsörjning</li></ul><p style='margin:0 0 1em'>I förpackningen: 1 st Laddningskabel USB A.</p><p style='margin:0 0 1em'>System: Bosch eBike-system 2 · Vikt: 24 g · Artikelnummer: 2100464 · EAN: 4047025479950</p><p style='margin:0 0 1em'>Original Bosch eBike-reservdel. Beställningsvara som normalt når oss inom 5–10 dagar – vi hör av oss när den finns att hämta i butiken i Årsta, eller så skickar vi den hem till dig. Osäker på om delen passar din cykel? Mejla oss en bild på din display eller ditt batteri så hjälper vi dig.</p>";"95";"25";"1";"0";"1";"1";"0";"https://raw.githubusercontent.com/erik859/cykelnatur-lokalt-lager/main/bosch-bilder/2100464.jpg";"1";"24";"Original Bosch eBike-reservdel: Laddningskabel USB A – Micro B, 600 mm för Nyon (BUI275). Beställningsvara hos Cykel & Natur i Årsta.";"Bosch Laddningskabel USB A – Micro B, 600 - cykelnatur.se";"4047025479950"
"2100466";"Bosch PowerPack 500 Rack, antracit (BBR275)";"Vänligen notera detta: På grund av att EU:s batteriförordning har trätt i kraft är denna produkt nu endast tillgänglig som reservdel.";"<ul><li>25 % större räckvidd med endast 4 % högre vikt jämfört med PowerPack 400</li><li>40 cellpaket med högsta energitäthet (190 Wh/kg) vid lägsta vikt (2,7 kg) och volym.</li><li>Integrerat batterihanteringssystem säkerställer hög körsträcka och lång livslängd</li><li>Ingen minneseffekt och ingen självurladdning</li></ul><p style='margin:0 0 1em'>I förpackningen: 1 st PowerPack 500 Rack, 1 st Transportförpackning (godkänd för farligt gods), 1 st Bruksanvisning.</p><p style='margin:0 0 1em'>System: Bosch eBike-system 2 · Mått: 372 x 122 x 80 mm · Vikt: 3,1 kg · Artikelnummer: 2100466 · EAN: 4047025396233</p><p style='margin:0 0 1em'>Original Bosch eBike-reservdel. Beställningsvara som normalt når oss inom 5–10 dagar – vi hör av oss när den finns att hämta i butiken i Årsta, eller så skickar vi den hem till dig. Osäker på om delen passar din cykel? Mejla oss en bild på din display eller ditt batteri så hjälper vi dig.</p>";"8839";"25";"1";"0";"1";"1";"0";"https://raw.githubusercontent.com/erik859/cykelnatur-lokalt-lager/main/bosch-bilder/2100466.jpg";"1";"3100";"Vänligen notera detta: På grund av att EU:s batteriförordning har trätt i kraft är denna produkt nu endast… Beställningsvara hos Cykel & Natur i Årsta.";"Bosch PowerPack 500 Rack, antracit (BBR275) - cykelnatur.se";"4047025396233"
"2100468";"Bosch PowerPack 500 Frame, antracit (BBS275)";"Vänligen notera detta: På grund av att EU:s batteriförordning har trätt i kraft är denna produkt nu endast tillgänglig som reservdel.";"<ul><li>25 % större räckvidd med endast 4 % högre vikt jämfört med PowerPack 400</li><li>40 cellpaket med högsta energitäthet (190 Wh/kg) vid lägsta vikt (2,7 kg) och volym.</li><li>Integrerat batterihanteringssystem säkerställer hög körsträcka och lång livslängd</li><li>Ingen minneseffekt och ingen självurladdning</li></ul><p style='margin:0 0 1em'>I förpackningen: 1 st PowerPack 500 Frame, 1 st Transportförpackning (godkänd för farligt gods), 1 st Bruksanvisning.</p><p style='margin:0 0 1em'>Mått: 325 x 92 x 90 mm · Vikt: 2,91 kg · Artikelnummer: 2100468 · EAN: 4047025396202</p><p style='margin:0 0 1em'>Original Bosch eBike-reservdel. Beställningsvara som normalt når oss inom 5–10 dagar – vi hör av oss när den finns att hämta i butiken i Årsta, eller så skickar vi den hem till dig. Osäker på om delen passar din cykel? Mejla oss en bild på din display eller ditt batteri så hjälper vi dig.</p>";"8609";"25";"1";"0";"1";"1";"0";"https://raw.githubusercontent.com/erik859/cykelnatur-lokalt-lager/main/bosch-bilder/2100468.jpg";"1";"2910";"Vänligen notera detta: På grund av att EU:s batteriförordning har trätt i kraft är denna produkt nu endast… Beställningsvara hos Cykel & Natur i Årsta.";"Bosch PowerPack 500 Frame, antracit (BBS275) - cykelnatur.se";"4047025396202"
"2100469";"Bosch Sats med dämpningsfilm (BDU2XX)";"Original Bosch eBike-reservdel: Sats med dämpningsfilm (BDU2XX).";"<ul><li>För applicering på Drive Unit</li></ul><p style='margin:0 0 1em'>I förpackningen: 2 st Dämpningsfilm.</p><p style='margin:0 0 1em'>System: Bosch eBike-system 2 · Vikt: 3 g · Artikelnummer: 2100469 · EAN: 4047025396172</p><p style='margin:0 0 1em'>Original Bosch eBike-reservdel. Beställningsvara som normalt når oss inom 5–10 dagar – vi hör av oss när den finns att hämta i butiken i Årsta, eller så skickar vi den hem till dig. Osäker på om delen passar din cykel? Mejla oss en bild på din display eller ditt batteri så hjälper vi dig.</p>";"47";"25";"1";"0";"1";"1";"0";"https://raw.githubusercontent.com/erik859/cykelnatur-lokalt-lager/main/bosch-bilder/2100469.jpg";"1";"3";"Original Bosch eBike-reservdel: Sats med dämpningsfilm (BDU2XX). Beställningsvara hos Cykel & Natur i Årsta.";"Bosch Sats med dämpningsfilm (BDU2XX) - cykelnatur.se";"4047025396172"
"2100470";"Bosch Hastighetssensor Drive Unit, 1230 mm";"Original Bosch eBike-reservdel: Hastighetssensor Drive Unit, 1230 mm.";"<p style='margin:0 0 1em'>&lt;h4&gt;Viktig produktinformation&lt;/h4&gt;&lt;br&gt;&lt;br&gt;&lt;p&gt;Funktion garanteras endast i kombination med original Ekermagnet 1270015931!&lt;/p&gt;</p><p style='margin:0 0 1em'>I förpackningen: 1 st Hastighetssensor Drive Unit, 1230 mm.</p><p style='margin:0 0 1em'>System: Bosch eBike-system 2,Classic+ · Vikt: 32 g · Artikelnummer: 2100470 · EAN: 4047025396189</p><p style='margin:0 0 1em'>Original Bosch eBike-reservdel. Beställningsvara som normalt når oss inom 5–10 dagar – vi hör av oss när den finns att hämta i butiken i Årsta, eller så skickar vi den hem till dig. Osäker på om delen passar din cykel? Mejla oss en bild på din display eller ditt batteri så hjälper vi dig.</p>";"360";"25";"1";"0";"1";"1";"0";"https://raw.githubusercontent.com/erik859/cykelnatur-lokalt-lager/main/bosch-bilder/2100470.jpg";"1";"32";"Original Bosch eBike-reservdel: Hastighetssensor Drive Unit, 1230 mm. Beställningsvara hos Cykel & Natur i Årsta.";"Bosch Hastighetssensor Drive Unit, 1230 mm - cykelnatur.se";"4047025396189"
"2100472";"Bosch Designkåpa sats Active Line, vänster (BDU2XX)";"Original Bosch eBike-reservdel: Designkåpa sats Active Line, vänster (BDU2XX).";"<p style='margin:0 0 1em'>I förpackningen: 1 st Designkåpa, 1 st Skyddsring, 1 st Avståndshylsa.</p><p style='margin:0 0 1em'>System: Bosch eBike-system 2 · Vikt: 140 g · Artikelnummer: 2100472 · EAN: 4047025479899</p><p style='margin:0 0 1em'>Original Bosch eBike-reservdel. Beställningsvara som normalt når oss inom 5–10 dagar – vi hör av oss när den finns att hämta i butiken i Årsta, eller så skickar vi den hem till dig. Osäker på om delen passar din cykel? Mejla oss en bild på din display eller ditt batteri så hjälper vi dig.</p>";"240";"25";"1";"0";"1";"1";"0";"https://raw.githubusercontent.com/erik859/cykelnatur-lokalt-lager/main/bosch-bilder/2100472.jpg";"1";"140";"Original Bosch eBike-reservdel: Designkåpa sats Active Line, vänster (BDU2XX). Beställningsvara hos Cykel & Natur i Årsta.";"Bosch Designkåpa sats Active Line, vänster - cykelnatur.se";"4047025479899"
"2100473";"Bosch Designkåpa sats Performance Line, vänster (BDU2XX)";"Original Bosch eBike-reservdel: Designkåpa sats Performance Line, vänster (BDU2XX).";"<p style='margin:0 0 1em'>I förpackningen: 1 st Designkåpa Performance Line, vänster, 1 st Skyddsring, 1 st Avståndshylsa.</p><p style='margin:0 0 1em'>System: Bosch eBike-system 2 · Vikt: 137 g · Artikelnummer: 2100473 · EAN: 4047025479905</p><p style='margin:0 0 1em'>Original Bosch eBike-reservdel. Beställningsvara som normalt når oss inom 5–10 dagar – vi hör av oss när den finns att hämta i butiken i Årsta, eller så skickar vi den hem till dig. Osäker på om delen passar din cykel? Mejla oss en bild på din display eller ditt batteri så hjälper vi dig.</p>";"315";"25";"1";"0";"1";"1";"0";"https://raw.githubusercontent.com/erik859/cykelnatur-lokalt-lager/main/bosch-bilder/2100473.jpg";"1";"137";"Original Bosch eBike-reservdel: Designkåpa sats Performance Line, vänster (BDU2XX). Beställningsvara hos Cykel & Natur i Årsta.";"Bosch Designkåpa sats Performance Line - cykelnatur.se";"4047025479905"
"2100474";"Bosch Designkåpa sats Active Line, vänster, inverterad (BDU2XX)";"Original Bosch eBike-reservdel: Designkåpa sats Active Line, vänster, inverterad (BDU2XX).";"<p style='margin:0 0 1em'>I förpackningen: 1 st Designkåpa, 1 st Skyddsring, 1 st Avståndshylsa.</p><p style='margin:0 0 1em'>System: Bosch eBike-system 2 · Vikt: 137 g · Artikelnummer: 2100474 · EAN: 4047025479912</p><p style='margin:0 0 1em'>Original Bosch eBike-reservdel. Beställningsvara som normalt når oss inom 5–10 dagar – vi hör av oss när den finns att hämta i butiken i Årsta, eller så skickar vi den hem till dig. Osäker på om delen passar din cykel? Mejla oss en bild på din display eller ditt batteri så hjälper vi dig.</p>";"240";"25";"1";"0";"1";"1";"0";"https://raw.githubusercontent.com/erik859/cykelnatur-lokalt-lager/main/bosch-bilder/2100474.jpg";"1";"137";"Original Bosch eBike-reservdel: Designkåpa sats Active Line, vänster, inverterad (BDU2XX). Beställningsvara hos Cykel & Natur i Årsta.";"Bosch Designkåpa sats Active Line 2100474 - cykelnatur.se";"4047025479912"
"2100475";"Bosch Avståndshylsa (BDU2XX)";"Original Bosch eBike-reservdel: Avståndshylsa (BDU2XX).";"<ul><li>För Designkåpa vänster</li></ul><p style='margin:0 0 1em'>I förpackningen: 1 st Avståndshylsa.</p><p style='margin:0 0 1em'>System: Bosch eBike-system 2 · Vikt: 2 g · Artikelnummer: 2100475 · EAN: 4047025479936</p><p style='margin:0 0 1em'>Original Bosch eBike-reservdel. Beställningsvara som normalt når oss inom 5–10 dagar – vi hör av oss när den finns att hämta i butiken i Årsta, eller så skickar vi den hem till dig. Osäker på om delen passar din cykel? Mejla oss en bild på din display eller ditt batteri så hjälper vi dig.</p>";"23";"25";"1";"0";"1";"1";"0";"https://raw.githubusercontent.com/erik859/cykelnatur-lokalt-lager/main/bosch-bilder/2100475.jpg";"1";"2";"Original Bosch eBike-reservdel: Avståndshylsa (BDU2XX). Beställningsvara hos Cykel & Natur i Årsta.";"Bosch Avståndshylsa (BDU2XX) - cykelnatur.se";"4047025479936"
"2100476";"Bosch Logokåpa Performance Line CX (BDU2XX)";"Original Bosch eBike-reservdel: Logokåpa Performance Line CX (BDU2XX).";"<ul><li>Om ett Designkåpa är monterat</li></ul><p style='margin:0 0 1em'>I förpackningen: 1 st Logokåpa Performance Line CX.</p><p style='margin:0 0 1em'>System: Bosch eBike-system 2 · Vikt: 11 g · Artikelnummer: 2100476 · EAN: 4047025479929</p><p style='margin:0 0 1em'>Original Bosch eBike-reservdel. Beställningsvara som normalt når oss inom 5–10 dagar – vi hör av oss när den finns att hämta i butiken i Årsta, eller så skickar vi den hem till dig. Osäker på om delen passar din cykel? Mejla oss en bild på din display eller ditt batteri så hjälper vi dig.</p>";"71";"25";"1";"0";"1";"1";"0";"https://raw.githubusercontent.com/erik859/cykelnatur-lokalt-lager/main/bosch-bilder/2100476.jpg";"1";"11";"Original Bosch eBike-reservdel: Logokåpa Performance Line CX (BDU2XX). Beställningsvara hos Cykel & Natur i Årsta.";"Bosch Logokåpa Performance Line CX (BDU2XX) - cykelnatur.se";"4047025479929"
"2100593";"Bosch Purion display, antracit, kabel 1500 mm (BUI215)";"Original Bosch eBike-reservdel: Purion display, antracit, kabel 1500 mm (BUI215).";"<p style='margin:0 0 1em'>&lt;p&gt;&lt;strong&gt;Inte &lt;/strong&gt;kompatibel med Classic+ drivenheter!&lt;/p&gt;&lt;br&gt;</p><ul><li>Display med integrerad kontrollenhet, inkl. displayhållare och 1 500 mm kabel.</li><li>Den minimalistiska fordonsdatorn fokuserar på den viktigaste körinformationen, t.ex. körläge, räckvidd eller körsträcka.</li><li>Fem körlägen att välja mellan (Eco, Tour, Sport, Turbo, Off) plus push assist</li><li>Snyggt utseende på cykelstyret</li></ul><p style='margin:0 0 1em'>I förpackningen: 1 st Purion display, 1 st Bruks- och monteringsanvisning.</p><p style='margin:0 0 1em'>System: Bosch eBike-system 2 · Vikt: 400 g · Artikelnummer: 2100593 · EAN: 4047025671354</p><p style='margin:0 0 1em'>Original Bosch eBike-reservdel. Beställningsvara som normalt når oss inom 5–10 dagar – vi hör av oss när den finns att hämta i butiken i Årsta, eller så skickar vi den hem till dig. Osäker på om delen passar din cykel? Mejla oss en bild på din display eller ditt batteri så hjälper vi dig.</p>";"1389";"25";"1";"0";"1";"1";"0";"https://raw.githubusercontent.com/erik859/cykelnatur-lokalt-lager/main/bosch-bilder/2100593.jpg";"1";"400";"Original Bosch eBike-reservdel: Purion display, antracit, kabel 1500 mm (BUI215). Beställningsvara hos Cykel & Natur i Årsta.";"Bosch Purion display, antracit, kabel 1500 - cykelnatur.se";"4047025671354"
"2100594";"Bosch Purion designmask, platina";"Original Bosch eBike-reservdel: Purion designmask, platina.";"<p style='margin:0 0 1em'>I förpackningen: 1 st Designmask.</p><p style='margin:0 0 1em'>System: Bosch eBike-system 2 · Vikt: 6 g · Artikelnummer: 2100594 · EAN: 4047025642934</p><p style='margin:0 0 1em'>Original Bosch eBike-reservdel. Beställningsvara som normalt når oss inom 5–10 dagar – vi hör av oss när den finns att hämta i butiken i Årsta, eller så skickar vi den hem till dig. Osäker på om delen passar din cykel? Mejla oss en bild på din display eller ditt batteri så hjälper vi dig.</p>";"95";"25";"1";"0";"1";"1";"0";"https://raw.githubusercontent.com/erik859/cykelnatur-lokalt-lager/main/bosch-bilder/2100594.jpg";"1";"6";"Original Bosch eBike-reservdel: Purion designmask, platina. Beställningsvara hos Cykel & Natur i Årsta.";"Bosch Purion designmask, platina - cykelnatur.se";"4047025642934"
"2100595";"Bosch Purion designmask, antracit";"Original Bosch eBike-reservdel: Purion designmask, antracit.";"<p style='margin:0 0 1em'>I förpackningen: 1 st Designmask.</p><p style='margin:0 0 1em'>System: Bosch eBike-system 2 · Vikt: 4 g · Artikelnummer: 2100595 · EAN: 4047025642941</p><p style='margin:0 0 1em'>Original Bosch eBike-reservdel. Beställningsvara som normalt når oss inom 5–10 dagar – vi hör av oss när den finns att hämta i butiken i Årsta, eller så skickar vi den hem till dig. Osäker på om delen passar din cykel? Mejla oss en bild på din display eller ditt batteri så hjälper vi dig.</p>";"120";"25";"1";"0";"1";"1";"0";"https://raw.githubusercontent.com/erik859/cykelnatur-lokalt-lager/main/bosch-bilder/2100595.jpg";"1";"4";"Original Bosch eBike-reservdel: Purion designmask, antracit. Beställningsvara hos Cykel & Natur i Årsta.";"Bosch Purion designmask, antracit - cykelnatur.se";"4047025642941"
"2100596";"Bosch Purion batterilock";"Original Bosch eBike-reservdel: Purion batterilock.";"<p style='margin:0 0 1em'>I förpackningen: 1 st Batterilock.</p><p style='margin:0 0 1em'>System: Bosch eBike-system 2 · Vikt: 4 g · Artikelnummer: 2100596 · EAN: 4047025642958</p><p style='margin:0 0 1em'>Original Bosch eBike-reservdel. Beställningsvara som normalt når oss inom 5–10 dagar – vi hör av oss när den finns att hämta i butiken i Årsta, eller så skickar vi den hem till dig. Osäker på om delen passar din cykel? Mejla oss en bild på din display eller ditt batteri så hjälper vi dig.</p>";"150";"25";"1";"0";"1";"1";"0";"https://raw.githubusercontent.com/erik859/cykelnatur-lokalt-lager/main/bosch-bilder/2100596.jpg";"1";"4";"Original Bosch eBike-reservdel: Purion batterilock. Beställningsvara hos Cykel & Natur i Årsta.";"Bosch Purion batterilock - cykelnatur.se";"4047025642958"
"2100599";"Bosch Eftermonteringssats Intuvia (BUI255)";"Original Bosch eBike-reservdel: Eftermonteringssats Intuvia (BUI255).";"<p style='margin:0 0 1em'>&lt;h4&gt;Viktig produktinformation&lt;/h4&gt;&lt;br&gt;&lt;br&gt;&lt;p&gt;Intuvia-displayen för Bosch eBike system 2 är tillgänglig som en eftermonteringslösning för Classic+ Line. Intuvia kan dock endast eftermonteras på eBikes av första generations system om systemet har den senaste programvaruversionen (drivenhet 2.8.1.0 och batteri 2.6.1.0). Elcyklar i Classic+ Line kan inte anslutas till DiagnosticTool 3, vilket innebär att en efterföljande systemuppdatering är utesluten och eftermontering av Intuvia inte längre är möjlig i dessa fall. Garantiärenden för Intuvia kommer att hanteras på samma sätt som alla andra komponenter i Classic+ Line fram till modellår 2027.&lt;/p&gt;&lt;br&gt;</p><ul><li>Den smarta kontrollcentralen med lättläst LCD-display</li><li>Kan eftermonteras för alla eBikes med Bosch-drift Separat kontrollenhet garanterar säkerhet under körning</li><li>Fem körlägen att välja mellan (Eco, Tour, Sport, Turbo, Off) plus push assist</li><li>Den viktigaste körinformationen i en överblick, t.ex. räckvidd, körsträcka, medelhastighet.</li><li>Läge utanför fordonet: All grundläggande information visas även när den är avlägsnad från eBike.</li></ul><ul><li>I färgad premiumförpackning</li></ul><p style='margin:0 0 1em'>I förpackningen: 1 st Intuvia Display, 1 st Displayhållare, 1 st Manöverenhet, 1 st Kabel 1500 mm, 3 x 4 st Gummidistanser (31,8 mm, 25,4 mm, 22,2 mm), 1 st Bruksanvisning.</p><p style='margin:0 0 1em'>System: Bosch eBike-system 2 · Vikt: 506 g · Artikelnummer: 2100599 · EAN: 4047025522359</p><p style='margin:0 0 1em'>Original Bosch eBike-reservdel. Beställningsvara som normalt når oss inom 5–10 dagar – vi hör av oss när den finns att hämta i butiken i Årsta, eller så skickar vi den hem till dig. Osäker på om delen passar din cykel? Mejla oss en bild på din display eller ditt batteri så hjälper vi dig.</p>";"2079";"25";"1";"0";"1";"1";"0";"https://raw.githubusercontent.com/erik859/cykelnatur-lokalt-lager/main/bosch-bilder/2100599.jpg";"1";"506";"Original Bosch eBike-reservdel: Eftermonteringssats Intuvia (BUI255). Beställningsvara hos Cykel & Natur i Årsta.";"Bosch Eftermonteringssats Intuvia (BUI255) - cykelnatur.se";"4047025522359"
"2100601";"Bosch Intuvia manöverenhet";"Original Bosch eBike-reservdel: Intuvia manöverenhet.";"<p style='margin:0 0 1em'>&lt;p&gt;&lt;strong&gt;Ersätter &lt;/strong&gt;driftsenhet 1270016713 och 1270016723&lt;/p&gt;&lt;br&gt;</p><p style='margin:0 0 1em'>I förpackningen: 1 st Manöverenhet, 1 st Gummidistanser, 1 st Tätning, 4 st Skruvar krysspår 00.</p><p style='margin:0 0 1em'>System: Bosch eBike-system 2 · Vikt: 110 g · Artikelnummer: 2100601 · EAN: 4047025642972</p><p style='margin:0 0 1em'>Original Bosch eBike-reservdel. Beställningsvara som normalt når oss inom 5–10 dagar – vi hör av oss när den finns att hämta i butiken i Årsta, eller så skickar vi den hem till dig. Osäker på om delen passar din cykel? Mejla oss en bild på din display eller ditt batteri så hjälper vi dig.</p>";"599";"25";"1";"0";"1";"1";"0";"https://raw.githubusercontent.com/erik859/cykelnatur-lokalt-lager/main/bosch-bilder/2100601.jpg";"1";"110";"Original Bosch eBike-reservdel: Intuvia manöverenhet. Beställningsvara hos Cykel & Natur i Årsta.";"Bosch Intuvia manöverenhet - cykelnatur.se";"4047025642972"
"2100602";"Bosch Kabel för pakethållarbatteri 1100 mm (BCH221)";"Original Bosch eBike-reservdel: Kabel för pakethållarbatteri 1100 mm (BCH221).";"<p style='margin:0 0 1em'>I förpackningen: 1 st Kabel för pakethållarbatteri, 1100 mm.</p><p style='margin:0 0 1em'>System: Bosch eBike-system 2 · Vikt: 140 g · Artikelnummer: 2100602 · EAN: 4047025643009</p><p style='margin:0 0 1em'>Original Bosch eBike-reservdel. Beställningsvara som normalt når oss inom 5–10 dagar – vi hör av oss när den finns att hämta i butiken i Årsta, eller så skickar vi den hem till dig. Osäker på om delen passar din cykel? Mejla oss en bild på din display eller ditt batteri så hjälper vi dig.</p>";"485";"25";"1";"0";"1";"1";"0";"https://raw.githubusercontent.com/erik859/cykelnatur-lokalt-lager/main/bosch-bilder/2100602.jpg";"1";"140";"Original Bosch eBike-reservdel: Kabel för pakethållarbatteri 1100 mm (BCH221). Beställningsvara hos Cykel & Natur i Årsta.";"Bosch Kabel för pakethållarbatteri 1100 mm - cykelnatur.se";"4047025643009"
"2100604";"Bosch Sats med blindplugg för laddningsuttag";"Original Bosch eBike-reservdel: Sats med blindplugg för laddningsuttag.";"<ul><li>Förhindrar samtidig anslutning av 2 laddare, vilket inte heller är tekniskt möjligt.</li></ul><p style='margin:0 0 1em'>I förpackningen: 2 st Blindpluggar för försegling av laddningsuttag som inte används på eBike med DualBattery-system, 1 st Dekal.</p><p style='margin:0 0 1em'>System: Bosch eBike-system 2 · Vikt: 3 g · Artikelnummer: 2100604 · EAN: 4047025643085</p><p style='margin:0 0 1em'>Original Bosch eBike-reservdel. Beställningsvara som normalt når oss inom 5–10 dagar – vi hör av oss när den finns att hämta i butiken i Årsta, eller så skickar vi den hem till dig. Osäker på om delen passar din cykel? Mejla oss en bild på din display eller ditt batteri så hjälper vi dig.</p>";"47";"25";"1";"0";"1";"1";"0";"https://raw.githubusercontent.com/erik859/cykelnatur-lokalt-lager/main/bosch-bilder/2100604.jpg";"1";"3";"Original Bosch eBike-reservdel: Sats med blindplugg för laddningsuttag. Beställningsvara hos Cykel & Natur i Årsta.";"Bosch Sats med blindplugg för laddningsuttag - cykelnatur.se";"4047025643085"
"2100605";"Bosch Stiftskydd";"Original Bosch eBike-reservdel: Stiftskydd.";"<ul><li>För skydd av kontakterna när batteriet tagits bort</li><li>Rekommenderas vid transport av eBike med urtaget batteri på bakre cykelhållare</li></ul><h3>Kompatibel med</h3><ul><li>BDU2XX</li><li>BDU3XX</li><li>BDU4XX</li></ul><p style='margin:0 0 1em'>I förpackningen: 1 st Stiftskydd.</p><p style='margin:0 0 1em'>System: Bosch eBike-system 2 · Vikt: 19 g · Artikelnummer: 2100605 · EAN: 4047025643092</p><p style='margin:0 0 1em'>Original Bosch eBike-reservdel. Beställningsvara som normalt når oss inom 5–10 dagar – vi hör av oss när den finns att hämta i butiken i Årsta, eller så skickar vi den hem till dig. Osäker på om delen passar din cykel? Mejla oss en bild på din display eller ditt batteri så hjälper vi dig.</p>";"35";"25";"1";"0";"1";"1";"0";"https://raw.githubusercontent.com/erik859/cykelnatur-lokalt-lager/main/bosch-bilder/2100605.jpg";"1";"19";"Original Bosch eBike-reservdel: Stiftskydd. Beställningsvara hos Cykel & Natur i Årsta.";"Bosch Stiftskydd - cykelnatur.se";"4047025643092"
"2100606";"Bosch Kabel för rambatteri 820 mm (BCH212)";"Original Bosch eBike-reservdel: Kabel för rambatteri 820 mm (BCH212).";"<p style='margin:0 0 1em'>I förpackningen: 1 st Kabel för rambatteri, 820 mm.</p><p style='margin:0 0 1em'>System: Bosch eBike-system 2 · Vikt: 107 g · Artikelnummer: 2100606 · EAN: 4047025643047</p><p style='margin:0 0 1em'>Original Bosch eBike-reservdel. Beställningsvara som normalt når oss inom 5–10 dagar – vi hör av oss när den finns att hämta i butiken i Årsta, eller så skickar vi den hem till dig. Osäker på om delen passar din cykel? Mejla oss en bild på din display eller ditt batteri så hjälper vi dig.</p>";"485";"25";"1";"0";"1";"1";"0";"https://raw.githubusercontent.com/erik859/cykelnatur-lokalt-lager/main/bosch-bilder/2100606.jpg";"1";"107";"Original Bosch eBike-reservdel: Kabel för rambatteri 820 mm (BCH212). Beställningsvara hos Cykel & Natur i Årsta.";"Bosch Kabel för rambatteri 820 mm (BCH212) - cykelnatur.se";"4047025643047"
"2100607";"Bosch Kabel för rambatteri 1100 mm (BCH213)";"Original Bosch eBike-reservdel: Kabel för rambatteri 1100 mm (BCH213).";"<p style='margin:0 0 1em'>I förpackningen: 1 st Kabel för rambatteri, 1100 mm.</p><p style='margin:0 0 1em'>System: Bosch eBike-system 2 · Vikt: 129 g · Artikelnummer: 2100607 · EAN: 4047025643054</p><p style='margin:0 0 1em'>Original Bosch eBike-reservdel. Beställningsvara som normalt når oss inom 5–10 dagar – vi hör av oss när den finns att hämta i butiken i Årsta, eller så skickar vi den hem till dig. Osäker på om delen passar din cykel? Mejla oss en bild på din display eller ditt batteri så hjälper vi dig.</p>";"485";"25";"1";"0";"1";"1";"0";"https://raw.githubusercontent.com/erik859/cykelnatur-lokalt-lager/main/bosch-bilder/2100607.jpg";"1";"129";"Original Bosch eBike-reservdel: Kabel för rambatteri 1100 mm (BCH213). Beställningsvara hos Cykel & Natur i Årsta.";"Bosch Kabel för rambatteri 1100 mm (BCH213) - cykelnatur.se";"4047025643054"
"2100609";"Bosch Compact Charger EU (BCS230)";"Original Bosch eBike-reservdel: Compact Charger EU (BCS230).";"<h3>För Classic+ behövs även</h3><ul><li>Adapter 0275007913</li></ul><p style='margin:0 0 1em'>I förpackningen: 1 st 2A laddningsenhet, 1 st EU-nätkabel, 1 st Bruksanvisning.</p><p style='margin:0 0 1em'>System: Bosch eBike-system 2 · Vikt: 730 g · Artikelnummer: 2100609 · EAN: 4047025643108</p><p style='margin:0 0 1em'>Original Bosch eBike-reservdel. Beställningsvara som normalt når oss inom 5–10 dagar – vi hör av oss när den finns att hämta i butiken i Årsta, eller så skickar vi den hem till dig. Osäker på om delen passar din cykel? Mejla oss en bild på din display eller ditt batteri så hjälper vi dig.</p>";"1039";"25";"1";"0";"1";"1";"0";"https://raw.githubusercontent.com/erik859/cykelnatur-lokalt-lager/main/bosch-bilder/2100609.jpg";"1";"730";"Original Bosch eBike-reservdel: Compact Charger EU (BCS230). Beställningsvara hos Cykel & Natur i Årsta.";"Bosch Compact Charger EU (BCS230) - cykelnatur.se";"4047025643108"
"2100613";"Bosch Sats Drive Unit Active Line 25 km/h (BDU250C)";"Original Bosch eBike-reservdel: Sats Drive Unit Active Line 25 km/h (BDU250C).";"<p style='margin:0 0 1em'>&lt;h4&gt;Viktig produktinformation&lt;/h4&gt;&lt;br&gt;&lt;br&gt;&lt;p&gt;Utbyte av en Drive Unit är endast möjligt som en 1:1-ersättning. Tyvärr kan vi inte erbjuda en uppgradering till en kraftigare Drive Unit. Detta är nödvändigt för att säkerställa teknisk kompatibilitet och systemets smidiga funktion. Därför kan vi inte behandla beställningar som inte motsvarar en 1:1-ersättning och måste tyvärr annullera dem.&lt;/p&gt;&lt;br&gt;&lt;br&gt;&lt;p&gt;För att göra en fullständig beställning behöver vi all nödvändig information. Om du saknar en eller flera av dessa uppgifter kan vi inte fortsätta konfigurera Drive Unit (DU). Se till att den Drive Unit du väljer här stämmer överens med den du har lagt till i varukorgen.&lt;/p&gt;</p><h3>Vänligen observera</h3><p style='margin:0 0 1em'>&lt;p&gt;En defekt Active Line drive unit (se serienummer på typskylten 275007020 och 0275007030) eller en defekt Active Line REMAN drive unit (serienummer på typskylten 0275007050) ska i fortsättningen endast ersättas med Sats Drive Unit Active Line REMAN (0275007346).  &lt;/p&gt;&lt;br&gt;&lt;br&gt;&lt;p&gt;Undantaget är Active Line drive unit (se serienumret på typskylten 0275007040). Denna ersätts av Sats Drive Unit Active Line (0275007340).&lt;/p&gt;&lt;br&gt;</p><p style='margin:0 0 1em'>I förpackningen: 1 st Drive Unit Active Line 25 km/h, 1 st Låsring, 1 st O-ring, 1 st Monteringsplatta, 1 st Avståndshylsa, 1 st Bruksanvisning och monteringsanvisning.</p><p style='margin:0 0 1em'>System: Bosch eBike-system 2 · Vikt: 4,23 kg · Artikelnummer: 2100613 · EAN: 4047025643146</p><p style='margin:0 0 1em'>Original Bosch eBike-reservdel. Beställningsvara som normalt når oss inom 5–10 dagar – vi hör av oss när den finns att hämta i butiken i Årsta, eller så skickar vi den hem till dig. Osäker på om delen passar din cykel? Mejla oss en bild på din display eller ditt batteri så hjälper vi dig.</p>";"8259";"25";"1";"0";"1";"1";"0";"https://raw.githubusercontent.com/erik859/cykelnatur-lokalt-lager/main/bosch-bilder/2100613.jpg";"1";"4230";"Original Bosch eBike-reservdel: Sats Drive Unit Active Line 25 km/h (BDU250C). Beställningsvara hos Cykel & Natur i Årsta.";"Bosch Sats Drive Unit Active Line 25 km/h - cykelnatur.se";"4047025643146"
"2100614";"Bosch Sats Drive Unit Active Line REMAN (BDU250C)";"Original Bosch eBike-reservdel: Sats Drive Unit Active Line REMAN (BDU250C).";"<p style='margin:0 0 1em'>&lt;h4&gt;Viktig produktinformation&lt;/h4&gt;&lt;br&gt;&lt;br&gt;&lt;p&gt;För att göra en fullständig beställning behöver vi all nödvändig information. Om du saknar en eller flera av dessa uppgifter kan vi inte fortsätta konfigurera Drive Unit (DU). Se till att den Drive Unit du väljer här stämmer överens med den du har lagt till i varukorgen.&lt;/p&gt;&lt;br&gt;&lt;br&gt;&lt;p&gt;Samma garantiregler gäller för REMAN Drive Units som för nya produkter.&lt;/p&gt;&lt;br&gt;</p><h3>Vänligen observera</h3><p style='margin:0 0 1em'>&lt;p&gt;En defekt Active Line drive unit (se serienummer på typskylten 275007020 och 0275007030) eller en defekt Active Line REMAN drive unit (serienummer på typskylten 0275007050) ska i fortsättningen endast ersättas med Sats Drive Unit Active Line REMAN (0275007346).  &lt;/p&gt;&lt;br&gt;&lt;br&gt;&lt;p&gt;Undantaget är Active Line drive unit (se serienumret på typskylten 0275007040). Denna ersätts av Sats Drive Unit Active Line (0275007340).&lt;/p&gt;&lt;br&gt;</p><h3>Vad betyder REMAN?</h3><p style='margin:0 0 1em'>&lt;p&gt;En REMAN drive unit är en renoverad drivenhet. Detta innebär att begagnade drivenheter som kvalificerar sig för processen efter lämplig testning kan renoveras och motsvarar serietillstånd efter en slutkontroll.&lt;br /&gt;&lt;br&gt;Detta är en del av Bosch eBike Systems hållbarhetsstrategi och bidrar till återanvändning av icke-defekta komponenter.&lt;/p&gt;&lt;br&gt;&lt;br&gt;&lt;p&gt;REMAN drive unit är tekniskt likvärdig med nya drive units och är ett kostnadseffektivt och miljövänligt alternativ.&lt;/p&gt;&lt;br&gt;&lt;br&gt;&lt;p&gt;Så om en kund behöver en ny drivenhet och garantitiden har löpt ut är en REMAN drivenhet ett hållbart alternativ.&lt;/p&gt;&lt;br&gt;</p><p style='margin:0 0 1em'>I förpackningen: 1 st Drive Unit Active Line 25 km/h REMAN, 1 st Låsring, 1 st O-ring, 1 st Monteringsplatta, 1 st Distanshylsa, 1 st Bruks- och monteringsanvisnin.</p><p style='margin:0 0 1em'>System: Bosch eBike-system 2 · Vikt: 4,23 kg · Artikelnummer: 2100614 · EAN: 4047025659994</p><p style='margin:0 0 1em'>Original Bosch eBike-reservdel. Beställningsvara som normalt når oss inom 5–10 dagar – vi hör av oss när den finns att hämta i butiken i Årsta, eller så skickar vi den hem till dig. Osäker på om delen passar din cykel? Mejla oss en bild på din display eller ditt batteri så hjälper vi dig.</p>";"6629";"25";"1";"0";"1";"1";"0";"https://raw.githubusercontent.com/erik859/cykelnatur-lokalt-lager/main/bosch-bilder/2100614.jpg";"1";"4230";"Original Bosch eBike-reservdel: Sats Drive Unit Active Line REMAN (BDU250C). Beställningsvara hos Cykel & Natur i Årsta.";"Bosch Sats Drive Unit Active Line REMAN - cykelnatur.se";"4047025659994"
"2100615";"Bosch Sats Drive Unit Active Line 25 km/h för trampbroms (BDU255C)";"Original Bosch eBike-reservdel: Sats Drive Unit Active Line 25 km/h för trampbroms (BDU255C).";"<p style='margin:0 0 1em'>&lt;h4&gt;Viktig produktinformation&lt;/h4&gt;&lt;br&gt;&lt;br&gt;&lt;p&gt;Utbyte av en Drive Unit är endast möjligt som en 1:1-ersättning. Tyvärr kan vi inte erbjuda en uppgradering till en kraftigare Drive Unit. Detta är nödvändigt för att säkerställa teknisk kompatibilitet och systemets smidiga funktion. Därför kan vi inte behandla beställningar som inte motsvarar en 1:1-ersättning och måste tyvärr annullera dem.&lt;/p&gt;&lt;br&gt;&lt;br&gt;&lt;p&gt;För att göra en fullständig beställning behöver vi all nödvändig information. Om du saknar en eller flera av dessa uppgifter kan vi inte fortsätta konfigurera Drive Unit (DU). Se till att den Drive Unit du väljer här stämmer överens med den du har lagt till i varukorgen.&lt;/p&gt;</p><p style='margin:0 0 1em'>I förpackningen: 1 st Drive Unit Active Line 25 km/h för trampbroms, 1 st Låsring, 1 st O-ring, 1 st Monteringsplatta, 1 st Avståndshylsa, 1 st Bruksanvisning och monteringsanvisning.</p><p style='margin:0 0 1em'>System: Bosch eBike-system 2 · Vikt: 4,23 kg · Artikelnummer: 2100615 · EAN: 4047025643160</p><p style='margin:0 0 1em'>Original Bosch eBike-reservdel. Beställningsvara som normalt når oss inom 5–10 dagar – vi hör av oss när den finns att hämta i butiken i Årsta, eller så skickar vi den hem till dig. Osäker på om delen passar din cykel? Mejla oss en bild på din display eller ditt batteri så hjälper vi dig.</p>";"8489";"25";"1";"0";"1";"1";"0";"https://raw.githubusercontent.com/erik859/cykelnatur-lokalt-lager/main/bosch-bilder/2100615.jpg";"1";"4230";"Original Bosch eBike-reservdel: Sats Drive Unit Active Line 25 km/h för trampbroms (BDU255C). Beställningsvara hos Cykel & Natur i Årsta.";"Bosch Sats Drive Unit Active Line 2100615 - cykelnatur.se";"4047025643160"
"2100617";"Bosch Sats Drive Unit Performance Line REMAN (BDU250P)";"Original Bosch eBike-reservdel: Sats Drive Unit Performance Line REMAN (BDU250P).";"<p style='margin:0 0 1em'>&lt;h4&gt;Viktig produktinformation&lt;/h4&gt;&lt;br&gt;&lt;br&gt;&lt;p&gt;För att göra en fullständig beställning behöver vi all nödvändig information. Om du saknar en eller flera av dessa uppgifter kan vi inte fortsätta konfigurera Drive Unit (DU). Se till att den Drive Unit du väljer här stämmer överens med den du har lagt till i varukorgen.&lt;/p&gt;&lt;br&gt;&lt;br&gt;&lt;p&gt;Samma garantiregler gäller för REMAN Drive Units som för nya produkter.&lt;/p&gt;&lt;br&gt;</p><h3>Vänligen observera</h3><p style='margin:0 0 1em'>&lt;p&gt;En defekt Performance Line Drive Unit (se serienummer på typskylten 0275007023 och 0275007033) eller en defekt Performance Line REMAN Drive Unit (serienummer på typskylten 0275007053) kommer i framtiden endast att ersättas av Drive Unit Kit Performance Line REMAN (0275007347).&lt;/p&gt;&lt;br&gt;&lt;br&gt;&lt;p&gt;Undantaget är Performance Line Drive Unit (se serienummer på typskylten 0275007043 + 0275007063). Denna ersätts av Drive Unit Kit Performance Line (0275007763).&lt;/p&gt;&lt;br&gt;</p><h3>Vad betyder REMAN?</h3><p style='margin:0 0 1em'>&lt;p&gt;En REMAN drive unit är en renoverad drivenhet. Detta innebär att begagnade drivenheter som kvalificerar sig för processen efter lämplig testning kan renoveras och motsvarar serietillstånd efter en slutkontroll.&lt;br /&gt;&lt;br&gt;Detta är en del av Bosch eBike Systems hållbarhetsstrategi och bidrar till återanvändning av icke-defekta komponenter.&lt;/p&gt;&lt;br&gt;&lt;br&gt;&lt;p&gt;REMAN drive unit är tekniskt likvärdig med nya drive units och är ett kostnadseffektivt och miljövänligt alternativ.&lt;/p&gt;&lt;br&gt;</p><p style='margin:0 0 1em'>I förpackningen: 1 st Drive Unit Performance Line 25 km/h REMAN, 1 st Låsring, 1 st O-ring, 1 st Monteringsplatta, 1 st Avståndshylsa, 1 st Bruks- och monteringsanvisning.</p><p style='margin:0 0 1em'>System: Bosch eBike-system 2 · Vikt: 4,23 kg · Artikelnummer: 2100617 · EAN: 4047025660006</p><p style='margin:0 0 1em'>Original Bosch eBike-reservdel. Beställningsvara som normalt når oss inom 5–10 dagar – vi hör av oss när den finns att hämta i butiken i Årsta, eller så skickar vi den hem till dig. Osäker på om delen passar din cykel? Mejla oss en bild på din display eller ditt batteri så hjälper vi dig.</p>";"7089";"25";"1";"0";"1";"1";"0";"https://raw.githubusercontent.com/erik859/cykelnatur-lokalt-lager/main/bosch-bilder/2100617.jpg";"1";"4230";"Original Bosch eBike-reservdel: Sats Drive Unit Performance Line REMAN (BDU250P). Beställningsvara hos Cykel & Natur i Årsta.";"Bosch Sats Drive Unit Performance Line - cykelnatur.se";"4047025660006"
"2100619";"Bosch Sats Drive Unit Performance Line CX 25 km/h (BDU250P CX)";"Original Bosch eBike-reservdel: Sats Drive Unit Performance Line CX 25 km/h (BDU250P CX).";"<p style='margin:0 0 1em'>&lt;h4&gt;Viktig produktinformation&lt;/h4&gt;&lt;br&gt;&lt;br&gt;&lt;p&gt;Utbyte av en Drive Unit är endast möjligt som en 1:1-ersättning. Tyvärr kan vi inte erbjuda en uppgradering till en kraftigare Drive Unit. Detta är nödvändigt för att säkerställa teknisk kompatibilitet och systemets smidiga funktion. Därför kan vi inte behandla beställningar som inte motsvarar en 1:1-ersättning och måste tyvärr annullera dem.&lt;/p&gt;&lt;br&gt;&lt;br&gt;&lt;p&gt;För att göra en fullständig beställning behöver vi all nödvändig information. Om du saknar en eller flera av dessa uppgifter kan vi inte fortsätta konfigurera Drive Unit (DU). Se till att den Drive Unit du väljer här stämmer överens med den du har lagt till i varukorgen.&lt;/p&gt;</p><p style='margin:0 0 1em'>I förpackningen: 1 st Drive Unit Performance Line CX 25 km/h, 1 st Logokåpa 1270015102, 1 st Låsring, 1 st O-ring, 1 st Monteringsplatta, 1 st Avståndshylsa, 1 st Bruksanvisning och monteringsanvisning.</p><p style='margin:0 0 1em'>System: Bosch eBike-system 2 · Vikt: 4,83 kg · Artikelnummer: 2100619 · EAN: 4047025643207</p><p style='margin:0 0 1em'>Original Bosch eBike-reservdel. Beställningsvara som normalt når oss inom 5–10 dagar – vi hör av oss när den finns att hämta i butiken i Årsta, eller så skickar vi den hem till dig. Osäker på om delen passar din cykel? Mejla oss en bild på din display eller ditt batteri så hjälper vi dig.</p>";"9769";"25";"1";"0";"1";"1";"0";"https://raw.githubusercontent.com/erik859/cykelnatur-lokalt-lager/main/bosch-bilder/2100619.jpg";"1";"4830";"Original Bosch eBike-reservdel: Sats Drive Unit Performance Line CX 25 km/h (BDU250P CX). Beställningsvara hos Cykel & Natur i Årsta.";"Bosch Sats Drive Unit Performance Line CX - cykelnatur.se";"4047025643207"
"2100620";"Bosch Servicesats lagerskyddsring (BDU2XX)";"Original Bosch eBike-reservdel: Servicesats lagerskyddsring (BDU2XX).";"<p style='margin:0 0 1em'>&lt;h4&gt;Viktig produktinformation&lt;/h4&gt;&lt;br&gt;&lt;br&gt;&lt;p&gt;Limfettet är inte längre en del av servicekitet. Använd istället ett likvärdigt, icke-vattenlösligt limfett baserat på kalciumtvål enligt NLGI klass 2 (arbetstemperatur: -30/+120 °C, droppunkt: 180 °C, densitet: 0,89 g/ml (25,00 °C)). För mer information hittar du det du behöver i &lt;a href=http://b2b.bosch-ebike.com/en/en/downloads?search=Grease&amp;page=1&gt;monteringsanvisningen&lt;/a&gt;.&lt;/p&gt;&lt;br&gt;&lt;br&gt;&lt;p&gt;Under övergångsfasen kan vi inte påverka om du får ett kit med eller utan tub!&lt;/p&gt;&lt;br&gt;&lt;br&gt;&lt;p&gt;&lt;a href=http://b2b.mbps.eu/sv/EUR/product/2124782/Schmierfix_vidh%C3%A4ftande_sm%C3%B6rjfett,_50_g&gt;Här&lt;/a&gt; hittar du ett lämpligt smörjfett.&lt;/p&gt;&lt;br&gt;</p><ul><li>Skyddar lager L3 på Drive Unit</li></ul><p style='margin:0 0 1em'>I förpackningen: 5 st Lagerringar, 1 st Servicesats filtring BDU2XX (127002016).</p><p style='margin:0 0 1em'>System: Bosch eBike-system 2 · Vikt: 102 g · Artikelnummer: 2100620 · EAN: 4047025660013</p><p style='margin:0 0 1em'>Original Bosch eBike-reservdel. Beställningsvara som normalt når oss inom 5–10 dagar – vi hör av oss när den finns att hämta i butiken i Årsta, eller så skickar vi den hem till dig. Osäker på om delen passar din cykel? Mejla oss en bild på din display eller ditt batteri så hjälper vi dig.</p>";"485";"25";"1";"0";"1";"1";"0";"https://raw.githubusercontent.com/erik859/cykelnatur-lokalt-lager/main/bosch-bilder/2100620.jpg";"1";"102";"Original Bosch eBike-reservdel: Servicesats lagerskyddsring (BDU2XX). Beställningsvara hos Cykel & Natur i Årsta.";"Bosch Servicesats lagerskyddsring (BDU2XX) - cykelnatur.se";"4047025660013"
"2100622";"Bosch Logokåpa Performance Line, rektangulär (BDU2XX)";"Original Bosch eBike-reservdel: Logokåpa Performance Line, rektangulär (BDU2XX).";"<ul><li>Om designkåpa inte är monterat resp. för Drive Units med tillverkarspecifika designkåpa</li></ul><h3>Dessutom behövs</h3><ul><li>Adapter 1270015122</li></ul><p style='margin:0 0 1em'>I förpackningen: 1 st Logokåpa Performance Line.</p><p style='margin:0 0 1em'>System: Bosch eBike-system 2 · Vikt: 6 g · Artikelnummer: 2100622 · EAN: 4047025643221</p><p style='margin:0 0 1em'>Original Bosch eBike-reservdel. Beställningsvara som normalt når oss inom 5–10 dagar – vi hör av oss när den finns att hämta i butiken i Årsta, eller så skickar vi den hem till dig. Osäker på om delen passar din cykel? Mejla oss en bild på din display eller ditt batteri så hjälper vi dig.</p>";"71";"25";"1";"0";"1";"1";"0";"https://raw.githubusercontent.com/erik859/cykelnatur-lokalt-lager/main/bosch-bilder/2100622.jpg";"1";"6";"Original Bosch eBike-reservdel: Logokåpa Performance Line, rektangulär (BDU2XX). Beställningsvara hos Cykel & Natur i Årsta.";"Bosch Logokåpa Performance Line - cykelnatur.se";"4047025643221"
"2100624";"Bosch Logokåpa Performance Line Speed, rektangulär (BDU2XX)";"Original Bosch eBike-reservdel: Logokåpa Performance Line Speed, rektangulär (BDU2XX).";"<ul><li>Om designkåpa inte är monterat resp. för Drive Units med tillverkarspecifika designkåpa</li></ul><h3>Dessutom behövs</h3><ul><li>Adapter 1270015122</li></ul><p style='margin:0 0 1em'>I förpackningen: 1 st Logokåpa Performance Line Speed.</p><p style='margin:0 0 1em'>System: Bosch eBike-system 2 · Vikt: 6 g · Artikelnummer: 2100624 · EAN: 4047025643245</p><p style='margin:0 0 1em'>Original Bosch eBike-reservdel. Beställningsvara som normalt når oss inom 5–10 dagar – vi hör av oss när den finns att hämta i butiken i Årsta, eller så skickar vi den hem till dig. Osäker på om delen passar din cykel? Mejla oss en bild på din display eller ditt batteri så hjälper vi dig.</p>";"71";"25";"1";"0";"1";"1";"0";"https://raw.githubusercontent.com/erik859/cykelnatur-lokalt-lager/main/bosch-bilder/2100624.jpg";"1";"6";"Original Bosch eBike-reservdel: Logokåpa Performance Line Speed, rektangulär (BDU2XX). Beställningsvara hos Cykel & Natur i Årsta.";"Bosch Logokåpa Performance Line Speed - cykelnatur.se";"4047025643245"
"2100625";"Bosch Logokåpa adapter, rektangulär (BDU2XX)";"Original Bosch eBike-reservdel: Logokåpa adapter, rektangulär (BDU2XX).";"<ul><li>Om Designkåpa inte är monterat</li></ul><p style='margin:0 0 1em'>I förpackningen: 1 st Logokåpa adapter.</p><p style='margin:0 0 1em'>System: Bosch eBike-system 2 · Vikt: 11 g · Artikelnummer: 2100625 · EAN: 4047025643252</p><p style='margin:0 0 1em'>Original Bosch eBike-reservdel. Beställningsvara som normalt når oss inom 5–10 dagar – vi hör av oss när den finns att hämta i butiken i Årsta, eller så skickar vi den hem till dig. Osäker på om delen passar din cykel? Mejla oss en bild på din display eller ditt batteri så hjälper vi dig.</p>";"71";"25";"1";"0";"1";"1";"0";"https://raw.githubusercontent.com/erik859/cykelnatur-lokalt-lager/main/bosch-bilder/2100625.jpg";"1";"11";"Original Bosch eBike-reservdel: Logokåpa adapter, rektangulär (BDU2XX). Beställningsvara hos Cykel & Natur i Årsta.";"Bosch Logokåpa adapter, rektangulär (BDU2XX) - cykelnatur.se";"4047025643252"
"2100626";"Bosch Logokåpa Performance Line Speed (BDU2XX)";"Original Bosch eBike-reservdel: Logokåpa Performance Line Speed (BDU2XX).";"<ul><li>Om ett Designkåpa är monterat</li></ul><p style='margin:0 0 1em'>I förpackningen: 1 st Logokåpa Performance Line Speed.</p><p style='margin:0 0 1em'>System: Bosch eBike-system 2 · Vikt: 12 g · Artikelnummer: 2100626 · EAN: 4047025643269</p><p style='margin:0 0 1em'>Original Bosch eBike-reservdel. Beställningsvara som normalt når oss inom 5–10 dagar – vi hör av oss när den finns att hämta i butiken i Årsta, eller så skickar vi den hem till dig. Osäker på om delen passar din cykel? Mejla oss en bild på din display eller ditt batteri så hjälper vi dig.</p>";"71";"25";"1";"0";"1";"1";"0";"https://raw.githubusercontent.com/erik859/cykelnatur-lokalt-lager/main/bosch-bilder/2100626.jpg";"1";"12";"Original Bosch eBike-reservdel: Logokåpa Performance Line Speed (BDU2XX). Beställningsvara hos Cykel & Natur i Årsta.";"Bosch Logokåpa Performance Line 2100626 - cykelnatur.se";"4047025643269"
"2100627";"Bosch Logokåpa Performance Line Speed, inkl. Mellanläggsring (BDU2XX)";"Original Bosch eBike-reservdel: Logokåpa Performance Line Speed, inkl. Mellanläggsring (BDU2XX).";"<ul><li>Om Designkåpa inte är monterat</li></ul><p style='margin:0 0 1em'>I förpackningen: 1 st Logokåpa Performance Line Speed, 1 st Mellanläggsring.</p><p style='margin:0 0 1em'>System: Bosch eBike-system 2 · Vikt: 16 g · Artikelnummer: 2100627 · EAN: 4047025643276</p><p style='margin:0 0 1em'>Original Bosch eBike-reservdel. Beställningsvara som normalt når oss inom 5–10 dagar – vi hör av oss när den finns att hämta i butiken i Årsta, eller så skickar vi den hem till dig. Osäker på om delen passar din cykel? Mejla oss en bild på din display eller ditt batteri så hjälper vi dig.</p>";"95";"25";"1";"0";"1";"1";"0";"https://raw.githubusercontent.com/erik859/cykelnatur-lokalt-lager/main/bosch-bilder/2100627.jpg";"1";"16";"Original Bosch eBike-reservdel: Logokåpa Performance Line Speed, inkl. Mellanläggsring (BDU2XX). Beställningsvara hos Cykel & Natur i Årsta.";"Bosch Logokåpa Performance Line 2100627 - cykelnatur.se";"4047025643276"
"2100704";"Bosch Adaptersats DualBattery (BCH231)";"Original Bosch eBike-reservdel: Adaptersats DualBattery (BCH231).";"<ul><li>Vid användning av två batterier (DualBattery)</li><li>Beställ batterikabel separat!</li><li>Kan inte eftermonteras!</li></ul><p style='margin:0 0 1em'>I förpackningen: 1 st Y-kabel 515/430 mm, 1 st Sats med blindplugg för laddningsuttag, 1 st Stiftskydd.</p><p style='margin:0 0 1em'>System: Bosch eBike-system 2 · Vikt: 77 g · Artikelnummer: 2100704 · EAN: 4047026050400</p><p style='margin:0 0 1em'>Original Bosch eBike-reservdel. Beställningsvara som normalt når oss inom 5–10 dagar – vi hör av oss när den finns att hämta i butiken i Årsta, eller så skickar vi den hem till dig. Osäker på om delen passar din cykel? Mejla oss en bild på din display eller ditt batteri så hjälper vi dig.</p>";"485";"25";"1";"0";"1";"1";"0";"https://raw.githubusercontent.com/erik859/cykelnatur-lokalt-lager/main/bosch-bilder/2100704.jpg";"1";"77";"Original Bosch eBike-reservdel: Adaptersats DualBattery (BCH231). Beställningsvara hos Cykel & Natur i Årsta.";"Bosch Adaptersats DualBattery (BCH231) - cykelnatur.se";"4047026050400"
"2100734";"Bosch Displayhållare, kabel 1300 mmför Intuvia och Nyon (BUI275)";"Förväntas vara tillgänglig från och med kalenderveckan 34/35 / 2026";"<p style='margin:0 0 1em'>Förväntas vara tillgänglig från och med kalenderveckan 34/35 / 2026</p><p style='margin:0 0 1em'>I förpackningen: 1 st Displayhållare, 1 st Kabel 1300 mm, 4 st Gummidistanser 31,8 mm, 4 st Gummidistanser 25,4 mm, 4 st Gummidistanser 22,2 mm.</p><p style='margin:0 0 1em'>System: Bosch eBike-system 2 · Vikt: 187 g · Artikelnummer: 2100734 · EAN: 4047026050431</p><p style='margin:0 0 1em'>Original Bosch eBike-reservdel. Beställningsvara som normalt når oss inom 5–10 dagar – vi hör av oss när den finns att hämta i butiken i Årsta, eller så skickar vi den hem till dig. Osäker på om delen passar din cykel? Mejla oss en bild på din display eller ditt batteri så hjälper vi dig.</p>";"485";"25";"1";"0";"1";"1";"0";"https://raw.githubusercontent.com/erik859/cykelnatur-lokalt-lager/main/bosch-bilder/2100734.jpg";"1";"187";"Förväntas vara tillgänglig från och med kalenderveckan 34/35 / 2026 Beställningsvara hos Cykel & Natur i Årsta.";"Bosch Displayhållare, kabel 1300 mmför - cykelnatur.se";"4047026050431"
"2100736";"Bosch Purion display, antracit, kabel 1300 mm (BUI215)";"Original Bosch eBike-reservdel: Purion display, antracit, kabel 1300 mm (BUI215).";"<p style='margin:0 0 1em'>&lt;p&gt;&lt;strong&gt;Inte &lt;/strong&gt;kompatibel med Classic+ drivenheter!&lt;/p&gt;&lt;br&gt;</p><ul><li>Display med integrerad kontrollenhet, inkl. displayhållare och 1.300 mm kabel.</li><li>Den minimalistiska fordonsdatorn fokuserar på den viktigaste körinformationen, t.ex. körläge, räckvidd eller körsträcka.</li><li>Fem körlägen att välja mellan (Eco, Tour, Sport, Turbo, Off) plus push assist</li><li>Snyggt utseende på cykelstyret</li></ul><p style='margin:0 0 1em'>I förpackningen: 1 st Purion display, 1 st Bruks- och monteringsanvisning.</p><p style='margin:0 0 1em'>System: Bosch eBike-system 2 · Vikt: 300 g · Artikelnummer: 2100736 · EAN: 4047026050424</p><p style='margin:0 0 1em'>Original Bosch eBike-reservdel. Beställningsvara som normalt når oss inom 5–10 dagar – vi hör av oss när den finns att hämta i butiken i Årsta, eller så skickar vi den hem till dig. Osäker på om delen passar din cykel? Mejla oss en bild på din display eller ditt batteri så hjälper vi dig.</p>";"1389";"25";"1";"0";"1";"1";"0";"https://raw.githubusercontent.com/erik859/cykelnatur-lokalt-lager/main/bosch-bilder/2100736.jpg";"1";"300";"Original Bosch eBike-reservdel: Purion display, antracit, kabel 1300 mm (BUI215). Beställningsvara hos Cykel & Natur i Årsta.";"Bosch Purion display, antracit, kabel 1300 - cykelnatur.se";"4047026050424"
"2100737";"Bosch Kabel för pakethållarbatteri 720 mm (BCH222)";"Original Bosch eBike-reservdel: Kabel för pakethållarbatteri 720 mm (BCH222).";"<p style='margin:0 0 1em'>I förpackningen: 1 st Kabel för pakethållarbatteri, 720 mm.</p><p style='margin:0 0 1em'>System: Bosch eBike-system 2 · Vikt: 108 g · Artikelnummer: 2100737 · EAN: 4047026050356</p><p style='margin:0 0 1em'>Original Bosch eBike-reservdel. Beställningsvara som normalt når oss inom 5–10 dagar – vi hör av oss när den finns att hämta i butiken i Årsta, eller så skickar vi den hem till dig. Osäker på om delen passar din cykel? Mejla oss en bild på din display eller ditt batteri så hjälper vi dig.</p>";"485";"25";"1";"0";"1";"1";"0";"https://raw.githubusercontent.com/erik859/cykelnatur-lokalt-lager/main/bosch-bilder/2100737.jpg";"1";"108";"Original Bosch eBike-reservdel: Kabel för pakethållarbatteri 720 mm (BCH222). Beställningsvara hos Cykel & Natur i Årsta.";"Bosch Kabel för pakethållarbatteri 720 mm - cykelnatur.se";"4047026050356"
"2100738";"Bosch Y-kabel för pakethållarbatteri 750 mm (BCH262)";"Original Bosch eBike-reservdel: Y-kabel för pakethållarbatteri 750 mm (BCH262).";"<h3>Strömförsörjning och CAN för</h3><ul><li>ABS</li><li>eShift (Rohloff E-14, Shimano DI2, NuVinci H|sync, Enviolo Automatiq)</li></ul><p style='margin:0 0 1em'>I förpackningen: 1 st Y-kabel, 750 mm.</p><p style='margin:0 0 1em'>System: Bosch eBike-system 2 · Vikt: 122 g · Artikelnummer: 2100738 · EAN: 4047026050370</p><p style='margin:0 0 1em'>Original Bosch eBike-reservdel. Beställningsvara som normalt når oss inom 5–10 dagar – vi hör av oss när den finns att hämta i butiken i Årsta, eller så skickar vi den hem till dig. Osäker på om delen passar din cykel? Mejla oss en bild på din display eller ditt batteri så hjälper vi dig.</p>";"1079";"25";"1";"0";"1";"1";"0";"https://raw.githubusercontent.com/erik859/cykelnatur-lokalt-lager/main/bosch-bilder/2100738.jpg";"1";"122";"Original Bosch eBike-reservdel: Y-kabel för pakethållarbatteri 750 mm (BCH262). Beställningsvara hos Cykel & Natur i Årsta.";"Bosch Y-kabel för pakethållarbatteri 750 mm - cykelnatur.se";"4047026050370"
"2100742";"Bosch Kabel för rambatteri 220 mm (BCH214)";"Original Bosch eBike-reservdel: Kabel för rambatteri 220 mm (BCH214).";"<p style='margin:0 0 1em'>I förpackningen: 1 st Kabel för rambatteri, 220 mm.</p><p style='margin:0 0 1em'>System: Bosch eBike-system 2 · Vikt: 57 g · Artikelnummer: 2100742 · EAN: 4047026050349</p><p style='margin:0 0 1em'>Original Bosch eBike-reservdel. Beställningsvara som normalt når oss inom 5–10 dagar – vi hör av oss när den finns att hämta i butiken i Årsta, eller så skickar vi den hem till dig. Osäker på om delen passar din cykel? Mejla oss en bild på din display eller ditt batteri så hjälper vi dig.</p>";"485";"25";"1";"0";"1";"1";"0";"https://raw.githubusercontent.com/erik859/cykelnatur-lokalt-lager/main/bosch-bilder/2100742.jpg";"1";"57";"Original Bosch eBike-reservdel: Kabel för rambatteri 220 mm (BCH214). Beställningsvara hos Cykel & Natur i Årsta.";"Bosch Kabel för rambatteri 220 mm (BCH214) - cykelnatur.se";"4047026050349"
"2100743";"Bosch Y-kabel för rambatteri 220 mm (BCH265)";"Original Bosch eBike-reservdel: Y-kabel för rambatteri 220 mm (BCH265).";"<h3>Strömförsörjning och CAN för</h3><ul><li>ABS</li><li>eShift (Rohloff E-14, Shimano DI2, NuVinci H|sync, Enviolo Automatiq)</li></ul><p style='margin:0 0 1em'>I förpackningen: 1 st Y-kabel, 220 mm.</p><p style='margin:0 0 1em'>System: Bosch eBike-system 2 · Vikt: 69 g · Artikelnummer: 2100743 · EAN: 4047026050363</p><p style='margin:0 0 1em'>Original Bosch eBike-reservdel. Beställningsvara som normalt når oss inom 5–10 dagar – vi hör av oss när den finns att hämta i butiken i Årsta, eller så skickar vi den hem till dig. Osäker på om delen passar din cykel? Mejla oss en bild på din display eller ditt batteri så hjälper vi dig.</p>";"1079";"25";"1";"0";"1";"1";"0";"https://raw.githubusercontent.com/erik859/cykelnatur-lokalt-lager/main/bosch-bilder/2100743.jpg";"1";"69";"Original Bosch eBike-reservdel: Y-kabel för rambatteri 220 mm (BCH265). Beställningsvara hos Cykel & Natur i Årsta.";"Bosch Y-kabel för rambatteri 220 mm (BCH265) - cykelnatur.se";"4047026050363"
"2100745";"Bosch PowerTube 500 horisontell (BBP280)";"Vänligen notera detta: På grund av att EU:s batteriförordning har trätt i kraft är denna produkt nu endast tillgänglig som reservdel.";"<p style='margin:0 0 1em'>&lt;h4&gt;Viktig produktinformation&lt;/h4&gt;&lt;br&gt;&lt;br&gt;&lt;p&gt;Alla PowerTube-batterier har inte samma längdmått. Kompatibilitet mellan enskilda PowerTube-modeller är inte alltid garanterad.&lt;/p&gt;&lt;br&gt;</p><p style='margin:0 0 1em'>&lt;p&gt;Se till att du beställer &lt;strong&gt;rätt variant&lt;/strong&gt; av detta batteri (horisontellt eller vertikalt). &lt;/p&gt;&lt;br&gt;</p><ul><li>Batteripaket som kan integreras i cykelramen.</li><li>Lätt och säkert att sätta in och ta bort</li><li>Hög körsträcka och lång livslängd tack vare det integrerade batterihanteringssystemet.</li><li>Ingen minneseffekt och ingen självurladdning</li></ul><p style='margin:0 0 1em'>I förpackningen: 1 st PowerTube 500 horisontell, 1 st Skruvplatta 1270015630, 1 st Transportförpackning (godkänd för farligt gods), 1 st Bruksanvisning.</p><p style='margin:0 0 1em'>System: Bosch eBike-system 2 · Mått: 349 x 84 x 65 mm · Vikt: 3,25 kg · Artikelnummer: 2100745 · EAN: 4047025782111</p><p style='margin:0 0 1em'>Original Bosch eBike-reservdel. Beställningsvara som normalt når oss inom 5–10 dagar – vi hör av oss när den finns att hämta i butiken i Årsta, eller så skickar vi den hem till dig. Osäker på om delen passar din cykel? Mejla oss en bild på din display eller ditt batteri så hjälper vi dig.</p>";"8839";"25";"1";"0";"1";"1";"0";"https://raw.githubusercontent.com/erik859/cykelnatur-lokalt-lager/main/bosch-bilder/2100745.jpg";"1";"3250";"Vänligen notera detta: På grund av att EU:s batteriförordning har trätt i kraft är denna produkt nu endast… Beställningsvara hos Cykel & Natur i Årsta.";"Bosch PowerTube 500 horisontell (BBP280) - cykelnatur.se";"4047025782111"
"2100746";"Bosch PowerTube 500 vertikal (BBP281)";"Vänligen notera detta: På grund av att EU:s batteriförordning har trätt i kraft är denna produkt nu endast tillgänglig som reservdel.";"<p style='margin:0 0 1em'>&lt;h4&gt;Viktig produktinformation&lt;/h4&gt;&lt;br&gt;&lt;br&gt;&lt;p&gt;Alla PowerTube-batterier har inte samma längdmått. Kompatibilitet mellan enskilda PowerTube-modeller är inte alltid garanterad.&lt;/p&gt;&lt;br&gt;</p><p style='margin:0 0 1em'>&lt;p&gt;Se till att du beställer &lt;strong&gt;rätt variant&lt;/strong&gt; av detta batteri (horisontellt eller vertikalt). &lt;/p&gt;&lt;br&gt;</p><ul><li>Batteripaket som kan integreras i cykelramen</li><li>Lätt och säkert att sätta in och ta bort</li><li>Hög körsträcka och lång livslängd tack vare det integrerade batterihanteringssystemet.</li><li>Ingen minneseffekt och ingen självurladdning</li></ul><p style='margin:0 0 1em'>I förpackningen: 1 st PowerTube 500 vertikal, 1 st Skruvplatta 1270015629, 1 st Transportförpackning (godkänd för farligt gods), 1 st Bruksanvisning.</p><p style='margin:0 0 1em'>System: Bosch eBike-system 2 · Mått: 349 x 65 x 84 mm · Vikt: 3,25 kg · Artikelnummer: 2100746 · EAN: 4047025782128</p><p style='margin:0 0 1em'>Original Bosch eBike-reservdel. Beställningsvara som normalt når oss inom 5–10 dagar – vi hör av oss när den finns att hämta i butiken i Årsta, eller så skickar vi den hem till dig. Osäker på om delen passar din cykel? Mejla oss en bild på din display eller ditt batteri så hjälper vi dig.</p>";"8839";"25";"1";"0";"1";"1";"0";"https://raw.githubusercontent.com/erik859/cykelnatur-lokalt-lager/main/bosch-bilder/2100746.jpg";"1";"3250";"Vänligen notera detta: På grund av att EU:s batteriförordning har trätt i kraft är denna produkt nu endast… Beställningsvara hos Cykel & Natur i Årsta.";"Bosch PowerTube 500 vertikal (BBP281) - cykelnatur.se";"4047025782128"
"2100747";"Bosch Monteringssats fäste för PowerTube, låssida (BBP2XX)";"Original Bosch eBike-reservdel: Monteringssats fäste för PowerTube, låssida (BBP2XX).";"<p style='margin:0 0 1em'>&lt;p&gt;För vertikal och horisontell montering&lt;/p&gt;&lt;br&gt;</p><h3>Observera</h3><p style='margin:0 0 1em'>&lt;p&gt;Det kan förekomma tillverkarspecifika fästen som inte är tillgängliga från Bosch eBike Systems.&lt;/p&gt;&lt;br&gt;</p><p style='margin:0 0 1em'>I förpackningen: 1 st Aluminium fästbygel, 1 st Plasthölje för lås, 1 st Stödplatta, 1 st Gängstift M4x10 (horisontell), 1 st Gängstift M4x25 (vertikal), 1 st Bricka, 6 st Insexskruvar M5x14, 2 st Insexskruvar M4x27.</p><p style='margin:0 0 1em'>System: Bosch eBike-system 2 · Vikt: 95 g · Artikelnummer: 2100747 · EAN: 4047026050271</p><p style='margin:0 0 1em'>Original Bosch eBike-reservdel. Beställningsvara som normalt når oss inom 5–10 dagar – vi hör av oss när den finns att hämta i butiken i Årsta, eller så skickar vi den hem till dig. Osäker på om delen passar din cykel? Mejla oss en bild på din display eller ditt batteri så hjälper vi dig.</p>";"240";"25";"1";"0";"1";"1";"0";"https://raw.githubusercontent.com/erik859/cykelnatur-lokalt-lager/main/bosch-bilder/2100747.jpg";"1";"95";"Original Bosch eBike-reservdel: Monteringssats fäste för PowerTube, låssida (BBP2XX). Beställningsvara hos Cykel & Natur i Årsta.";"Bosch Monteringssats fäste för PowerTube - cykelnatur.se";"4047026050271"
"2100748";"Bosch Monteringssats fäste för PowerTube, kabelsida (BBP2XX)";"Original Bosch eBike-reservdel: Monteringssats fäste för PowerTube, kabelsida (BBP2XX).";"<p style='margin:0 0 1em'>&lt;p&gt;För vertikal och horisontell montering&lt;/p&gt;&lt;br&gt;</p><h3>Observera</h3><p style='margin:0 0 1em'>&lt;p&gt;Det kan förekomma tillverkarspecifika fästen som inte är tillgängliga från Bosch eBike Systems.&lt;/p&gt;&lt;br&gt;</p><p style='margin:0 0 1em'>I förpackningen: 1 st Aluminium fästbygel, 1 st Plasthölje för kabel, 1 st Dämpningsplatta, 1 st Gängstift M4x10 (horisontell), 1 st Gängstift M4x25 (vertikal), 1 st Bricka, 4 st Insexskruvar M5x14.</p><p style='margin:0 0 1em'>System: Bosch eBike-system 2 · Vikt: 71 g · Artikelnummer: 2100748 · EAN: 4047026050288</p><p style='margin:0 0 1em'>Original Bosch eBike-reservdel. Beställningsvara som normalt når oss inom 5–10 dagar – vi hör av oss när den finns att hämta i butiken i Årsta, eller så skickar vi den hem till dig. Osäker på om delen passar din cykel? Mejla oss en bild på din display eller ditt batteri så hjälper vi dig.</p>";"240";"25";"1";"0";"1";"1";"0";"https://raw.githubusercontent.com/erik859/cykelnatur-lokalt-lager/main/bosch-bilder/2100748.jpg";"1";"71";"Original Bosch eBike-reservdel: Monteringssats fäste för PowerTube, kabelsida (BBP2XX). Beställningsvara hos Cykel & Natur i Årsta.";"Bosch Monteringssats fäste för 2100748 - cykelnatur.se";"4047026050288"
"2100749";"Bosch Kabel PowerTube 220 mm (BCH280)";"Original Bosch eBike-reservdel: Kabel PowerTube 220 mm (BCH280).";"<p style='margin:0 0 1em'>I förpackningen: 1 st Kabel PowerTube, 200 mm.</p><p style='margin:0 0 1em'>System: Bosch eBike-system 2 · Vikt: 47 g · Artikelnummer: 2100749 · EAN: 4047026050202</p><p style='margin:0 0 1em'>Original Bosch eBike-reservdel. Beställningsvara som normalt når oss inom 5–10 dagar – vi hör av oss när den finns att hämta i butiken i Årsta, eller så skickar vi den hem till dig. Osäker på om delen passar din cykel? Mejla oss en bild på din display eller ditt batteri så hjälper vi dig.</p>";"485";"25";"1";"0";"1";"1";"0";"https://raw.githubusercontent.com/erik859/cykelnatur-lokalt-lager/main/bosch-bilder/2100749.jpg";"1";"47";"Original Bosch eBike-reservdel: Kabel PowerTube 220 mm (BCH280). Beställningsvara hos Cykel & Natur i Årsta.";"Bosch Kabel PowerTube 220 mm (BCH280) - cykelnatur.se";"4047026050202"
"2100750";"Bosch Kabel PowerTube 310 mm (BCH281)";"Original Bosch eBike-reservdel: Kabel PowerTube 310 mm (BCH281).";"<p style='margin:0 0 1em'>I förpackningen: 1 st Kabel PowerTube, 310 mm.</p><p style='margin:0 0 1em'>System: Bosch eBike-system 2 · Vikt: 51 g · Artikelnummer: 2100750 · EAN: 4047026050219</p><p style='margin:0 0 1em'>Original Bosch eBike-reservdel. Beställningsvara som normalt når oss inom 5–10 dagar – vi hör av oss när den finns att hämta i butiken i Årsta, eller så skickar vi den hem till dig. Osäker på om delen passar din cykel? Mejla oss en bild på din display eller ditt batteri så hjälper vi dig.</p>";"485";"25";"1";"0";"1";"1";"0";"https://raw.githubusercontent.com/erik859/cykelnatur-lokalt-lager/main/bosch-bilder/2100750.jpg";"1";"51";"Original Bosch eBike-reservdel: Kabel PowerTube 310 mm (BCH281). Beställningsvara hos Cykel & Natur i Årsta.";"Bosch Kabel PowerTube 310 mm (BCH281) - cykelnatur.se";"4047026050219"
"2100751";"Bosch Kabel PowerTube 410 mm (BCH282)";"Original Bosch eBike-reservdel: Kabel PowerTube 410 mm (BCH282).";"<p style='margin:0 0 1em'>I förpackningen: 1 st Kabel PowerTube, 410 mm.</p><p style='margin:0 0 1em'>System: Bosch eBike-system 2 · Vikt: 55 g · Artikelnummer: 2100751 · EAN: 4047026050226</p><p style='margin:0 0 1em'>Original Bosch eBike-reservdel. Beställningsvara som normalt når oss inom 5–10 dagar – vi hör av oss när den finns att hämta i butiken i Årsta, eller så skickar vi den hem till dig. Osäker på om delen passar din cykel? Mejla oss en bild på din display eller ditt batteri så hjälper vi dig.</p>";"485";"25";"1";"0";"1";"1";"0";"https://raw.githubusercontent.com/erik859/cykelnatur-lokalt-lager/main/bosch-bilder/2100751.jpg";"1";"55";"Original Bosch eBike-reservdel: Kabel PowerTube 410 mm (BCH282). Beställningsvara hos Cykel & Natur i Årsta.";"Bosch Kabel PowerTube 410 mm (BCH282) - cykelnatur.se";"4047026050226"
"2100752";"Bosch Kabel PowerTube 820 mm (BCH283)";"Original Bosch eBike-reservdel: Kabel PowerTube 820 mm (BCH283).";"<p style='margin:0 0 1em'>I förpackningen: 1 st Kabel PowerTube, 820 mm.</p><p style='margin:0 0 1em'>System: Bosch eBike-system 2 · Vikt: 76 g · Artikelnummer: 2100752 · EAN: 4047026050233</p><p style='margin:0 0 1em'>Original Bosch eBike-reservdel. Beställningsvara som normalt når oss inom 5–10 dagar – vi hör av oss när den finns att hämta i butiken i Årsta, eller så skickar vi den hem till dig. Osäker på om delen passar din cykel? Mejla oss en bild på din display eller ditt batteri så hjälper vi dig.</p>";"485";"25";"1";"0";"1";"1";"0";"https://raw.githubusercontent.com/erik859/cykelnatur-lokalt-lager/main/bosch-bilder/2100752.jpg";"1";"76";"Original Bosch eBike-reservdel: Kabel PowerTube 820 mm (BCH283). Beställningsvara hos Cykel & Natur i Årsta.";"Bosch Kabel PowerTube 820 mm (BCH283) - cykelnatur.se";"4047026050233"
"2100753";"Bosch Kabel PowerTube 950 mm (BCH284)";"Original Bosch eBike-reservdel: Kabel PowerTube 950 mm (BCH284).";"<p style='margin:0 0 1em'>I förpackningen: 1 st Kabel PowerTube, 950 mm.</p><p style='margin:0 0 1em'>System: Bosch eBike-system 2 · Vikt: 81 g · Artikelnummer: 2100753 · EAN: 4047026050240</p><p style='margin:0 0 1em'>Original Bosch eBike-reservdel. Beställningsvara som normalt når oss inom 5–10 dagar – vi hör av oss när den finns att hämta i butiken i Årsta, eller så skickar vi den hem till dig. Osäker på om delen passar din cykel? Mejla oss en bild på din display eller ditt batteri så hjälper vi dig.</p>";"485";"25";"1";"0";"1";"1";"0";"https://raw.githubusercontent.com/erik859/cykelnatur-lokalt-lager/main/bosch-bilder/2100753.jpg";"1";"81";"Original Bosch eBike-reservdel: Kabel PowerTube 950 mm (BCH284). Beställningsvara hos Cykel & Natur i Årsta.";"Bosch Kabel PowerTube 950 mm (BCH284) - cykelnatur.se";"4047026050240"
"2100754";"Bosch Sats laddningsuttag PowerTube 100 mm (BCH288)";"Original Bosch eBike-reservdel: Sats laddningsuttag PowerTube 100 mm (BCH288).";"<h3>Observera:</h3><p style='margin:0 0 1em'>&lt;p&gt;Det kan förekomma tillverkarspecifika fästen som inte är tillgängliga från Bosch eBike Systems.&lt;/p&gt;&lt;br&gt;</p><p style='margin:0 0 1em'>I förpackningen: 1 st Kabel, 100 mm, 1 st Hållare, 1 st Skyddslock 12700167252, 2 st Försänkta skruvar 3x14, 1 st O-ring 23x1,5.</p><p style='margin:0 0 1em'>System: Bosch eBike-system 2 · Vikt: 29 g · Artikelnummer: 2100754 · EAN: 4047026050257</p><p style='margin:0 0 1em'>Original Bosch eBike-reservdel. Beställningsvara som normalt når oss inom 5–10 dagar – vi hör av oss när den finns att hämta i butiken i Årsta, eller så skickar vi den hem till dig. Osäker på om delen passar din cykel? Mejla oss en bild på din display eller ditt batteri så hjälper vi dig.</p>";"360";"25";"1";"0";"1";"1";"0";"https://raw.githubusercontent.com/erik859/cykelnatur-lokalt-lager/main/bosch-bilder/2100754.jpg";"1";"29";"Original Bosch eBike-reservdel: Sats laddningsuttag PowerTube 100 mm (BCH288). Beställningsvara hos Cykel & Natur i Årsta.";"Bosch Sats laddningsuttag PowerTube 100 mm - cykelnatur.se";"4047026050257"
"2100755";"Bosch Sats laddningsuttag PowerTube 680 mm (BCH289)";"Original Bosch eBike-reservdel: Sats laddningsuttag PowerTube 680 mm (BCH289).";"<h3>Observera</h3><p style='margin:0 0 1em'>&lt;p&gt;Det kan förekomma tillverkarspecifika fästen som inte är tillgängliga från Bosch eBike Systems.&lt;/p&gt;&lt;br&gt;</p><p style='margin:0 0 1em'>I förpackningen: 1 st Kabel, 680 mm, 1 st Hållare, 1 st Skyddslock 1270016725, 2 st Försänkta skruvar 3x14, 1 st O-ring 23x1,5.</p><p style='margin:0 0 1em'>System: Bosch eBike-system 2 · Vikt: 51 g · Artikelnummer: 2100755 · EAN: 4047026050264</p><p style='margin:0 0 1em'>Original Bosch eBike-reservdel. Beställningsvara som normalt når oss inom 5–10 dagar – vi hör av oss när den finns att hämta i butiken i Årsta, eller så skickar vi den hem till dig. Osäker på om delen passar din cykel? Mejla oss en bild på din display eller ditt batteri så hjälper vi dig.</p>";"360";"25";"1";"0";"1";"1";"0";"https://raw.githubusercontent.com/erik859/cykelnatur-lokalt-lager/main/bosch-bilder/2100755.jpg";"1";"51";"Original Bosch eBike-reservdel: Sats laddningsuttag PowerTube 680 mm (BCH289). Beställningsvara hos Cykel & Natur i Årsta.";"Bosch Sats laddningsuttag PowerTube 680 mm - cykelnatur.se";"4047026050264"
"2100756";"Bosch Sats skruvplatta PowerTube vertikal (BBP2XX)";"Original Bosch eBike-reservdel: Sats skruvplatta PowerTube vertikal (BBP2XX).";"<p style='margin:0 0 1em'>I förpackningen: 1 st Iskruvningsplatta, 1 st Låsplatta, 2 st Insexskruvar M4x8, 1 st Monteringsanvisning.</p><p style='margin:0 0 1em'>System: Bosch eBike-system 2 · Vikt: 35 g · Artikelnummer: 2100756 · EAN: 4047026098716</p><p style='margin:0 0 1em'>Original Bosch eBike-reservdel. Beställningsvara som normalt når oss inom 5–10 dagar – vi hör av oss när den finns att hämta i butiken i Årsta, eller så skickar vi den hem till dig. Osäker på om delen passar din cykel? Mejla oss en bild på din display eller ditt batteri så hjälper vi dig.</p>";"120";"25";"1";"0";"1";"1";"0";"https://raw.githubusercontent.com/erik859/cykelnatur-lokalt-lager/main/bosch-bilder/2100756.jpg";"1";"35";"Original Bosch eBike-reservdel: Sats skruvplatta PowerTube vertikal (BBP2XX). Beställningsvara hos Cykel & Natur i Årsta.";"Bosch Sats skruvplatta PowerTube vertikal - cykelnatur.se";"4047026098716"
