"Produktnummer";"Namn (SV)";"Inledande text (SV)";"Beskrivning (SV)";"Pris (SEK)";"Moms procentsats";"Lagerhantering";"Lagersaldo";"Visa lagersaldo";"Tillåt beställningar";"Dölj om slut";"Bilder";"Dölj produkt";"Vikt (g)";"META description (SV)";"META title (SV)";"EAN"
"2100757";"Bosch Sats skruvplatta PowerTube horisontell (BBP2XX)";"Original Bosch eBike-reservdel: Sats skruvplatta PowerTube horisontell (BBP2XX).";"<p style='margin:0 0 1em'>I förpackningen: 1 st Iskruvningsplatta, 1 st Låsplatta, 2 st Insexskruvar M4x8, 1 st Monteringsanvisning.</p><p style='margin:0 0 1em'>System: Bosch eBike-system 2 · Vikt: 35 g · Artikelnummer: 2100757 · EAN: 4047026098723</p><p style='margin:0 0 1em'>Original Bosch eBike-reservdel. Beställningsvara som normalt når oss inom 5–10 dagar – vi hör av oss när den finns att hämta i butiken i Årsta, eller så skickar vi den hem till dig. Osäker på om delen passar din cykel? Mejla oss en bild på din display eller ditt batteri så hjälper vi dig.</p>";"120";"25";"1";"0";"1";"1";"0";"https://raw.githubusercontent.com/erik859/cykelnatur-lokalt-lager/main/bosch-bilder/2100757.jpg";"1";"35";"Original Bosch eBike-reservdel: Sats skruvplatta PowerTube horisontell (BBP2XX). Beställningsvara hos Cykel & Natur i Årsta.";"Bosch Sats skruvplatta PowerTube - cykelnatur.se";"4047026098723"
"2100758";"Bosch Skyddslock laddningsuttag PowerTube";"Original Bosch eBike-reservdel: Skyddslock laddningsuttag PowerTube.";"<p style='margin:0 0 1em'>I förpackningen: 1 st Skyddslock laddningsuttag.</p><p style='margin:0 0 1em'>System: Bosch eBike-system 2 · Vikt: 5 g · Artikelnummer: 2100758 · EAN: 4047026123456</p><p style='margin:0 0 1em'>Original Bosch eBike-reservdel. Beställningsvara som normalt når oss inom 5–10 dagar – vi hör av oss när den finns att hämta i butiken i Årsta, eller så skickar vi den hem till dig. Osäker på om delen passar din cykel? Mejla oss en bild på din display eller ditt batteri så hjälper vi dig.</p>";"23";"25";"1";"0";"1";"1";"0";"https://raw.githubusercontent.com/erik859/cykelnatur-lokalt-lager/main/bosch-bilder/2100758.jpg";"1";"5";"Original Bosch eBike-reservdel: Skyddslock laddningsuttag PowerTube. Beställningsvara hos Cykel & Natur i Årsta.";"Bosch Skyddslock laddningsuttag PowerTube - cykelnatur.se";"4047026123456"
"2100760";"Bosch Sats Drive Unit Performance Line 25 km/h (BDU250P)";"Original Bosch eBike-reservdel: Sats Drive Unit Performance Line 25 km/h (BDU250P).";"<p style='margin:0 0 1em'>&lt;h4&gt;Viktig produktinformation&lt;/h4&gt;&lt;br&gt;&lt;br&gt;&lt;p&gt;Utbyte av en Drive Unit är endast möjligt som en 1:1-ersättning. Tyvärr kan vi inte erbjuda en uppgradering till en kraftigare Drive Unit. Detta är nödvändigt för att säkerställa teknisk kompatibilitet och systemets smidiga funktion. Därför kan vi inte behandla beställningar som inte motsvarar en 1:1-ersättning och måste tyvärr annullera dem.&lt;/p&gt;&lt;br&gt;&lt;br&gt;&lt;p&gt;För att göra en fullständig beställning behöver vi all nödvändig information. Om du saknar en eller flera av dessa uppgifter kan vi inte fortsätta konfigurera Drive Unit (DU). Se till att den Drive Unit du väljer här stämmer överens med den du har lagt till i varukorgen.&lt;/p&gt;</p><p style='margin:0 0 1em'>I förpackningen: 1 st Drive Unit Performance Line Cruise 25 km/h, 1 st Logokåpa 1270015170, 1 st Låsring, 1 st O-ring, 1 st Monteringsplatta, 1 st Avståndshylsa, 1 st Bruksanvisning och monteringsanvisning.</p><p style='margin:0 0 1em'>System: Bosch eBike-system 2 · Vikt: 4,23 kg · Artikelnummer: 2100760 · EAN: 4047026098761</p><p style='margin:0 0 1em'>Original Bosch eBike-reservdel. Beställningsvara som normalt når oss inom 5–10 dagar – vi hör av oss när den finns att hämta i butiken i Årsta, eller så skickar vi den hem till dig. Osäker på om delen passar din cykel? Mejla oss en bild på din display eller ditt batteri så hjälper vi dig.</p>";"8839";"25";"1";"0";"1";"1";"0";"https://raw.githubusercontent.com/erik859/cykelnatur-lokalt-lager/main/bosch-bilder/2100760.jpg";"1";"4230";"Original Bosch eBike-reservdel: Sats Drive Unit Performance Line 25 km/h (BDU250P). Beställningsvara hos Cykel & Natur i Årsta.";"Bosch Sats Drive Unit Performance Line 25 - cykelnatur.se";"4047026098761"
"2100761";"Bosch Sats Drive Unit Active Line 25 km/h (BDU310)";"Original Bosch eBike-reservdel: Sats Drive Unit Active Line 25 km/h (BDU310).";"<p style='margin:0 0 1em'>&lt;h4&gt;Viktig produktinformation&lt;/h4&gt;&lt;br&gt;&lt;br&gt;&lt;p&gt;Utbyte av en Drive Unit är endast möjligt som en 1:1-ersättning. Tyvärr kan vi inte erbjuda en uppgradering till en kraftigare Drive Unit. Detta är nödvändigt för att säkerställa teknisk kompatibilitet och systemets smidiga funktion. Därför kan vi inte behandla beställningar som inte motsvarar en 1:1-ersättning och måste tyvärr annullera dem.&lt;/p&gt;&lt;br&gt;&lt;br&gt;&lt;p&gt;För att göra en fullständig beställning behöver vi all nödvändig information. Om du saknar en eller flera av dessa uppgifter kan vi inte fortsätta konfigurera Drive Unit (DU). Se till att den Drive Unit du väljer här stämmer överens med den du har lagt till i varukorgen.&lt;/p&gt;</p><p style='margin:0 0 1em'>I förpackningen: 1 st Drive Unit Active Line 25 km/h, 1 st Logokåpa 1270015151, 1 st Låsring, 1 st O-ring, Skruvar, 1 st Bruks- och monteringsanvisning.</p><p style='margin:0 0 1em'>System: Bosch eBike-system 2 · Vikt: 4 kg · Artikelnummer: 2100761 · EAN: 4047026098785</p><p style='margin:0 0 1em'>Original Bosch eBike-reservdel. Beställningsvara som normalt når oss inom 5–10 dagar – vi hör av oss när den finns att hämta i butiken i Årsta, eller så skickar vi den hem till dig. Osäker på om delen passar din cykel? Mejla oss en bild på din display eller ditt batteri så hjälper vi dig.</p>";"7439";"25";"1";"0";"1";"1";"0";"https://raw.githubusercontent.com/erik859/cykelnatur-lokalt-lager/main/bosch-bilder/2100761.jpg";"1";"4000";"Original Bosch eBike-reservdel: Sats Drive Unit Active Line 25 km/h (BDU310). Beställningsvara hos Cykel & Natur i Årsta.";"Bosch Sats Drive Unit Active Line 2100761 - cykelnatur.se";"4047026098785"
"2100762";"Bosch Sats Drive Unit Active Line Plus 25 km/h (BDU350)";"Original Bosch eBike-reservdel: Sats Drive Unit Active Line Plus 25 km/h (BDU350).";"<p style='margin:0 0 1em'>&lt;h4&gt;Viktig produktinformation&lt;/h4&gt;&lt;br&gt;&lt;br&gt;&lt;p&gt;Utbyte av en Drive Unit är endast möjligt som en 1:1-ersättning. Tyvärr kan vi inte erbjuda en uppgradering till en kraftigare Drive Unit. Detta är nödvändigt för att säkerställa teknisk kompatibilitet och systemets smidiga funktion. Därför kan vi inte behandla beställningar som inte motsvarar en 1:1-ersättning och måste tyvärr annullera dem.&lt;/p&gt;&lt;br&gt;&lt;br&gt;&lt;p&gt;För att göra en fullständig beställning behöver vi all nödvändig information. Om du saknar en eller flera av dessa uppgifter kan vi inte fortsätta konfigurera Drive Unit (DU). Se till att den Drive Unit du väljer här stämmer överens med den du har lagt till i varukorgen.&lt;/p&gt;</p><p style='margin:0 0 1em'>I förpackningen: 1 st Drive Unit Active Line Plus 25 km/h, 1 st Logokåpa 1270015146, 1 st Låsring, 1 st O-ring, Skruvar, 1 st Bruks- och monteringsanvisning.</p><p style='margin:0 0 1em'>System: Bosch eBike-system 2 · Vikt: 4 kg · Artikelnummer: 2100762 · EAN: 4047026098792</p><p style='margin:0 0 1em'>Original Bosch eBike-reservdel. Beställningsvara som normalt når oss inom 5–10 dagar – vi hör av oss när den finns att hämta i butiken i Årsta, eller så skickar vi den hem till dig. Osäker på om delen passar din cykel? Mejla oss en bild på din display eller ditt batteri så hjälper vi dig.</p>";"8019";"25";"1";"0";"1";"1";"0";"https://raw.githubusercontent.com/erik859/cykelnatur-lokalt-lager/main/bosch-bilder/2100762.jpg";"1";"4000";"Original Bosch eBike-reservdel: Sats Drive Unit Active Line Plus 25 km/h (BDU350). Beställningsvara hos Cykel & Natur i Årsta.";"Bosch Sats Drive Unit Active Line Plus 25 - cykelnatur.se";"4047026098792"
"2100763";"Bosch Spindel (BDU3XX, BDU33YY)";"Original Bosch eBike-reservdel: Spindel (BDU3XX, BDU33YY).";"<ul><li>För montering av kedjehjul</li></ul><p style='margin:0 0 1em'>I förpackningen: 1 st Spindel.</p><p style='margin:0 0 1em'>System: Bosch eBike-system 2,Det smarta systemet · Vikt: 59 g · Artikelnummer: 2100763 · EAN: 4047026098822</p><p style='margin:0 0 1em'>Original Bosch eBike-reservdel. Beställningsvara som normalt når oss inom 5–10 dagar – vi hör av oss när den finns att hämta i butiken i Årsta, eller så skickar vi den hem till dig. Osäker på om delen passar din cykel? Mejla oss en bild på din display eller ditt batteri så hjälper vi dig.</p>";"215";"25";"1";"0";"1";"1";"0";"https://raw.githubusercontent.com/erik859/cykelnatur-lokalt-lager/main/bosch-bilder/2100763.jpg";"1";"59";"Original Bosch eBike-reservdel: Spindel (BDU3XX, BDU33YY). Beställningsvara hos Cykel & Natur i Årsta.";"Bosch Spindel (BDU3XX, BDU33YY) - cykelnatur.se";"4047026098822"
"2100765";"Bosch O-ring (BDU3XX, BDU33YY)";"Original Bosch eBike-reservdel: O-ring (BDU3XX, BDU33YY).";"<ul><li>För säkring av spindeln/kedjehjulet vid lös låsring</li></ul><p style='margin:0 0 1em'>I förpackningen: 1 st O-ring.</p><p style='margin:0 0 1em'>System: Bosch eBike-system 2,Det smarta systemet · Vikt: 3 g · Artikelnummer: 2100765 · EAN: 4047026098846</p><p style='margin:0 0 1em'>Original Bosch eBike-reservdel. Beställningsvara som normalt når oss inom 5–10 dagar – vi hör av oss när den finns att hämta i butiken i Årsta, eller så skickar vi den hem till dig. Osäker på om delen passar din cykel? Mejla oss en bild på din display eller ditt batteri så hjälper vi dig.</p>";"23";"25";"1";"0";"1";"1";"0";"https://raw.githubusercontent.com/erik859/cykelnatur-lokalt-lager/main/bosch-bilder/2100765.jpg";"1";"3";"Original Bosch eBike-reservdel: O-ring (BDU3XX, BDU33YY). Beställningsvara hos Cykel & Natur i Årsta.";"Bosch O-ring (BDU3XX, BDU33YY) - cykelnatur.se";"4047026098846"
"2100768";"Bosch Designkåpa Active Line Plus, höger (BDU3XX)";"Original Bosch eBike-reservdel: Designkåpa Active Line Plus, höger (BDU3XX).";"<p style='margin:0 0 1em'>I förpackningen: 1 st Designkåpa.</p><p style='margin:0 0 1em'>System: Bosch eBike-system 2 · Vikt: 66 g · Artikelnummer: 2100768 · EAN: 4047026098877</p><p style='margin:0 0 1em'>Original Bosch eBike-reservdel. Beställningsvara som normalt når oss inom 5–10 dagar – vi hör av oss när den finns att hämta i butiken i Årsta, eller så skickar vi den hem till dig. Osäker på om delen passar din cykel? Mejla oss en bild på din display eller ditt batteri så hjälper vi dig.</p>";"190";"25";"1";"0";"1";"1";"0";"https://raw.githubusercontent.com/erik859/cykelnatur-lokalt-lager/main/bosch-bilder/2100768.jpg";"1";"66";"Original Bosch eBike-reservdel: Designkåpa Active Line Plus, höger (BDU3XX). Beställningsvara hos Cykel & Natur i Årsta.";"Bosch Designkåpa Active Line Plus, höger - cykelnatur.se";"4047026098877"
"2100769";"Bosch Designkåpa Active Line Plus, vänster (BDU3XX)";"Original Bosch eBike-reservdel: Designkåpa Active Line Plus, vänster (BDU3XX).";"<p style='margin:0 0 1em'>I förpackningen: 1 st Designkåpa.</p><p style='margin:0 0 1em'>System: Bosch eBike-system 2 · Vikt: 71 g · Artikelnummer: 2100769 · EAN: 4047026098884</p><p style='margin:0 0 1em'>Original Bosch eBike-reservdel. Beställningsvara som normalt når oss inom 5–10 dagar – vi hör av oss när den finns att hämta i butiken i Årsta, eller så skickar vi den hem till dig. Osäker på om delen passar din cykel? Mejla oss en bild på din display eller ditt batteri så hjälper vi dig.</p>";"190";"25";"1";"0";"1";"1";"0";"https://raw.githubusercontent.com/erik859/cykelnatur-lokalt-lager/main/bosch-bilder/2100769.jpg";"1";"71";"Original Bosch eBike-reservdel: Designkåpa Active Line Plus, vänster (BDU3XX). Beställningsvara hos Cykel & Natur i Årsta.";"Bosch Designkåpa Active Line Plus, vänster - cykelnatur.se";"4047026098884"
"2100770";"Bosch Designkåpa gränssnitt Active Line Plus, höger (BDU3XX)";"Original Bosch eBike-reservdel: Designkåpa gränssnitt Active Line Plus, höger (BDU3XX).";"<p style='margin:0 0 1em'>I förpackningen: 1 st Designkåpa.</p><p style='margin:0 0 1em'>System: Bosch eBike-system 2 · Vikt: 40 g · Artikelnummer: 2100770 · EAN: 4047026098891</p><p style='margin:0 0 1em'>Original Bosch eBike-reservdel. Beställningsvara som normalt når oss inom 5–10 dagar – vi hör av oss när den finns att hämta i butiken i Årsta, eller så skickar vi den hem till dig. Osäker på om delen passar din cykel? Mejla oss en bild på din display eller ditt batteri så hjälper vi dig.</p>";"190";"25";"1";"0";"1";"1";"0";"https://raw.githubusercontent.com/erik859/cykelnatur-lokalt-lager/main/bosch-bilder/2100770.jpg";"1";"40";"Original Bosch eBike-reservdel: Designkåpa gränssnitt Active Line Plus, höger (BDU3XX). Beställningsvara hos Cykel & Natur i Årsta.";"Bosch Designkåpa gränssnitt Active Line - cykelnatur.se";"4047026098891"
"2100771";"Bosch Designkåpa gränssnitt Active Line Plus, vänster (BDU3XX)";"Original Bosch eBike-reservdel: Designkåpa gränssnitt Active Line Plus, vänster (BDU3XX).";"<p style='margin:0 0 1em'>I förpackningen: 1 st Designkåpa.</p><p style='margin:0 0 1em'>System: Bosch eBike-system 2 · Vikt: 59 g · Artikelnummer: 2100771 · EAN: 4047026098907</p><p style='margin:0 0 1em'>Original Bosch eBike-reservdel. Beställningsvara som normalt når oss inom 5–10 dagar – vi hör av oss när den finns att hämta i butiken i Årsta, eller så skickar vi den hem till dig. Osäker på om delen passar din cykel? Mejla oss en bild på din display eller ditt batteri så hjälper vi dig.</p>";"190";"25";"1";"0";"1";"1";"0";"https://raw.githubusercontent.com/erik859/cykelnatur-lokalt-lager/main/bosch-bilder/2100771.jpg";"1";"59";"Original Bosch eBike-reservdel: Designkåpa gränssnitt Active Line Plus, vänster (BDU3XX). Beställningsvara hos Cykel & Natur i Årsta.";"Bosch Designkåpa gränssnitt Active 2100771 - cykelnatur.se";"4047026098907"
"2100772";"Bosch Logokåpa Active Line Plus (BDU3XX)";"Original Bosch eBike-reservdel: Logokåpa Active Line Plus (BDU3XX).";"<ul><li>Om ett Designkåpa är monterat</li></ul><p style='margin:0 0 1em'>I förpackningen: 1 st Logokåpa Active Line Plus.</p><p style='margin:0 0 1em'>System: Bosch eBike-system 2 · Vikt: 13 g · Artikelnummer: 2100772 · EAN: 4047026098914</p><p style='margin:0 0 1em'>Original Bosch eBike-reservdel. Beställningsvara som normalt når oss inom 5–10 dagar – vi hör av oss när den finns att hämta i butiken i Årsta, eller så skickar vi den hem till dig. Osäker på om delen passar din cykel? Mejla oss en bild på din display eller ditt batteri så hjälper vi dig.</p>";"71";"25";"1";"0";"1";"1";"0";"https://raw.githubusercontent.com/erik859/cykelnatur-lokalt-lager/main/bosch-bilder/2100772.jpg";"1";"13";"Original Bosch eBike-reservdel: Logokåpa Active Line Plus (BDU3XX). Beställningsvara hos Cykel & Natur i Årsta.";"Bosch Logokåpa Active Line Plus (BDU3XX) - cykelnatur.se";"4047026098914"
"2100773";"Bosch Designkåpa Active Line, fram (BDU3XX)";"Original Bosch eBike-reservdel: Designkåpa Active Line, fram (BDU3XX).";"<p style='margin:0 0 1em'>I förpackningen: 1 st Designkåpa.</p><p style='margin:0 0 1em'>System: Bosch eBike-system 2 · Vikt: 47 g · Artikelnummer: 2100773 · EAN: 4047026098921</p><p style='margin:0 0 1em'>Original Bosch eBike-reservdel. Beställningsvara som normalt når oss inom 5–10 dagar – vi hör av oss när den finns att hämta i butiken i Årsta, eller så skickar vi den hem till dig. Osäker på om delen passar din cykel? Mejla oss en bild på din display eller ditt batteri så hjälper vi dig.</p>";"180";"25";"1";"0";"1";"1";"0";"https://raw.githubusercontent.com/erik859/cykelnatur-lokalt-lager/main/bosch-bilder/2100773.jpg";"1";"47";"Original Bosch eBike-reservdel: Designkåpa Active Line, fram (BDU3XX). Beställningsvara hos Cykel & Natur i Årsta.";"Bosch Designkåpa Active Line, fram (BDU3XX) - cykelnatur.se";"4047026098921"
"2100774";"Bosch Designkåpa gränssnitt Active Line, höger (BDU3XX)";"Original Bosch eBike-reservdel: Designkåpa gränssnitt Active Line, höger (BDU3XX).";"<p style='margin:0 0 1em'>I förpackningen: 1 st Designkåpa.</p><p style='margin:0 0 1em'>System: Bosch eBike-system 2 · Vikt: 56 g · Artikelnummer: 2100774 · EAN: 4047026098938</p><p style='margin:0 0 1em'>Original Bosch eBike-reservdel. Beställningsvara som normalt når oss inom 5–10 dagar – vi hör av oss när den finns att hämta i butiken i Årsta, eller så skickar vi den hem till dig. Osäker på om delen passar din cykel? Mejla oss en bild på din display eller ditt batteri så hjälper vi dig.</p>";"190";"25";"1";"0";"1";"1";"0";"https://raw.githubusercontent.com/erik859/cykelnatur-lokalt-lager/main/bosch-bilder/2100774.jpg";"1";"56";"Original Bosch eBike-reservdel: Designkåpa gränssnitt Active Line, höger (BDU3XX). Beställningsvara hos Cykel & Natur i Årsta.";"Bosch Designkåpa gränssnitt Active 2100774 - cykelnatur.se";"4047026098938"
"2100775";"Bosch Designkåpa gränssnitt Active Line, vänster (BDU3XX)";"Original Bosch eBike-reservdel: Designkåpa gränssnitt Active Line, vänster (BDU3XX).";"<p style='margin:0 0 1em'>I förpackningen: 1 t Designkåpa.</p><p style='margin:0 0 1em'>System: Bosch eBike-system 2 · Vikt: 65 g · Artikelnummer: 2100775 · EAN: 4047026098945</p><p style='margin:0 0 1em'>Original Bosch eBike-reservdel. Beställningsvara som normalt når oss inom 5–10 dagar – vi hör av oss när den finns att hämta i butiken i Årsta, eller så skickar vi den hem till dig. Osäker på om delen passar din cykel? Mejla oss en bild på din display eller ditt batteri så hjälper vi dig.</p>";"190";"25";"1";"0";"1";"1";"0";"https://raw.githubusercontent.com/erik859/cykelnatur-lokalt-lager/main/bosch-bilder/2100775.jpg";"1";"65";"Original Bosch eBike-reservdel: Designkåpa gränssnitt Active Line, vänster (BDU3XX). Beställningsvara hos Cykel & Natur i Årsta.";"Bosch Designkåpa gränssnitt Active 2100775 - cykelnatur.se";"4047026098945"
"2100776";"Bosch Logokåpa Active Line (BDU3XX)";"Original Bosch eBike-reservdel: Logokåpa Active Line (BDU3XX).";"<ul><li>Om ett Designkåpa är monterat</li></ul><p style='margin:0 0 1em'>I förpackningen: 1 st Logokåpa Active Line.</p><p style='margin:0 0 1em'>System: Bosch eBike-system 2 · Vikt: 12 g · Artikelnummer: 2100776 · EAN: 4047026098952</p><p style='margin:0 0 1em'>Original Bosch eBike-reservdel. Beställningsvara som normalt når oss inom 5–10 dagar – vi hör av oss när den finns att hämta i butiken i Årsta, eller så skickar vi den hem till dig. Osäker på om delen passar din cykel? Mejla oss en bild på din display eller ditt batteri så hjälper vi dig.</p>";"71";"25";"1";"0";"1";"1";"0";"https://raw.githubusercontent.com/erik859/cykelnatur-lokalt-lager/main/bosch-bilder/2100776.jpg";"1";"12";"Original Bosch eBike-reservdel: Logokåpa Active Line (BDU3XX). Beställningsvara hos Cykel & Natur i Årsta.";"Bosch Logokåpa Active Line (BDU3XX) - cykelnatur.se";"4047026098952"
"2100777";"Bosch Skruvsats designkåpa (BDU3XX, BDU33YY)";"Original Bosch eBike-reservdel: Skruvsats designkåpa (BDU3XX, BDU33YY).";"<h3>Kompatibel med</h3><ul><li>BDU3XX</li><li>BDU33YY</li></ul><p style='margin:0 0 1em'>I förpackningen: 2 st Självgängande skruv M4x53,5, Torx T20, 2 st Självgängande skruv M4x10, Torx T20, 1 st Självgängande skruv M4x20, Torx T20.</p><p style='margin:0 0 1em'>System: Bosch eBike-system 2,Det smarta systemet · Vikt: 13 g · Artikelnummer: 2100777 · EAN: 4047026098969</p><p style='margin:0 0 1em'>Original Bosch eBike-reservdel. Beställningsvara som normalt når oss inom 5–10 dagar – vi hör av oss när den finns att hämta i butiken i Årsta, eller så skickar vi den hem till dig. Osäker på om delen passar din cykel? Mejla oss en bild på din display eller ditt batteri så hjälper vi dig.</p>";"47";"25";"1";"0";"1";"1";"0";"https://raw.githubusercontent.com/erik859/cykelnatur-lokalt-lager/main/bosch-bilder/2100777.jpg";"1";"13";"Original Bosch eBike-reservdel: Skruvsats designkåpa (BDU3XX, BDU33YY). Beställningsvara hos Cykel & Natur i Årsta.";"Bosch Skruvsats designkåpa (BDU3XX, BDU33YY) - cykelnatur.se";"4047026098969"
"2100778";"Bosch Servicesats monteringsplatta (BDU2XX)";"Original Bosch eBike-reservdel: Servicesats monteringsplatta (BDU2XX).";"<p style='margin:0 0 1em'>I förpackningen: 1 st Monteringsplatta, 1 st Avståndshylsa, 2 st Dämpningsfilmer.</p><p style='margin:0 0 1em'>System: Bosch eBike-system 2 · Vikt: 28 g · Artikelnummer: 2100778 · EAN: 4047026152982</p><p style='margin:0 0 1em'>Original Bosch eBike-reservdel. Beställningsvara som normalt når oss inom 5–10 dagar – vi hör av oss när den finns att hämta i butiken i Årsta, eller så skickar vi den hem till dig. Osäker på om delen passar din cykel? Mejla oss en bild på din display eller ditt batteri så hjälper vi dig.</p>";"180";"25";"1";"0";"1";"1";"0";"https://raw.githubusercontent.com/erik859/cykelnatur-lokalt-lager/main/bosch-bilder/2100778.jpg";"1";"28";"Original Bosch eBike-reservdel: Servicesats monteringsplatta (BDU2XX). Beställningsvara hos Cykel & Natur i Årsta.";"Bosch Servicesats monteringsplatta (BDU2XX) - cykelnatur.se";"4047026152982"
"2100779";"Bosch Hastighetssensor Drive Unit, 415 mm";"Original Bosch eBike-reservdel: Hastighetssensor Drive Unit, 415 mm.";"<p style='margin:0 0 1em'>&lt;h4&gt;Viktig produktinformation&lt;/h4&gt;&lt;br&gt;&lt;br&gt;&lt;p&gt;Funktion garanteras endast i kombination med original Ekermagnet 1270015931!&lt;/p&gt;</p><p style='margin:0 0 1em'>I förpackningen: 1 st Hastighetssensor Drive Unit, 415 mm.</p><p style='margin:0 0 1em'>System: Bosch eBike-system 2,Classic+ · Vikt: 17 g · Artikelnummer: 2100779 · EAN: 4047026050387</p><p style='margin:0 0 1em'>Original Bosch eBike-reservdel. Beställningsvara som normalt når oss inom 5–10 dagar – vi hör av oss när den finns att hämta i butiken i Årsta, eller så skickar vi den hem till dig. Osäker på om delen passar din cykel? Mejla oss en bild på din display eller ditt batteri så hjälper vi dig.</p>";"315";"25";"1";"0";"1";"1";"0";"https://raw.githubusercontent.com/erik859/cykelnatur-lokalt-lager/main/bosch-bilder/2100779.jpg";"1";"17";"Original Bosch eBike-reservdel: Hastighetssensor Drive Unit, 415 mm. Beställningsvara hos Cykel & Natur i Årsta.";"Bosch Hastighetssensor Drive Unit, 415 mm - cykelnatur.se";"4047026050387"
"2100780";"Bosch Logokåpa Performance Line, inkl. Mellanläggsring (BDU2XX)";"Original Bosch eBike-reservdel: Logokåpa Performance Line, inkl. Mellanläggsring (BDU2XX).";"<ul><li>Om Designkåpa inte är monterat</li></ul><p style='margin:0 0 1em'>I förpackningen: 1 st Logokåpa Performance Line, 1 st Mellanläggsring.</p><p style='margin:0 0 1em'>System: Bosch eBike-system 2 · Vikt: 16 g · Artikelnummer: 2100780 · EAN: 4047026098976</p><p style='margin:0 0 1em'>Original Bosch eBike-reservdel. Beställningsvara som normalt når oss inom 5–10 dagar – vi hör av oss när den finns att hämta i butiken i Årsta, eller så skickar vi den hem till dig. Osäker på om delen passar din cykel? Mejla oss en bild på din display eller ditt batteri så hjälper vi dig.</p>";"95";"25";"1";"0";"1";"1";"0";"https://raw.githubusercontent.com/erik859/cykelnatur-lokalt-lager/main/bosch-bilder/2100780.jpg";"1";"16";"Original Bosch eBike-reservdel: Logokåpa Performance Line, inkl. Mellanläggsring (BDU2XX). Beställningsvara hos Cykel & Natur i Årsta.";"Bosch Logokåpa Performance Line, inkl. - cykelnatur.se";"4047026098976"
"2100781";"Bosch ABS-kontrollampa (BAS100)";"Original Bosch eBike-reservdel: ABS-kontrollampa (BAS100).";"<ul><li>Behövs i kombination med Intuvia och Nyon (BUI275)</li></ul><h3>Kompatibel med</h3><ul><li>BDU2XX</li><li>BDU3XX</li><li>BDU4XX</li></ul><p style='margin:0 0 1em'>I förpackningen: 1 st ABS-kontrollampa (BAS100).</p><p style='margin:0 0 1em'>System: Bosch eBike-system 2 · Vikt: 28 g · Artikelnummer: 2100781 · EAN: 4047026050530</p><p style='margin:0 0 1em'>Original Bosch eBike-reservdel. Beställningsvara som normalt når oss inom 5–10 dagar – vi hör av oss när den finns att hämta i butiken i Årsta, eller så skickar vi den hem till dig. Osäker på om delen passar din cykel? Mejla oss en bild på din display eller ditt batteri så hjälper vi dig.</p>";"485";"25";"1";"0";"1";"1";"0";"https://raw.githubusercontent.com/erik859/cykelnatur-lokalt-lager/main/bosch-bilder/2100781.jpg";"1";"28";"Original Bosch eBike-reservdel: ABS-kontrollampa (BAS100). Beställningsvara hos Cykel & Natur i Årsta.";"Bosch ABS-kontrollampa (BAS100) - cykelnatur.se";"4047026050530"
"2100782";"Bosch ABS-fäste och hus (BAS100)";"Original Bosch eBike-reservdel: ABS-fäste och hus (BAS100).";"<h3>Kompatibel med</h3><ul><li>BDU2XX</li><li>BDU3XX</li><li>BDU4XX</li></ul><p style='margin:0 0 1em'>I förpackningen: 1 st Hus upptill, bak och fram, 1 st Hållare, 1 st Klämmor höger och vänster, 3 st Skruvar M6x12 (ABS-styrenhet), 4 st Skruvar M4x7,5 (ABS-hus).</p><p style='margin:0 0 1em'>System: Bosch eBike-system 2 · Vikt: 280 g · Artikelnummer: 2100782 · EAN: 4047026050554</p><p style='margin:0 0 1em'>Original Bosch eBike-reservdel. Beställningsvara som normalt når oss inom 5–10 dagar – vi hör av oss när den finns att hämta i butiken i Årsta, eller så skickar vi den hem till dig. Osäker på om delen passar din cykel? Mejla oss en bild på din display eller ditt batteri så hjälper vi dig.</p>";"729";"25";"1";"0";"1";"1";"0";"https://raw.githubusercontent.com/erik859/cykelnatur-lokalt-lager/main/bosch-bilder/2100782.jpg";"1";"280";"Original Bosch eBike-reservdel: ABS-fäste och hus (BAS100). Beställningsvara hos Cykel & Natur i Årsta.";"Bosch ABS-fäste och hus (BAS100) - cykelnatur.se";"4047026050554"
"2100787";"Bosch Ledningsstam 1200 mm med anslutning för ABS-kontrollampa (BAS100)";"Original Bosch eBike-reservdel: Ledningsstam 1200 mm med anslutning för ABS-kontrollampa (BAS100).";"<h3>Kompatibel med</h3><ul><li>BDU2XX</li><li>BDU3XX</li><li>BDU4XX</li></ul><p style='margin:0 0 1em'>I förpackningen: 1 Ledningsstam, 1200 mm.</p><p style='margin:0 0 1em'>System: Bosch eBike-system 2 · Vikt: 105 g · Artikelnummer: 2100787 · EAN: 4047026050660</p><p style='margin:0 0 1em'>Original Bosch eBike-reservdel. Beställningsvara som normalt når oss inom 5–10 dagar – vi hör av oss när den finns att hämta i butiken i Årsta, eller så skickar vi den hem till dig. Osäker på om delen passar din cykel? Mejla oss en bild på din display eller ditt batteri så hjälper vi dig.</p>";"1079";"25";"1";"0";"1";"1";"0";"https://raw.githubusercontent.com/erik859/cykelnatur-lokalt-lager/main/bosch-bilder/2100787.jpg";"1";"105";"Original Bosch eBike-reservdel: Ledningsstam 1200 mm med anslutning för ABS-kontrollampa (BAS100). Beställningsvara hos Cykel & Natur i Årsta.";"Bosch Ledningsstam 1200 mm med anslutning - cykelnatur.se";"4047026050660"
"2100796";"Bosch O-ringsats för ABS-kontrollampa (BAS100)";"Original Bosch eBike-reservdel: O-ringsats för ABS-kontrollampa (BAS100).";"<h3>Kompatibel med</h3><ul><li>BDU2XX</li><li>BDU3XX</li><li>BDU4XX</li></ul><p style='margin:0 0 1em'>I förpackningen: 2 st O-ringar, 1 st Gummiinsats.</p><p style='margin:0 0 1em'>System: Bosch eBike-system 2 · Vikt: 7 g · Artikelnummer: 2100796 · EAN: 4047026050547</p><p style='margin:0 0 1em'>Original Bosch eBike-reservdel. Beställningsvara som normalt når oss inom 5–10 dagar – vi hör av oss när den finns att hämta i butiken i Årsta, eller så skickar vi den hem till dig. Osäker på om delen passar din cykel? Mejla oss en bild på din display eller ditt batteri så hjälper vi dig.</p>";"47";"25";"1";"0";"1";"1";"0";"https://raw.githubusercontent.com/erik859/cykelnatur-lokalt-lager/main/bosch-bilder/2100796.jpg";"1";"7";"Original Bosch eBike-reservdel: O-ringsats för ABS-kontrollampa (BAS100). Beställningsvara hos Cykel & Natur i Årsta.";"Bosch O-ringsats för ABS-kontrollampa - cykelnatur.se";"4047026050547"
"2100797";"Bosch ABS-fästessats (BAS100)";"Original Bosch eBike-reservdel: ABS-fästessats (BAS100).";"<h3>Kompatibel med</h3><ul><li>BDU2XX</li><li>BDU3XX</li><li>BDU4XX</li></ul><p style='margin:0 0 1em'>I förpackningen: 1 st Hus upptill, 1 st Hållare.</p><p style='margin:0 0 1em'>System: Bosch eBike-system 2 · Vikt: 100 g · Artikelnummer: 2100797 · EAN: 4047026050561</p><p style='margin:0 0 1em'>Original Bosch eBike-reservdel. Beställningsvara som normalt når oss inom 5–10 dagar – vi hör av oss när den finns att hämta i butiken i Årsta, eller så skickar vi den hem till dig. Osäker på om delen passar din cykel? Mejla oss en bild på din display eller ditt batteri så hjälper vi dig.</p>";"360";"25";"1";"0";"1";"1";"0";"https://raw.githubusercontent.com/erik859/cykelnatur-lokalt-lager/main/bosch-bilder/2100797.jpg";"1";"100";"Original Bosch eBike-reservdel: ABS-fästessats (BAS100). Beställningsvara hos Cykel & Natur i Årsta.";"Bosch ABS-fästessats (BAS100) - cykelnatur.se";"4047026050561"
"2100798";"Bosch Klämsats för hus (BAS100)";"Original Bosch eBike-reservdel: Klämsats för hus (BAS100).";"<h3>Kompatibel med</h3><ul><li>BDU2XX</li><li>BDU3XX</li><li>BDU4XX</li></ul><p style='margin:0 0 1em'>I förpackningen: 1 st Klämma höger och vänster, 1 st Gummidistanser, 4 st Skruvar M4x14, Torx T20.</p><p style='margin:0 0 1em'>System: Bosch eBike-system 2 · Vikt: 71 g · Artikelnummer: 2100798 · EAN: 4047026151237</p><p style='margin:0 0 1em'>Original Bosch eBike-reservdel. Beställningsvara som normalt når oss inom 5–10 dagar – vi hör av oss när den finns att hämta i butiken i Årsta, eller så skickar vi den hem till dig. Osäker på om delen passar din cykel? Mejla oss en bild på din display eller ditt batteri så hjälper vi dig.</p>";"315";"25";"1";"0";"1";"1";"0";"https://raw.githubusercontent.com/erik859/cykelnatur-lokalt-lager/main/bosch-bilder/2100798.jpg";"1";"71";"Original Bosch eBike-reservdel: Klämsats för hus (BAS100). Beställningsvara hos Cykel & Natur i Årsta.";"Bosch Klämsats för hus (BAS100) - cykelnatur.se";"4047026151237"
"2100799";"Bosch ABS-hus baksida (BAS100)";"Original Bosch eBike-reservdel: ABS-hus baksida (BAS100).";"<h3>Kompatibel med</h3><ul><li>BDU2XX</li><li>BDU3XX</li><li>BDU4XX</li></ul><p style='margin:0 0 1em'>I förpackningen: 1 st ABS-hus baksida (BAS100).</p><p style='margin:0 0 1em'>System: Bosch eBike-system 2 · Vikt: 50 g · Artikelnummer: 2100799 · EAN: 4047026050578</p><p style='margin:0 0 1em'>Original Bosch eBike-reservdel. Beställningsvara som normalt når oss inom 5–10 dagar – vi hör av oss när den finns att hämta i butiken i Årsta, eller så skickar vi den hem till dig. Osäker på om delen passar din cykel? Mejla oss en bild på din display eller ditt batteri så hjälper vi dig.</p>";"180";"25";"1";"0";"1";"1";"0";"https://raw.githubusercontent.com/erik859/cykelnatur-lokalt-lager/main/bosch-bilder/2100799.jpg";"1";"50";"Original Bosch eBike-reservdel: ABS-hus baksida (BAS100). Beställningsvara hos Cykel & Natur i Årsta.";"Bosch ABS-hus baksida (BAS100) - cykelnatur.se";"4047026050578"
"2100800";"Bosch ABS-hus framsida (BAS100)";"Original Bosch eBike-reservdel: ABS-hus framsida (BAS100).";"<h3>Kompatibel med</h3><ul><li>BDU2XX</li><li>BDU3XX</li><li>BDU4XX</li></ul><p style='margin:0 0 1em'>I förpackningen: 1 st ABS-hus framsida (BAS100).</p><p style='margin:0 0 1em'>System: Bosch eBike-system 2 · Vikt: 40 g · Artikelnummer: 2100800 · EAN: 4047026050585</p><p style='margin:0 0 1em'>Original Bosch eBike-reservdel. Beställningsvara som normalt når oss inom 5–10 dagar – vi hör av oss när den finns att hämta i butiken i Årsta, eller så skickar vi den hem till dig. Osäker på om delen passar din cykel? Mejla oss en bild på din display eller ditt batteri så hjälper vi dig.</p>";"180";"25";"1";"0";"1";"1";"0";"https://raw.githubusercontent.com/erik859/cykelnatur-lokalt-lager/main/bosch-bilder/2100800.jpg";"1";"40";"Original Bosch eBike-reservdel: ABS-hus framsida (BAS100). Beställningsvara hos Cykel & Natur i Årsta.";"Bosch ABS-hus framsida (BAS100) - cykelnatur.se";"4047026050585"
"2100803";"Bosch Component Connector (BCC100)";"Original Bosch eBike-reservdel: Bosch Component Connector (BCC100).";"<h3>Kompatibel med</h3><ul><li>BDU2XX</li><li>BDU3XX</li><li>BDU4XX</li></ul><p style='margin:0 0 1em'>I förpackningen: 1 st DC/DC-omvandlare, 1 st Adapter A-A, 1 st Adapter B-AC, 1 st Blindplugg, 2 st O-ringar 27 mm, 2 st O-ringar 31 mm.</p><p style='margin:0 0 1em'>System: Bosch eBike-system 2 · Vikt: 130 g · Artikelnummer: 2100803 · EAN: 4047026098983</p><p style='margin:0 0 1em'>Original Bosch eBike-reservdel. Beställningsvara som normalt når oss inom 5–10 dagar – vi hör av oss när den finns att hämta i butiken i Årsta, eller så skickar vi den hem till dig. Osäker på om delen passar din cykel? Mejla oss en bild på din display eller ditt batteri så hjälper vi dig.</p>";"1079";"25";"1";"0";"1";"1";"0";"https://raw.githubusercontent.com/erik859/cykelnatur-lokalt-lager/main/bosch-bilder/2100803.jpg";"1";"130";"Original Bosch eBike-reservdel: Bosch Component Connector (BCC100). Beställningsvara hos Cykel & Natur i Årsta.";"Bosch Component Connector (BCC100) - cykelnatur.se";"4047026098983"
"2100804";"Bosch O-ringsats Component Connector";"Original Bosch eBike-reservdel: O-ringsats Component Connector.";"<h3>Kompatibel med</h3><ul><li>BDU2XX</li><li>BDU3XX</li><li>BDU4XX</li></ul><p style='margin:0 0 1em'>I förpackningen: 2 st O-ringar 27 mm, 2 st O-ringar 31 mm.</p><p style='margin:0 0 1em'>System: Bosch eBike-system 2 · Vikt: 10 g · Artikelnummer: 2100804 · EAN: 4047026098990</p><p style='margin:0 0 1em'>Original Bosch eBike-reservdel. Beställningsvara som normalt når oss inom 5–10 dagar – vi hör av oss när den finns att hämta i butiken i Årsta, eller så skickar vi den hem till dig. Osäker på om delen passar din cykel? Mejla oss en bild på din display eller ditt batteri så hjälper vi dig.</p>";"47";"25";"1";"0";"1";"1";"0";"https://raw.githubusercontent.com/erik859/cykelnatur-lokalt-lager/main/bosch-bilder/2100804.jpg";"1";"10";"Original Bosch eBike-reservdel: O-ringsats Component Connector. Beställningsvara hos Cykel & Natur i Årsta.";"Bosch O-ringsats Component Connector - cykelnatur.se";"4047026098990"
"2100805";"Bosch Adaptersats Component Connector";"Original Bosch eBike-reservdel: Adaptersats Component Connector.";"<h3>Kompatibel med</h3><ul><li>BDU2XX</li><li>BDU3XX</li><li>BDU4XX</li></ul><p style='margin:0 0 1em'>I förpackningen: 1 st Adapter A-A, 1 st Adapter B-AC, 1 st Blindplugg.</p><p style='margin:0 0 1em'>System: Bosch eBike-system 2 · Vikt: 6 g · Artikelnummer: 2100805 · EAN: 4047026099003</p><p style='margin:0 0 1em'>Original Bosch eBike-reservdel. Beställningsvara som normalt når oss inom 5–10 dagar – vi hör av oss när den finns att hämta i butiken i Årsta, eller så skickar vi den hem till dig. Osäker på om delen passar din cykel? Mejla oss en bild på din display eller ditt batteri så hjälper vi dig.</p>";"155";"25";"1";"0";"1";"1";"0";"https://raw.githubusercontent.com/erik859/cykelnatur-lokalt-lager/main/bosch-bilder/2100805.jpg";"1";"6";"Original Bosch eBike-reservdel: Adaptersats Component Connector. Beställningsvara hos Cykel & Natur i Årsta.";"Bosch Adaptersats Component Connector - cykelnatur.se";"4047026099003"
"2122765";"Bosch Y-kabel PowerTube 310 mm (BCH266)";"Original Bosch eBike-reservdel: Y-kabel PowerTube 310 mm (BCH266).";"<h3>Strömförsörjning och CAN för</h3><ul><li>ABS</li><li>eShift (Rohloff E-14, Shimano DI2, NuVinci H|sync, Enviolo Automatiq)</li></ul><p style='margin:0 0 1em'>I förpackningen: 1 st Y-kabel, 310 mm.</p><p style='margin:0 0 1em'>System: Bosch eBike-system 2 · Vikt: 70 g · Artikelnummer: 2122765 · EAN: 4054289000004</p><p style='margin:0 0 1em'>Original Bosch eBike-reservdel. Beställningsvara som normalt når oss inom 5–10 dagar – vi hör av oss när den finns att hämta i butiken i Årsta, eller så skickar vi den hem till dig. Osäker på om delen passar din cykel? Mejla oss en bild på din display eller ditt batteri så hjälper vi dig.</p>";"1079";"25";"1";"0";"1";"1";"0";"https://raw.githubusercontent.com/erik859/cykelnatur-lokalt-lager/main/bosch-bilder/2122765.jpg";"1";"70";"Original Bosch eBike-reservdel: Y-kabel PowerTube 310 mm (BCH266). Beställningsvara hos Cykel & Natur i Årsta.";"Bosch Y-kabel PowerTube 310 mm (BCH266) - cykelnatur.se";"4054289000004"
"2122766";"Bosch Y-kabel PowerTube 950 mm (BCH267)";"Original Bosch eBike-reservdel: Y-kabel PowerTube 950 mm (BCH267).";"<h3>Strömförsörjning och CAN för</h3><ul><li>ABS</li><li>eShift (Rohloff E-14, Shimano DI2, NuVinci H|sync, Enviolo Automatiq)</li></ul><p style='margin:0 0 1em'>I förpackningen: 1 st Y-kabel, 950 mm.</p><p style='margin:0 0 1em'>System: Bosch eBike-system 2 · Vikt: 105 g · Artikelnummer: 2122766 · EAN: 4054289000011</p><p style='margin:0 0 1em'>Original Bosch eBike-reservdel. Beställningsvara som normalt når oss inom 5–10 dagar – vi hör av oss när den finns att hämta i butiken i Årsta, eller så skickar vi den hem till dig. Osäker på om delen passar din cykel? Mejla oss en bild på din display eller ditt batteri så hjälper vi dig.</p>";"1079";"25";"1";"0";"1";"1";"0";"https://raw.githubusercontent.com/erik859/cykelnatur-lokalt-lager/main/bosch-bilder/2122766.jpg";"1";"105";"Original Bosch eBike-reservdel: Y-kabel PowerTube 950 mm (BCH267). Beställningsvara hos Cykel & Natur i Årsta.";"Bosch Y-kabel PowerTube 950 mm (BCH267) - cykelnatur.se";"4054289000011"
"2122769";"Bosch Hastighetssensor ABS 700 (BAS100)";"Original Bosch eBike-reservdel: Hastighetssensor ABS 700 (BAS100).";"<h3>Kompatibel med</h3><ul><li>BDU2XX</li><li>BDU3XX</li><li>BDU4XX</li></ul><p style='margin:0 0 1em'>I förpackningen: 1 st Hjulhastighetssensor 700 ABS.</p><p style='margin:0 0 1em'>System: Bosch eBike-system 2 · Vikt: 25 g · Artikelnummer: 2122769 · EAN: 4054289000028</p><p style='margin:0 0 1em'>Original Bosch eBike-reservdel. Beställningsvara som normalt når oss inom 5–10 dagar – vi hör av oss när den finns att hämta i butiken i Årsta, eller så skickar vi den hem till dig. Osäker på om delen passar din cykel? Mejla oss en bild på din display eller ditt batteri så hjälper vi dig.</p>";"315";"25";"1";"0";"1";"1";"0";"https://raw.githubusercontent.com/erik859/cykelnatur-lokalt-lager/main/bosch-bilder/2122769.jpg";"1";"25";"Original Bosch eBike-reservdel: Hastighetssensor ABS 700 (BAS100). Beställningsvara hos Cykel & Natur i Årsta.";"Bosch Hastighetssensor ABS 700 (BAS100) - cykelnatur.se";"4054289000028"
"2122770";"Bosch Hastighetssensor ABS 650 (BAS100)";"Original Bosch eBike-reservdel: Hastighetssensor ABS 650 (BAS100).";"<h3>Kompatibel med</h3><ul><li>BDU2XX</li><li>BDU3XX</li><li>BDU4XX</li></ul><p style='margin:0 0 1em'>I förpackningen: 1 st Hjulhastighetssensor 650 ABS.</p><p style='margin:0 0 1em'>System: Bosch eBike-system 2 · Vikt: 25 g · Artikelnummer: 2122770 · EAN: 4054289000035</p><p style='margin:0 0 1em'>Original Bosch eBike-reservdel. Beställningsvara som normalt når oss inom 5–10 dagar – vi hör av oss när den finns att hämta i butiken i Årsta, eller så skickar vi den hem till dig. Osäker på om delen passar din cykel? Mejla oss en bild på din display eller ditt batteri så hjälper vi dig.</p>";"315";"25";"1";"0";"1";"1";"0";"https://raw.githubusercontent.com/erik859/cykelnatur-lokalt-lager/main/bosch-bilder/2122770.jpg";"1";"25";"Original Bosch eBike-reservdel: Hastighetssensor ABS 650 (BAS100). Beställningsvara hos Cykel & Natur i Årsta.";"Bosch Hastighetssensor ABS 650 (BAS100) - cykelnatur.se";"4054289000035"
"2122771";"Bosch Hastighetssensor ABS 600 (BAS100)";"Original Bosch eBike-reservdel: Hastighetssensor ABS 600 (BAS100).";"<h3>Kompatibel med</h3><ul><li>BDU2XX</li><li>BDU3XX</li><li>BDU4XX</li></ul><p style='margin:0 0 1em'>I förpackningen: 1 st Hjulhastighetssensor 600 ABS.</p><p style='margin:0 0 1em'>System: Bosch eBike-system 2 · Vikt: 25 g · Artikelnummer: 2122771 · EAN: 4054289000042</p><p style='margin:0 0 1em'>Original Bosch eBike-reservdel. Beställningsvara som normalt når oss inom 5–10 dagar – vi hör av oss när den finns att hämta i butiken i Årsta, eller så skickar vi den hem till dig. Osäker på om delen passar din cykel? Mejla oss en bild på din display eller ditt batteri så hjälper vi dig.</p>";"315";"25";"1";"0";"1";"1";"0";"https://raw.githubusercontent.com/erik859/cykelnatur-lokalt-lager/main/bosch-bilder/2122771.jpg";"1";"25";"Original Bosch eBike-reservdel: Hastighetssensor ABS 600 (BAS100). Beställningsvara hos Cykel & Natur i Årsta.";"Bosch Hastighetssensor ABS 600 (BAS100) - cykelnatur.se";"4054289000042"
"2122772";"Bosch Hastighetssensor ABS 550 (BAS100)";"Original Bosch eBike-reservdel: Hastighetssensor ABS 550 (BAS100).";"<h3>Kompatibel med</h3><ul><li>BDU2XX</li><li>BDU3XX</li><li>BDU4XX</li></ul><p style='margin:0 0 1em'>I förpackningen: 1 st Hjulhastighetssensor 550 ABS.</p><p style='margin:0 0 1em'>System: Bosch eBike-system 2 · Vikt: 25 g · Artikelnummer: 2122772 · EAN: 4054289000059</p><p style='margin:0 0 1em'>Original Bosch eBike-reservdel. Beställningsvara som normalt når oss inom 5–10 dagar – vi hör av oss när den finns att hämta i butiken i Årsta, eller så skickar vi den hem till dig. Osäker på om delen passar din cykel? Mejla oss en bild på din display eller ditt batteri så hjälper vi dig.</p>";"315";"25";"1";"0";"1";"1";"0";"https://raw.githubusercontent.com/erik859/cykelnatur-lokalt-lager/main/bosch-bilder/2122772.jpg";"1";"25";"Original Bosch eBike-reservdel: Hastighetssensor ABS 550 (BAS100). Beställningsvara hos Cykel & Natur i Årsta.";"Bosch Hastighetssensor ABS 550 (BAS100) - cykelnatur.se";"4054289000059"
"2122773";"Bosch Kiox display (BUI330)";"Original Bosch eBike-reservdel: Kiox display (BUI330).";"<p style='margin:0 0 1em'>&lt;h4&gt;Viktig produktinformation&lt;/h4&gt;&lt;br&gt;&lt;br&gt;&lt;p&gt;Vi vidareutvecklar ständigt våra produkter och systemplattformar. På grund av nuvarande lagstiftning erbjuds inte längre Kiox BUI330 som ett eftermonteringskit. Därför är det oss endast tillåtet det att tillhandahålla den enskilda displayen inom ramen för service- och reparationsbehov. Om dina kunder redan äger ett eBike-System 2 med Kiox och behöver en ersättning för en skadad Kiox-display, kan den enskilda displayen fortfarande köpas. Andra tillgängliga enskilda komponenter listas i avsnittet Passande artiklar.&lt;/p&gt;&lt;br&gt;</p><p style='margin:0 0 1em'>I förpackningen: 1 st Kiox display (BUI330), 1 st Bruks- och monteringsanvisning.</p><p style='margin:0 0 1em'>System: Bosch eBike-system 2 · Vikt: 348 g · Artikelnummer: 2122773 · EAN: 4054289000066</p><p style='margin:0 0 1em'>Original Bosch eBike-reservdel. Beställningsvara som normalt når oss inom 5–10 dagar – vi hör av oss när den finns att hämta i butiken i Årsta, eller så skickar vi den hem till dig. Osäker på om delen passar din cykel? Mejla oss en bild på din display eller ditt batteri så hjälper vi dig.</p>";"2549";"25";"1";"0";"1";"1";"0";"https://raw.githubusercontent.com/erik859/cykelnatur-lokalt-lager/main/bosch-bilder/2122773.jpg";"1";"348";"Original Bosch eBike-reservdel: Kiox display (BUI330). Beställningsvara hos Cykel & Natur i Årsta.";"Bosch Kiox display (BUI330) - cykelnatur.se";"4054289000066"
"2122774";"Bosch Displayhållare Kiox (BUI330)";"Original Bosch eBike-reservdel: Displayhållare Kiox (BUI330).";"<h3>Finns tillgänglig separat</h3><ul><li>Monteringsplatta 1270016823</li></ul><p style='margin:0 0 1em'>I förpackningen: 1 st Displayhållare.</p><p style='margin:0 0 1em'>System: Bosch eBike-system 2 · Vikt: 20 g · Artikelnummer: 2122774 · EAN: 4054289000073</p><p style='margin:0 0 1em'>Original Bosch eBike-reservdel. Beställningsvara som normalt når oss inom 5–10 dagar – vi hör av oss när den finns att hämta i butiken i Årsta, eller så skickar vi den hem till dig. Osäker på om delen passar din cykel? Mejla oss en bild på din display eller ditt batteri så hjälper vi dig.</p>";"240";"25";"1";"0";"1";"1";"0";"https://raw.githubusercontent.com/erik859/cykelnatur-lokalt-lager/main/bosch-bilder/2122774.jpg";"1";"20";"Original Bosch eBike-reservdel: Displayhållare Kiox (BUI330). Beställningsvara hos Cykel & Natur i Årsta.";"Bosch Displayhållare Kiox (BUI330) - cykelnatur.se";"4054289000073"
"2122775";"Bosch Monteringsplatta Kiox (BUI330)";"Original Bosch eBike-reservdel: Monteringsplatta Kiox (BUI330).";"<h3>Finns tillgänglig separat</h3><ul><li>Skruvar 1270020412</li></ul><p style='margin:0 0 1em'>I förpackningen: 1 st Monteringsplatta.</p><p style='margin:0 0 1em'>System: Bosch eBike-system 2 · Vikt: 6 g · Artikelnummer: 2122775 · EAN: 4054289000080</p><p style='margin:0 0 1em'>Original Bosch eBike-reservdel. Beställningsvara som normalt når oss inom 5–10 dagar – vi hör av oss när den finns att hämta i butiken i Årsta, eller så skickar vi den hem till dig. Osäker på om delen passar din cykel? Mejla oss en bild på din display eller ditt batteri så hjälper vi dig.</p>";"240";"25";"1";"0";"1";"1";"0";"https://raw.githubusercontent.com/erik859/cykelnatur-lokalt-lager/main/bosch-bilder/2122775.jpg";"1";"6";"Original Bosch eBike-reservdel: Monteringsplatta Kiox (BUI330). Beställningsvara hos Cykel & Natur i Årsta.";"Bosch Monteringsplatta Kiox (BUI330) - cykelnatur.se";"4054289000080"
"2122776";"Bosch Drive Unit-kabel, 1300 mm för Kiox (BUI330), SmartphoneHub och Nyon (BUI350)";"Original Bosch eBike-reservdel: Drive Unit-kabel, 1300 mm för Kiox (BUI330), SmartphoneHub och Nyon (BUI350).";"<p style='margin:0 0 1em'>I förpackningen: 1 st Drive Unit-kabel, 1300 mm, 1 st Kabelbox.</p><p style='margin:0 0 1em'>System: Bosch eBike-system 2 · Vikt: 44 g · Artikelnummer: 2122776 · EAN: 4054289000097</p><p style='margin:0 0 1em'>Original Bosch eBike-reservdel. Beställningsvara som normalt når oss inom 5–10 dagar – vi hör av oss när den finns att hämta i butiken i Årsta, eller så skickar vi den hem till dig. Osäker på om delen passar din cykel? Mejla oss en bild på din display eller ditt batteri så hjälper vi dig.</p>";"485";"25";"1";"0";"1";"1";"0";"https://raw.githubusercontent.com/erik859/cykelnatur-lokalt-lager/main/bosch-bilder/2122776.jpg";"1";"44";"Original Bosch eBike-reservdel: Drive Unit-kabel, 1300 mm för Kiox (BUI330), SmartphoneHub och Nyon (BUI350). Beställningsvara hos Cykel & Natur i Årsta.";"Bosch Drive Unit-kabel, 1300 mm för Kiox - cykelnatur.se";"4054289000097"
"2122777";"Bosch Drive Unit-kabel, 1500 mm för Kiox (BUI330), SmartphoneHub och Nyon (BUI350)";"Original Bosch eBike-reservdel: Drive Unit-kabel, 1500 mm för Kiox (BUI330), SmartphoneHub och Nyon (BUI350).";"<p style='margin:0 0 1em'>I förpackningen: 1 st Drive Unit-kabel, 1500 mm, 1 st Kabelbox.</p><p style='margin:0 0 1em'>System: Bosch eBike-system 2 · Vikt: 50 g · Artikelnummer: 2122777 · EAN: 4054289000103</p><p style='margin:0 0 1em'>Original Bosch eBike-reservdel. Beställningsvara som normalt når oss inom 5–10 dagar – vi hör av oss när den finns att hämta i butiken i Årsta, eller så skickar vi den hem till dig. Osäker på om delen passar din cykel? Mejla oss en bild på din display eller ditt batteri så hjälper vi dig.</p>";"485";"25";"1";"0";"1";"1";"0";"https://raw.githubusercontent.com/erik859/cykelnatur-lokalt-lager/main/bosch-bilder/2122777.jpg";"1";"50";"Original Bosch eBike-reservdel: Drive Unit-kabel, 1500 mm för Kiox (BUI330), SmartphoneHub och Nyon (BUI350). Beställningsvara hos Cykel & Natur i Årsta.";"Bosch Drive Unit-kabel, 1500 mm för Kiox - cykelnatur.se";"4054289000103"
"2122778";"Bosch Manöverenhet Compact, kabel 290 mm för Kiox (BUI330), SmartphoneHub och Nyon (BUI350)";"Original Bosch eBike-reservdel: Manöverenhet Compact, kabel 290 mm för Kiox (BUI330), SmartphoneHub och Nyon (BUI350).";"<h3>Finns tillgänglig separat</h3><ul><li>1270020412 (Kiox Screw Kit)</li></ul><p style='margin:0 0 1em'>I förpackningen: 1 st Manöverenhet Compact, 1 st Anslutningskabel, 1 st Kabelavkodare.</p><p style='margin:0 0 1em'>System: Bosch eBike-system 2 · Vikt: 35 g · Artikelnummer: 2122778 · EAN: 4054289000110</p><p style='margin:0 0 1em'>Original Bosch eBike-reservdel. Beställningsvara som normalt når oss inom 5–10 dagar – vi hör av oss när den finns att hämta i butiken i Årsta, eller så skickar vi den hem till dig. Osäker på om delen passar din cykel? Mejla oss en bild på din display eller ditt batteri så hjälper vi dig.</p>";"729";"25";"1";"0";"1";"1";"0";"https://raw.githubusercontent.com/erik859/cykelnatur-lokalt-lager/main/bosch-bilder/2122778.jpg";"1";"35";"Original Bosch eBike-reservdel: Manöverenhet Compact, kabel 290 mm för Kiox (BUI330), SmartphoneHub och… Beställningsvara hos Cykel & Natur i Årsta.";"Bosch Manöverenhet Compact, kabel 290 mm - cykelnatur.se";"4054289000110"
"2122779";"Bosch USB-lock Kiox (BUI330)";"Original Bosch eBike-reservdel: USB-lock Kiox (BUI330).";"<ul><li>För Kiox-laddningsuttag</li></ul><p style='margin:0 0 1em'>I förpackningen: 1 st USB-lock Kiox (BUI330).</p><p style='margin:0 0 1em'>System: Bosch eBike-system 2 · Vikt: 2 g · Artikelnummer: 2122779 · EAN: 4054289000134</p><p style='margin:0 0 1em'>Original Bosch eBike-reservdel. Beställningsvara som normalt når oss inom 5–10 dagar – vi hör av oss när den finns att hämta i butiken i Årsta, eller så skickar vi den hem till dig. Osäker på om delen passar din cykel? Mejla oss en bild på din display eller ditt batteri så hjälper vi dig.</p>";"35";"25";"1";"0";"1";"1";"0";"https://raw.githubusercontent.com/erik859/cykelnatur-lokalt-lager/main/bosch-bilder/2122779.jpg";"1";"2";"Original Bosch eBike-reservdel: USB-lock Kiox (BUI330). Beställningsvara hos Cykel & Natur i Årsta.";"Bosch USB-lock Kiox (BUI330) - cykelnatur.se";"4054289000134"
"2122780";"Bosch Kiox Screw Kit (BUI330)";"Original Bosch eBike-reservdel: Kiox Screw Kit (BUI330).";"<p style='margin:0 0 1em'>I förpackningen: 1 st Skruv M3x6 (ledningsanslutning), 1 st Skruv M4x6 (monteringsplatta), 1 st Skruv M3x6,5 (stöldskydd), 1 st Låsmutter.</p><p style='margin:0 0 1em'>System: Bosch eBike-system 2 · Vikt: 4 g · Artikelnummer: 2122780 · EAN: 4054289000141</p><p style='margin:0 0 1em'>Original Bosch eBike-reservdel. Beställningsvara som normalt når oss inom 5–10 dagar – vi hör av oss när den finns att hämta i butiken i Årsta, eller så skickar vi den hem till dig. Osäker på om delen passar din cykel? Mejla oss en bild på din display eller ditt batteri så hjälper vi dig.</p>";"47";"25";"1";"0";"1";"1";"0";"https://raw.githubusercontent.com/erik859/cykelnatur-lokalt-lager/main/bosch-bilder/2122780.jpg";"1";"4";"Original Bosch eBike-reservdel: Kiox Screw Kit (BUI330). Beställningsvara hos Cykel & Natur i Årsta.";"Bosch Kiox Screw Kit (BUI330) - cykelnatur.se";"4054289000141"
"2122781";"Bosch Sats, gummidistanser för manöverenhet Compact";"Original Bosch eBike-reservdel: Sats, gummidistanser för manöverenhet Compact.";"<ul><li>För fjärrstyrd Compact</li></ul><p style='margin:0 0 1em'>I förpackningen: 2 st För styrdiameter 22,2 mm.</p><p style='margin:0 0 1em'>System: Bosch eBike-system 2 · Vikt: 4 g · Artikelnummer: 2122781 · EAN: 4054289000158</p><p style='margin:0 0 1em'>Original Bosch eBike-reservdel. Beställningsvara som normalt når oss inom 5–10 dagar – vi hör av oss när den finns att hämta i butiken i Årsta, eller så skickar vi den hem till dig. Osäker på om delen passar din cykel? Mejla oss en bild på din display eller ditt batteri så hjälper vi dig.</p>";"47";"25";"1";"0";"1";"1";"0";"https://raw.githubusercontent.com/erik859/cykelnatur-lokalt-lager/main/bosch-bilder/2122781.jpg";"1";"4";"Original Bosch eBike-reservdel: Sats, gummidistanser för manöverenhet Compact. Beställningsvara hos Cykel & Natur i Årsta.";"Bosch Sats, gummidistanser för manöverenhet - cykelnatur.se";"4054289000158"
"2122783";"Bosch Omkopplare manöverenhet Intuvia";"Original Bosch eBike-reservdel: Omkopplare manöverenhet Intuvia.";"<p style='margin:0 0 1em'>&lt;h4&gt;Viktig produktinformation&lt;/h4&gt;&lt;br&gt;&lt;br&gt;&lt;p&gt;Inte kompatibel med Nyon styrenhet (BUI275)!&lt;/p&gt;&lt;br&gt;</p><p style='margin:0 0 1em'>I förpackningen: 1 st Omkopplare manöverenhet Intuvia.</p><p style='margin:0 0 1em'>System: Bosch eBike-system 2 · Vikt: 10 g · Artikelnummer: 2122783 · EAN: 4054289000172</p><p style='margin:0 0 1em'>Original Bosch eBike-reservdel. Beställningsvara som normalt når oss inom 5–10 dagar – vi hör av oss när den finns att hämta i butiken i Årsta, eller så skickar vi den hem till dig. Osäker på om delen passar din cykel? Mejla oss en bild på din display eller ditt batteri så hjälper vi dig.</p>";"95";"25";"1";"0";"1";"1";"0";"https://raw.githubusercontent.com/erik859/cykelnatur-lokalt-lager/main/bosch-bilder/2122783.jpg";"1";"10";"Original Bosch eBike-reservdel: Omkopplare manöverenhet Intuvia. Beställningsvara hos Cykel & Natur i Årsta.";"Bosch Omkopplare manöverenhet Intuvia - cykelnatur.se";"4054289000172"
"2122788";"Bosch Servicesats lagerskyddsring (Active/Active Plus BDU3XX t.o.m.serienummer 859302XXX)";"Original Bosch eBike-reservdel: Servicesats lagerskyddsring (Active/Active Plus BDU3XX t.o.m.serienummer 859302XXX).";"<p style='margin:0 0 1em'>&lt;h4&gt;Viktig produktinformation&lt;/h4&gt;&lt;br&gt;&lt;br&gt;&lt;p&gt;Limfettet är inte längre en del av servicekitet. Använd istället ett likvärdigt, icke-vattenlösligt limfett baserat på kalciumtvål enligt NLGI klass 2 (arbetstemperatur: -30/+120 °C, droppunkt: 180 °C, densitet: 0,89 g/ml (25,00 °C)). För mer information hittar du det du behöver i &lt;a href=http://b2b.bosch-ebike.com/en/en/downloads?search=Grease&amp;page=1&gt;monteringsanvisningen&lt;/a&gt;.&lt;/p&gt;&lt;br&gt;&lt;br&gt;&lt;p&gt;Under övergångsfasen kan vi inte påverka om du får ett kit med eller utan tub!&lt;/p&gt;&lt;br&gt;&lt;br&gt;&lt;p&gt;&lt;a href=http://b2b.mbps.eu/sv/EUR/product/2124782/Schmierfix_vidh%C3%A4ftande_sm%C3%B6rjfett,_50_g&gt;Här&lt;/a&gt; hittar du ett lämpligt smörjfett.&lt;/p&gt;&lt;br&gt;</p><ul><li>Skyddar lager L3 på Drive Unit</li></ul><p style='margin:0 0 1em'>I förpackningen: 8 st Skyddsbrickor aluminium.</p><p style='margin:0 0 1em'>System: Bosch eBike-system 2 · Vikt: 70 g · Artikelnummer: 2122788 · EAN: 4054289000233</p><p style='margin:0 0 1em'>Original Bosch eBike-reservdel. Beställningsvara som normalt når oss inom 5–10 dagar – vi hör av oss när den finns att hämta i butiken i Årsta, eller så skickar vi den hem till dig. Osäker på om delen passar din cykel? Mejla oss en bild på din display eller ditt batteri så hjälper vi dig.</p>";"155";"25";"1";"0";"1";"1";"0";"https://raw.githubusercontent.com/erik859/cykelnatur-lokalt-lager/main/bosch-bilder/2122788.jpg";"1";"70";"Original Bosch eBike-reservdel: Servicesats lagerskyddsring (Active/Active Plus BDU3XX t.o.m.serienummer… Beställningsvara hos Cykel & Natur i Årsta.";"Bosch Servicesats lagerskyddsring - cykelnatur.se";"4054289000233"
"2122795";"Bosch Dämpningsplatta PowerTube (BBP2XX)";"Original Bosch eBike-reservdel: Dämpningsplatta PowerTube (BBP2XX).";"<p style='margin:0 0 1em'>I förpackningen: 1 st Dämpningsplatta PowerTube.</p><p style='margin:0 0 1em'>System: Bosch eBike-system 2 · Vikt: 8 g · Artikelnummer: 2122795 · EAN: 4054289000318</p><p style='margin:0 0 1em'>Original Bosch eBike-reservdel. Beställningsvara som normalt når oss inom 5–10 dagar – vi hör av oss när den finns att hämta i butiken i Årsta, eller så skickar vi den hem till dig. Osäker på om delen passar din cykel? Mejla oss en bild på din display eller ditt batteri så hjälper vi dig.</p>";"35";"25";"1";"0";"1";"1";"0";"https://raw.githubusercontent.com/erik859/cykelnatur-lokalt-lager/main/bosch-bilder/2122795.jpg";"1";"8";"Original Bosch eBike-reservdel: Dämpningsplatta PowerTube (BBP2XX). Beställningsvara hos Cykel & Natur i Årsta.";"Bosch Dämpningsplatta PowerTube (BBP2XX) - cykelnatur.se";"4054289000318"
"2122796";"Bosch Skruvsats styrenhet (BAS100)";"Original Bosch eBike-reservdel: Skruvsats styrenhet (BAS100).";"<h3>Kompatibel med</h3><ul><li>BDU2XX</li><li>BDU3XX</li><li>BDU4XX</li></ul><p style='margin:0 0 1em'>I förpackningen: 3 st Skruv M6x12.</p><p style='margin:0 0 1em'>System: Bosch eBike-system 2 · Vikt: 12 g · Artikelnummer: 2122796 · EAN: 4054289000325</p><p style='margin:0 0 1em'>Original Bosch eBike-reservdel. Beställningsvara som normalt når oss inom 5–10 dagar – vi hör av oss när den finns att hämta i butiken i Årsta, eller så skickar vi den hem till dig. Osäker på om delen passar din cykel? Mejla oss en bild på din display eller ditt batteri så hjälper vi dig.</p>";"71";"25";"1";"0";"1";"1";"0";"https://raw.githubusercontent.com/erik859/cykelnatur-lokalt-lager/main/bosch-bilder/2122796.jpg";"1";"12";"Original Bosch eBike-reservdel: Skruvsats styrenhet (BAS100). Beställningsvara hos Cykel & Natur i Årsta.";"Bosch Skruvsats styrenhet (BAS100) - cykelnatur.se";"4054289000325"
"2122797";"Bosch Skruvsats hus framsida (BAS100)";"Original Bosch eBike-reservdel: Skruvsats hus framsida (BAS100).";"<h3>Kompatibel med</h3><ul><li>BDU2XX</li><li>BDU3XX</li><li>BDU4XX</li></ul><p style='margin:0 0 1em'>I förpackningen: 4 st Skruv M4x7,5.</p><p style='margin:0 0 1em'>System: Bosch eBike-system 2 · Vikt: 200 g · Artikelnummer: 2122797 · EAN: 4054289000332</p><p style='margin:0 0 1em'>Original Bosch eBike-reservdel. Beställningsvara som normalt når oss inom 5–10 dagar – vi hör av oss när den finns att hämta i butiken i Årsta, eller så skickar vi den hem till dig. Osäker på om delen passar din cykel? Mejla oss en bild på din display eller ditt batteri så hjälper vi dig.</p>";"71";"25";"1";"0";"1";"1";"0";"https://raw.githubusercontent.com/erik859/cykelnatur-lokalt-lager/main/bosch-bilder/2122797.jpg";"1";"200";"Original Bosch eBike-reservdel: Skruvsats hus framsida (BAS100). Beställningsvara hos Cykel & Natur i Årsta.";"Bosch Skruvsats hus framsida (BAS100) - cykelnatur.se";"4054289000332"
"2123049";"Bosch PowerTube 625 horisontell (BBP290)";"Vänligen notera detta: På grund av att EU:s batteriförordning har trätt i kraft är denna produkt nu endast tillgänglig som reservdel.";"<p style='margin:0 0 1em'>&lt;h4&gt;Viktig produktinformation&lt;/h4&gt;&lt;br&gt;&lt;br&gt;&lt;p&gt;Alla PowerTube-batterier har inte samma längdmått. Kompatibilitet mellan enskilda PowerTube-modeller är inte alltid garanterad.&lt;/p&gt;&lt;br&gt;</p><p style='margin:0 0 1em'>&lt;p&gt;Se till att du beställer &lt;strong&gt;rätt variant&lt;/strong&gt; av detta batteri (horisontellt eller vertikalt). &lt;/p&gt;&lt;br&gt;</p><ul><li>Batteripaket som kan integreras i cykelramen.</li><li>Lätt och säkert att sätta in och ta bort</li><li>Hög körsträcka och lång livslängd tack vare det integrerade batterihanteringssystemet.</li><li>Ingen minneseffekt och ingen självurladdning</li></ul><p style='margin:0 0 1em'>I förpackningen: 1 st PowerTube 625 horisontell, 1 st Skruvplatta 1270015630, 1 st Transportförpackning (godkänd för farligt gods), 1 st Bruksanvisning.</p><p style='margin:0 0 1em'>System: Bosch eBike-system 2 · Mått: 416 x 84 x 65 mm · Vikt: 3,9 kg · Artikelnummer: 2123049 · EAN: 4054289000516</p><p style='margin:0 0 1em'>Original Bosch eBike-reservdel. Beställningsvara som normalt når oss inom 5–10 dagar – vi hör av oss när den finns att hämta i butiken i Årsta, eller så skickar vi den hem till dig. Osäker på om delen passar din cykel? Mejla oss en bild på din display eller ditt batteri så hjälper vi dig.</p>";"10469";"25";"1";"0";"1";"1";"0";"https://raw.githubusercontent.com/erik859/cykelnatur-lokalt-lager/main/bosch-bilder/2123049.jpg";"1";"3900";"Vänligen notera detta: På grund av att EU:s batteriförordning har trätt i kraft är denna produkt nu endast… Beställningsvara hos Cykel & Natur i Årsta.";"Bosch PowerTube 625 horisontell (BBP290) - cykelnatur.se";"4054289000516"
"2123051";"Bosch Låsring (BDU3XX, BDU33YY)";"Original Bosch eBike-reservdel: Låsring (BDU3XX, BDU33YY).";"<ul><li>För montering av spindeln med monterat kedjehjul</li></ul><h3>Dessutom behövs</h3><ul><li>O-ring 1270016107</li></ul><p style='margin:0 0 1em'>I förpackningen: 1 st Låsring.</p><p style='margin:0 0 1em'>System: Bosch eBike-system 2,Det smarta systemet · Vikt: 13 g · Artikelnummer: 2123051 · EAN: 4054289000417</p><p style='margin:0 0 1em'>Original Bosch eBike-reservdel. Beställningsvara som normalt når oss inom 5–10 dagar – vi hör av oss när den finns att hämta i butiken i Årsta, eller så skickar vi den hem till dig. Osäker på om delen passar din cykel? Mejla oss en bild på din display eller ditt batteri så hjälper vi dig.</p>";"95";"25";"1";"0";"1";"1";"0";"https://raw.githubusercontent.com/erik859/cykelnatur-lokalt-lager/main/bosch-bilder/2123051.jpg";"1";"13";"Original Bosch eBike-reservdel: Låsring (BDU3XX, BDU33YY). Beställningsvara hos Cykel & Natur i Årsta.";"Bosch Låsring (BDU3XX, BDU33YY) - cykelnatur.se";"4054289000417"
"2123054";"Bosch PowerTube 625 vertikal (BBP291)";"Vänligen notera detta: På grund av att EU:s batteriförordning har trätt i kraft är denna produkt nu endast tillgänglig som reservdel.";"<p style='margin:0 0 1em'>&lt;h4&gt;Viktig produktinformation&lt;/h4&gt;&lt;br&gt;&lt;br&gt;&lt;p&gt;Alla PowerTube-batterier har inte samma längdmått. Kompatibilitet mellan enskilda PowerTube-modeller kan inte alltid garanteras.&lt;/p&gt;&lt;br&gt;</p><p style='margin:0 0 1em'>&lt;p&gt;Se till att du beställer &lt;strong&gt;rätt variant&lt;/strong&gt; av detta batteri (horisontellt eller vertikalt). &lt;/p&gt;&lt;br&gt;</p><ul><li>Batteripaket som kan integreras i cykelramen.</li><li>Lätt och säkert att sätta in och ta bort</li><li>Hög körsträcka och lång livslängd tack vare det integrerade batterihanteringssystemet.</li><li>Ingen minneseffekt och ingen självurladdning</li></ul><p style='margin:0 0 1em'>I förpackningen: 1 st PowerTube 625 vertikal, 1 st Skruvplatta 1270015629, 1 st Transportförpackning (godkänd för farligt gods), 1 st Bruksanvisning.</p><p style='margin:0 0 1em'>System: Bosch eBike-system 2 · Mått: 416 x 65 x 84 mm · Vikt: 3,95 kg · Artikelnummer: 2123054 · EAN: 4054289000523</p><p style='margin:0 0 1em'>Original Bosch eBike-reservdel. Beställningsvara som normalt når oss inom 5–10 dagar – vi hör av oss när den finns att hämta i butiken i Årsta, eller så skickar vi den hem till dig. Osäker på om delen passar din cykel? Mejla oss en bild på din display eller ditt batteri så hjälper vi dig.</p>";"10469";"25";"1";"0";"1";"1";"0";"https://raw.githubusercontent.com/erik859/cykelnatur-lokalt-lager/main/bosch-bilder/2123054.jpg";"1";"3950";"Vänligen notera detta: På grund av att EU:s batteriförordning har trätt i kraft är denna produkt nu endast… Beställningsvara hos Cykel & Natur i Årsta.";"Bosch PowerTube 625 vertikal (BBP291) - cykelnatur.se";"4054289000523"
"2123057";"Bosch Kabel PowerTube 520 mm (BCH285)";"Original Bosch eBike-reservdel: Kabel PowerTube 520 mm (BCH285).";"<p style='margin:0 0 1em'>I förpackningen: 1 st Kabel PowerTube, 520 mm.</p><p style='margin:0 0 1em'>System: Bosch eBike-system 2 · Vikt: 60 g · Artikelnummer: 2123057 · EAN: 4054289000837</p><p style='margin:0 0 1em'>Original Bosch eBike-reservdel. Beställningsvara som normalt når oss inom 5–10 dagar – vi hör av oss när den finns att hämta i butiken i Årsta, eller så skickar vi den hem till dig. Osäker på om delen passar din cykel? Mejla oss en bild på din display eller ditt batteri så hjälper vi dig.</p>";"485";"25";"1";"0";"1";"1";"0";"https://raw.githubusercontent.com/erik859/cykelnatur-lokalt-lager/main/bosch-bilder/2123057.jpg";"1";"60";"Original Bosch eBike-reservdel: Kabel PowerTube 520 mm (BCH285). Beställningsvara hos Cykel & Natur i Årsta.";"Bosch Kabel PowerTube 520 mm (BCH285) - cykelnatur.se";"4054289000837"
"2123058";"Bosch Sats laddningsuttag PowerTube 340 mm (BCH287)";"Original Bosch eBike-reservdel: Sats laddningsuttag PowerTube 340 mm (BCH287).";"<h3>Observera</h3><p style='margin:0 0 1em'>&lt;p&gt;Det kan förekomma tillverkarspecifika fästen som inte är tillgängliga från Bosch eBike Systems.&lt;/p&gt;&lt;br&gt;</p><p style='margin:0 0 1em'>I förpackningen: 1 st Kabel, 340 mm, 1 st Hållare, 1 st Skyddslock 1270016725, 2 st Försänkta skruvar 3x14, 1 st O-ring 23x1,5.</p><p style='margin:0 0 1em'>System: Bosch eBike-system 2 · Vikt: 37 g · Artikelnummer: 2123058 · EAN: 4054289000530</p><p style='margin:0 0 1em'>Original Bosch eBike-reservdel. Beställningsvara som normalt når oss inom 5–10 dagar – vi hör av oss när den finns att hämta i butiken i Årsta, eller så skickar vi den hem till dig. Osäker på om delen passar din cykel? Mejla oss en bild på din display eller ditt batteri så hjälper vi dig.</p>";"360";"25";"1";"0";"1";"1";"0";"https://raw.githubusercontent.com/erik859/cykelnatur-lokalt-lager/main/bosch-bilder/2123058.jpg";"1";"37";"Original Bosch eBike-reservdel: Sats laddningsuttag PowerTube 340 mm (BCH287). Beställningsvara hos Cykel & Natur i Årsta.";"Bosch Sats laddningsuttag PowerTube 340 mm - cykelnatur.se";"4054289000530"
"2123059";"Bosch Hastighetssensor Drive Unit, 815 mm";"Original Bosch eBike-reservdel: Hastighetssensor Drive Unit, 815 mm.";"<p style='margin:0 0 1em'>&lt;h4&gt;Viktig produktinformation&lt;/h4&gt;&lt;br&gt;&lt;br&gt;&lt;p&gt;Funktion garanteras endast i kombination med original Ekermagnet 1270015931!&lt;/p&gt;</p><p style='margin:0 0 1em'>I förpackningen: 1 st Hastighetssensor Drive Unit, 815 mm.</p><p style='margin:0 0 1em'>System: Bosch eBike-system 2,Classic+ · Vikt: 25 g · Artikelnummer: 2123059 · EAN: 4054289000486</p><p style='margin:0 0 1em'>Original Bosch eBike-reservdel. Beställningsvara som normalt når oss inom 5–10 dagar – vi hör av oss när den finns att hämta i butiken i Årsta, eller så skickar vi den hem till dig. Osäker på om delen passar din cykel? Mejla oss en bild på din display eller ditt batteri så hjälper vi dig.</p>";"315";"25";"1";"0";"1";"1";"0";"https://raw.githubusercontent.com/erik859/cykelnatur-lokalt-lager/main/bosch-bilder/2123059.jpg";"1";"25";"Original Bosch eBike-reservdel: Hastighetssensor Drive Unit, 815 mm. Beställningsvara hos Cykel & Natur i Årsta.";"Bosch Hastighetssensor Drive Unit, 815 mm - cykelnatur.se";"4054289000486"
"2123060";"Bosch Sats Drive Unit Performance Line 25 km/h (BDU365P)";"Original Bosch eBike-reservdel: Sats Drive Unit Performance Line 25 km/h (BDU365P).";"<p style='margin:0 0 1em'>&lt;h4&gt;Viktig produktinformation&lt;/h4&gt;&lt;br&gt;&lt;br&gt;&lt;p&gt;Utbyte av en Drive Unit är endast möjligt som en 1:1-ersättning. Tyvärr kan vi inte erbjuda en uppgradering till en kraftigare Drive Unit. Detta är nödvändigt för att säkerställa teknisk kompatibilitet och systemets smidiga funktion. Därför kan vi inte behandla beställningar som inte motsvarar en 1:1-ersättning och måste tyvärr annullera dem.&lt;/p&gt;&lt;br&gt;&lt;br&gt;&lt;p&gt;För att göra en fullständig beställning behöver vi all nödvändig information. Om du saknar en eller flera av dessa uppgifter kan vi inte fortsätta konfigurera Drive Unit (DU). Se till att den Drive Unit du väljer här stämmer överens med den du har lagt till i varukorgen.&lt;/p&gt;</p><p style='margin:0 0 1em'>I förpackningen: 1 st Drive Unit Performance Line Cruise 25 km/h, 1 st Logokåpa 1270015254, 1 st Låsring, 1 st O-ring, Skruvar, 1 st Bruks- och monteringsanvisning.</p><p style='margin:0 0 1em'>System: Bosch eBike-system 2 · Vikt: 3,9 kg · Artikelnummer: 2123060 · EAN: 4054289000387</p><p style='margin:0 0 1em'>Original Bosch eBike-reservdel. Beställningsvara som normalt når oss inom 5–10 dagar – vi hör av oss när den finns att hämta i butiken i Årsta, eller så skickar vi den hem till dig. Osäker på om delen passar din cykel? Mejla oss en bild på din display eller ditt batteri så hjälper vi dig.</p>";"8839";"25";"1";"0";"1";"1";"0";"https://raw.githubusercontent.com/erik859/cykelnatur-lokalt-lager/main/bosch-bilder/2123060.jpg";"1";"3900";"Original Bosch eBike-reservdel: Sats Drive Unit Performance Line 25 km/h (BDU365P). Beställningsvara hos Cykel & Natur i Årsta.";"Bosch Sats Drive Unit Performance 2123060 - cykelnatur.se";"4054289000387"
"2123061";"Bosch Sats Drive Unit Performance Line Speed/Cargo Line Speed 45 km/h (BDU490P)";"Original Bosch eBike-reservdel: Sats Drive Unit Performance Line Speed/Cargo Line Speed 45 km/h (BDU490P).";"<p style='margin:0 0 1em'>&lt;h4&gt;Viktig produktinformation&lt;/h4&gt;&lt;br&gt;&lt;br&gt;&lt;p&gt;Utbyte av en Drive Unit är endast möjligt som en 1:1-ersättning. Tyvärr kan vi inte erbjuda en uppgradering till en kraftigare Drive Unit. Detta är nödvändigt för att säkerställa teknisk kompatibilitet och systemets smidiga funktion. Därför kan vi inte behandla beställningar som inte motsvarar en 1:1-ersättning och måste tyvärr annullera dem.&lt;/p&gt;&lt;br&gt;&lt;br&gt;&lt;p&gt;För att göra en fullständig beställning behöver vi all nödvändig information. Om du saknar en eller flera av dessa uppgifter kan vi inte fortsätta konfigurera Drive Unit (DU). Se till att den Drive Unit du väljer här stämmer överens med den du har lagt till i varukorgen.&lt;/p&gt;</p><p style='margin:0 0 1em'>I förpackningen: 1 st Drive Unit Performance Line/Cargo Line Speed 45 km/h, 1 st Logokåpa 0275008337, 1 st Låsring, 1 st O-ring, Skruvar, 1 st Bruks- och monteringsanvisning.</p><p style='margin:0 0 1em'>System: Bosch eBike-system 2 · Vikt: 2,97 kg · Artikelnummer: 2123061 · EAN: 4054289000400</p><p style='margin:0 0 1em'>Original Bosch eBike-reservdel. Beställningsvara som normalt når oss inom 5–10 dagar – vi hör av oss när den finns att hämta i butiken i Årsta, eller så skickar vi den hem till dig. Osäker på om delen passar din cykel? Mejla oss en bild på din display eller ditt batteri så hjälper vi dig.</p>";"11289";"25";"1";"0";"1";"1";"0";"https://raw.githubusercontent.com/erik859/cykelnatur-lokalt-lager/main/bosch-bilder/2123061.jpg";"1";"2970";"Original Bosch eBike-reservdel: Sats Drive Unit Performance Line Speed/Cargo Line Speed 45 km/h (BDU490P). Beställningsvara hos Cykel & Natur i Årsta.";"Bosch Sats Drive Unit Performance 2123061 - cykelnatur.se";"4054289000400"
"2123062";"Bosch Sats Drive Unit Performance Line CX/Cargo Line 25 km/h (BDU450P CX)";"Original Bosch eBike-reservdel: Sats Drive Unit Performance Line CX/Cargo Line 25 km/h (BDU450P CX).";"<p style='margin:0 0 1em'>&lt;h4&gt;Viktig produktinformation&lt;/h4&gt;&lt;br&gt;&lt;br&gt;&lt;p&gt;Utbyte av en Drive Unit är endast möjligt som en 1:1-ersättning. Tyvärr kan vi inte erbjuda en uppgradering till en kraftigare Drive Unit. Detta är nödvändigt för att säkerställa teknisk kompatibilitet och systemets smidiga funktion. Därför kan vi inte behandla beställningar som inte motsvarar en 1:1-ersättning och måste tyvärr annullera dem.&lt;/p&gt;&lt;br&gt;&lt;br&gt;&lt;p&gt;För att göra en fullständig beställning behöver vi all nödvändig information. Om du saknar en eller flera av dessa uppgifter kan vi inte fortsätta konfigurera Drive Unit (DU). Se till att den Drive Unit du väljer här stämmer överens med den du har lagt till i varukorgen.&lt;/p&gt;</p><p style='margin:0 0 1em'>I förpackningen: 1 st Drive Unit Performance Line CX/Cargo Line Cruise 25 km/h, 1 st Logokåpa 0275008334, 1 st Låsring, 1 st O-ring, Skruvar, 1 st Bruks- och monteringsanvisning.</p><p style='margin:0 0 1em'>System: Bosch eBike-system 2 · Vikt: 3,67 kg · Artikelnummer: 2123062 · EAN: 4054289000424</p><p style='margin:0 0 1em'>Original Bosch eBike-reservdel. Beställningsvara som normalt når oss inom 5–10 dagar – vi hör av oss när den finns att hämta i butiken i Årsta, eller så skickar vi den hem till dig. Osäker på om delen passar din cykel? Mejla oss en bild på din display eller ditt batteri så hjälper vi dig.</p>";"9769";"25";"1";"0";"1";"1";"0";"https://raw.githubusercontent.com/erik859/cykelnatur-lokalt-lager/main/bosch-bilder/2123062.jpg";"1";"3670";"Original Bosch eBike-reservdel: Sats Drive Unit Performance Line CX/Cargo Line 25 km/h (BDU450P CX). Beställningsvara hos Cykel & Natur i Årsta.";"Bosch Sats Drive Unit Performance 2123062 - cykelnatur.se";"4054289000424"
"2123063";"Bosch Skruvsats Drive Unit (BDU4XX, BDU37YY)";"Original Bosch eBike-reservdel: Skruvsats Drive Unit (BDU4XX, BDU37YY).";"<h3>Kompatibel med</h3><ul><li>BDU4XX</li><li>BDU37YY</li></ul><p style='margin:0 0 1em'>I förpackningen: 6 st Skruv i cylinderhuvudet M8x16, Torx Plus.</p><p style='margin:0 0 1em'>System: Bosch eBike-system 2,Det smarta systemet · Vikt: 60 g · Artikelnummer: 2123063 · EAN: 4054289000448</p><p style='margin:0 0 1em'>Original Bosch eBike-reservdel. Beställningsvara som normalt når oss inom 5–10 dagar – vi hör av oss när den finns att hämta i butiken i Årsta, eller så skickar vi den hem till dig. Osäker på om delen passar din cykel? Mejla oss en bild på din display eller ditt batteri så hjälper vi dig.</p>";"47";"25";"1";"0";"1";"1";"0";"https://raw.githubusercontent.com/erik859/cykelnatur-lokalt-lager/main/bosch-bilder/2123063.jpg";"1";"60";"Original Bosch eBike-reservdel: Skruvsats Drive Unit (BDU4XX, BDU37YY). Beställningsvara hos Cykel & Natur i Årsta.";"Bosch Skruvsats Drive Unit (BDU4XX, BDU37YY) - cykelnatur.se";"4054289000448"
"2123064";"Bosch Skruvsats designkåpa (BDU4XX, BDU37YY)";"Original Bosch eBike-reservdel: Skruvsats designkåpa (BDU4XX, BDU37YY).";"<h3>Kompatibel med</h3><ul><li>BDU4XX</li><li>BDU37YY</li></ul><p style='margin:0 0 1em'>I förpackningen: 3 st Skruv M4x8, Torx T20.</p><p style='margin:0 0 1em'>System: Bosch eBike-system 2,Det smarta systemet · Vikt: 5 g · Artikelnummer: 2123064 · EAN: 4054289000455</p><p style='margin:0 0 1em'>Original Bosch eBike-reservdel. Beställningsvara som normalt når oss inom 5–10 dagar – vi hör av oss när den finns att hämta i butiken i Årsta, eller så skickar vi den hem till dig. Osäker på om delen passar din cykel? Mejla oss en bild på din display eller ditt batteri så hjälper vi dig.</p>";"35";"25";"1";"0";"1";"1";"0";"https://raw.githubusercontent.com/erik859/cykelnatur-lokalt-lager/main/bosch-bilder/2123064.jpg";"1";"5";"Original Bosch eBike-reservdel: Skruvsats designkåpa (BDU4XX, BDU37YY). Beställningsvara hos Cykel & Natur i Årsta.";"Bosch Skruvsats designkåpa (BDU4XX, BDU37YY) - cykelnatur.se";"4054289000455"
"2123065";"Bosch Sats med blindpluggar (Classic+, BDU2XX, BDU3XX, BDU4XX)";"Original Bosch eBike-reservdel: Sats med blindpluggar (Classic+, BDU2XX, BDU3XX, BDU4XX).";"<ul><li>Kompatibel med alla drivenheter</li></ul><p style='margin:0 0 1em'>I förpackningen: 2 st Ljusanslutningar (för samtliga Drive Units), 1 st Strömanslutning (för BDU4XX).</p><p style='margin:0 0 1em'>System: Bosch eBike-system 2,Classic+ · Vikt: 3 g · Artikelnummer: 2123065 · EAN: 4054289000462</p><p style='margin:0 0 1em'>Original Bosch eBike-reservdel. Beställningsvara som normalt når oss inom 5–10 dagar – vi hör av oss när den finns att hämta i butiken i Årsta, eller så skickar vi den hem till dig. Osäker på om delen passar din cykel? Mejla oss en bild på din display eller ditt batteri så hjälper vi dig.</p>";"59";"25";"1";"0";"1";"1";"0";"https://raw.githubusercontent.com/erik859/cykelnatur-lokalt-lager/main/bosch-bilder/2123065.jpg";"1";"3";"Original Bosch eBike-reservdel: Sats med blindpluggar (Classic+, BDU2XX, BDU3XX, BDU4XX). Beställningsvara hos Cykel & Natur i Årsta.";"Bosch Sats med blindpluggar - cykelnatur.se";"4054289000462"
"2123067";"Bosch Servicesats lagerskyddsring (Active/Active Plus/Performance - BDU3XX från serienummer 860011XXX, BDU33YY)";"Original Bosch eBike-reservdel: Servicesats lagerskyddsring (Active/Active Plus/Performance - BDU3XX från serienummer 860011XXX, BDU33YY).";"<p style='margin:0 0 1em'>&lt;h4&gt;Viktig produktinformation&lt;/h4&gt;&lt;br&gt;&lt;br&gt;&lt;p&gt;Limfettet är inte längre en del av servicekitet. Använd istället ett likvärdigt, icke-vattenlösligt limfett baserat på kalciumtvål enligt NLGI klass 2 (arbetstemperatur: -30/+120 °C, droppunkt: 180 °C, densitet: 0,89 g/ml (25,00 °C)). För mer information hittar du det du behöver i &lt;a href=http://b2b.bosch-ebike.com/en/en/downloads?search=Grease&amp;page=1&gt;monteringsanvisningen&lt;/a&gt;.&lt;/p&gt;&lt;br&gt;&lt;br&gt;&lt;p&gt;Under övergångsfasen kan vi inte påverka om du får ett kit med eller utan tub!&lt;/p&gt;&lt;br&gt;&lt;br&gt;&lt;p&gt;&lt;a href=http://b2b.mbps.eu/sv/EUR/product/2124782/Schmierfix_vidh%C3%A4ftande_sm%C3%B6rjfett,_50_g&gt;Här&lt;/a&gt; hittar du ett lämpligt smörjfett.&lt;/p&gt;&lt;br&gt;</p><ul><li>Skyddar lager L3 på Drive Unit</li></ul><p style='margin:0 0 1em'>I förpackningen: 8 st Lagerringar, 2-delars, 1 st Lyftverktyg.</p><p style='margin:0 0 1em'>System: Bosch eBike-system 2,Det smarta systemet · Vikt: 65 g · Artikelnummer: 2123067 · EAN: 4054289000646</p><p style='margin:0 0 1em'>Original Bosch eBike-reservdel. Beställningsvara som normalt når oss inom 5–10 dagar – vi hör av oss när den finns att hämta i butiken i Årsta, eller så skickar vi den hem till dig. Osäker på om delen passar din cykel? Mejla oss en bild på din display eller ditt batteri så hjälper vi dig.</p>";"155";"25";"1";"0";"1";"1";"0";"https://raw.githubusercontent.com/erik859/cykelnatur-lokalt-lager/main/bosch-bilder/2123067.jpg";"1";"65";"Original Bosch eBike-reservdel: Servicesats lagerskyddsring (Active/Active Plus/Performance - BDU3XX från… Beställningsvara hos Cykel & Natur i Årsta.";"Bosch Servicesats lagerskyddsring 2123067 - cykelnatur.se";"4054289000646"
"2123068";"Bosch Designkåpa Performance Line CX, vänster (BDU4XX)";"Förväntas vara tillgänglig från och med kalenderveckan 35 / 2026";"<p style='margin:0 0 1em'>Förväntas vara tillgänglig från och med kalenderveckan 35 / 2026</p><p style='margin:0 0 1em'>I förpackningen: 1 st Designkåpa.</p><p style='margin:0 0 1em'>System: Bosch eBike-system 2 · Vikt: 75 g · Artikelnummer: 2123068 · EAN: 4054289000660</p><p style='margin:0 0 1em'>Original Bosch eBike-reservdel. Beställningsvara som normalt når oss inom 5–10 dagar – vi hör av oss när den finns att hämta i butiken i Årsta, eller så skickar vi den hem till dig. Osäker på om delen passar din cykel? Mejla oss en bild på din display eller ditt batteri så hjälper vi dig.</p>";"315";"25";"1";"0";"1";"1";"0";"https://raw.githubusercontent.com/erik859/cykelnatur-lokalt-lager/main/bosch-bilder/2123068.jpg";"1";"75";"Förväntas vara tillgänglig från och med kalenderveckan 35 / 2026 Beställningsvara hos Cykel & Natur i Årsta.";"Bosch Designkåpa Performance Line CX - cykelnatur.se";"4054289000660"
"2123069";"Bosch Designkåpa Performance Line, höger (BDU4XX, BDU37YY)";"Original Bosch eBike-reservdel: Designkåpa Performance Line, höger (BDU4XX, BDU37YY).";"<p style='margin:0 0 1em'>I förpackningen: 1 st Designkåpa.</p><p style='margin:0 0 1em'>System: Bosch eBike-system 2,Det smarta systemet · Vikt: 10 g · Artikelnummer: 2123069 · EAN: 4054289000677</p><p style='margin:0 0 1em'>Original Bosch eBike-reservdel. Beställningsvara som normalt når oss inom 5–10 dagar – vi hör av oss när den finns att hämta i butiken i Årsta, eller så skickar vi den hem till dig. Osäker på om delen passar din cykel? Mejla oss en bild på din display eller ditt batteri så hjälper vi dig.</p>";"180";"25";"1";"0";"1";"1";"0";"https://raw.githubusercontent.com/erik859/cykelnatur-lokalt-lager/main/bosch-bilder/2123069.jpg";"1";"10";"Original Bosch eBike-reservdel: Designkåpa Performance Line, höger (BDU4XX, BDU37YY). Beställningsvara hos Cykel & Natur i Årsta.";"Bosch Designkåpa Performance Line 2123069 - cykelnatur.se";"4054289000677"
"2123070";"Bosch Designkåpa Performance Line Speed, vänster (BDU4XX)";"Original Bosch eBike-reservdel: Designkåpa Performance Line Speed, vänster (BDU4XX).";"<p style='margin:0 0 1em'>I förpackningen: 1 st Designkåpa.</p><p style='margin:0 0 1em'>System: Bosch eBike-system 2 · Vikt: 70 g · Artikelnummer: 2123070 · EAN: 4054289000684</p><p style='margin:0 0 1em'>Original Bosch eBike-reservdel. Beställningsvara som normalt når oss inom 5–10 dagar – vi hör av oss när den finns att hämta i butiken i Årsta, eller så skickar vi den hem till dig. Osäker på om delen passar din cykel? Mejla oss en bild på din display eller ditt batteri så hjälper vi dig.</p>";"315";"25";"1";"0";"1";"1";"0";"https://raw.githubusercontent.com/erik859/cykelnatur-lokalt-lager/main/bosch-bilder/2123070.jpg";"1";"70";"Original Bosch eBike-reservdel: Designkåpa Performance Line Speed, vänster (BDU4XX). Beställningsvara hos Cykel & Natur i Årsta.";"Bosch Designkåpa Performance Line Speed - cykelnatur.se";"4054289000684"
"2123071";"Bosch Logokåpa Performance Line CX (BDU4XX)";"Original Bosch eBike-reservdel: Logokåpa Performance Line CX (BDU4XX).";"<ul><li>Om Designkåpa inte är monterat</li></ul><p style='margin:0 0 1em'>I förpackningen: 1 st Logokåpa Performance Line CX.</p><p style='margin:0 0 1em'>System: Bosch eBike-system 2 · Vikt: 5 g · Artikelnummer: 2123071 · EAN: 4054289000691</p><p style='margin:0 0 1em'>Original Bosch eBike-reservdel. Beställningsvara som normalt når oss inom 5–10 dagar – vi hör av oss när den finns att hämta i butiken i Årsta, eller så skickar vi den hem till dig. Osäker på om delen passar din cykel? Mejla oss en bild på din display eller ditt batteri så hjälper vi dig.</p>";"71";"25";"1";"0";"1";"1";"0";"https://raw.githubusercontent.com/erik859/cykelnatur-lokalt-lager/main/bosch-bilder/2123071.jpg";"1";"5";"Original Bosch eBike-reservdel: Logokåpa Performance Line CX (BDU4XX). Beställningsvara hos Cykel & Natur i Årsta.";"Bosch Logokåpa Performance Line CX (BDU4XX) - cykelnatur.se";"4054289000691"
"2123072";"Bosch Logokåpa Performance Line Speed (BDU4XX)";"Original Bosch eBike-reservdel: Logokåpa Performance Line Speed (BDU4XX).";"<ul><li>Om Designkåpa inte är monterat</li></ul><p style='margin:0 0 1em'>I förpackningen: 1 st Logokåpa Performance Line Speed.</p><p style='margin:0 0 1em'>System: Bosch eBike-system 2 · Vikt: 5 g · Artikelnummer: 2123072 · EAN: 4054289000707</p><p style='margin:0 0 1em'>Original Bosch eBike-reservdel. Beställningsvara som normalt når oss inom 5–10 dagar – vi hör av oss när den finns att hämta i butiken i Årsta, eller så skickar vi den hem till dig. Osäker på om delen passar din cykel? Mejla oss en bild på din display eller ditt batteri så hjälper vi dig.</p>";"71";"25";"1";"0";"1";"1";"0";"https://raw.githubusercontent.com/erik859/cykelnatur-lokalt-lager/main/bosch-bilder/2123072.jpg";"1";"5";"Original Bosch eBike-reservdel: Logokåpa Performance Line Speed (BDU4XX). Beställningsvara hos Cykel & Natur i Årsta.";"Bosch Logokåpa Performance Line 2123072 - cykelnatur.se";"4054289000707"
"2123073";"Bosch Logokåpa Cargo (BDU4XX)";"Original Bosch eBike-reservdel: Logokåpa Cargo (BDU4XX).";"<ul><li>Om Designkåpa inte är monterat</li></ul><p style='margin:0 0 1em'>I förpackningen: 1 st Logokåpa Cargo Line.</p><p style='margin:0 0 1em'>System: Bosch eBike-system 2 · Vikt: 5 g · Artikelnummer: 2123073 · EAN: 4054289000714</p><p style='margin:0 0 1em'>Original Bosch eBike-reservdel. Beställningsvara som normalt når oss inom 5–10 dagar – vi hör av oss när den finns att hämta i butiken i Årsta, eller så skickar vi den hem till dig. Osäker på om delen passar din cykel? Mejla oss en bild på din display eller ditt batteri så hjälper vi dig.</p>";"71";"25";"1";"0";"1";"1";"0";"https://raw.githubusercontent.com/erik859/cykelnatur-lokalt-lager/main/bosch-bilder/2123073.jpg";"1";"5";"Original Bosch eBike-reservdel: Logokåpa Cargo (BDU4XX). Beställningsvara hos Cykel & Natur i Årsta.";"Bosch Logokåpa Cargo (BDU4XX) - cykelnatur.se";"4054289000714"
"2123075";"Bosch Designkåpa Performance Line, vänster (BDU3XX)";"Original Bosch eBike-reservdel: Designkåpa Performance Line, vänster (BDU3XX).";"<p style='margin:0 0 1em'>I förpackningen: 1 st Designkåpa.</p><p style='margin:0 0 1em'>System: Bosch eBike-system 2 · Vikt: 50 g · Artikelnummer: 2123075 · EAN: 4054289000738</p><p style='margin:0 0 1em'>Original Bosch eBike-reservdel. Beställningsvara som normalt når oss inom 5–10 dagar – vi hör av oss när den finns att hämta i butiken i Årsta, eller så skickar vi den hem till dig. Osäker på om delen passar din cykel? Mejla oss en bild på din display eller ditt batteri så hjälper vi dig.</p>";"190";"25";"1";"0";"1";"1";"0";"https://raw.githubusercontent.com/erik859/cykelnatur-lokalt-lager/main/bosch-bilder/2123075.jpg";"1";"50";"Original Bosch eBike-reservdel: Designkåpa Performance Line, vänster (BDU3XX). Beställningsvara hos Cykel & Natur i Årsta.";"Bosch Designkåpa Performance Line, vänster - cykelnatur.se";"4054289000738"
"2123076";"Bosch Designkåpa Performance Line, höger (BDU3XX)";"Original Bosch eBike-reservdel: Designkåpa Performance Line, höger (BDU3XX).";"<p style='margin:0 0 1em'>I förpackningen: 1st  Designkåpa.</p><p style='margin:0 0 1em'>System: Bosch eBike-system 2 · Vikt: 65 g · Artikelnummer: 2123076 · EAN: 4054289000745</p><p style='margin:0 0 1em'>Original Bosch eBike-reservdel. Beställningsvara som normalt når oss inom 5–10 dagar – vi hör av oss när den finns att hämta i butiken i Årsta, eller så skickar vi den hem till dig. Osäker på om delen passar din cykel? Mejla oss en bild på din display eller ditt batteri så hjälper vi dig.</p>";"190";"25";"1";"0";"1";"1";"0";"https://raw.githubusercontent.com/erik859/cykelnatur-lokalt-lager/main/bosch-bilder/2123076.jpg";"1";"65";"Original Bosch eBike-reservdel: Designkåpa Performance Line, höger (BDU3XX). Beställningsvara hos Cykel & Natur i Årsta.";"Bosch Designkåpa Performance Line 2123076 - cykelnatur.se";"4054289000745"
"2123077";"Bosch Designkåpa Performance Line, fram (BDU3XX)";"Original Bosch eBike-reservdel: Designkåpa Performance Line, fram (BDU3XX).";"<p style='margin:0 0 1em'>I förpackningen: 1 st Designkåpa.</p><p style='margin:0 0 1em'>System: Bosch eBike-system 2 · Vikt: 30 g · Artikelnummer: 2123077 · EAN: 4054289000752</p><p style='margin:0 0 1em'>Original Bosch eBike-reservdel. Beställningsvara som normalt når oss inom 5–10 dagar – vi hör av oss när den finns att hämta i butiken i Årsta, eller så skickar vi den hem till dig. Osäker på om delen passar din cykel? Mejla oss en bild på din display eller ditt batteri så hjälper vi dig.</p>";"180";"25";"1";"0";"1";"1";"0";"https://raw.githubusercontent.com/erik859/cykelnatur-lokalt-lager/main/bosch-bilder/2123077.jpg";"1";"30";"Original Bosch eBike-reservdel: Designkåpa Performance Line, fram (BDU3XX). Beställningsvara hos Cykel & Natur i Årsta.";"Bosch Designkåpa Performance Line, fram - cykelnatur.se";"4054289000752"
"2123078";"Bosch Logokåpa Performance Line (BDU3XX)";"Original Bosch eBike-reservdel: Logokåpa Performance Line (BDU3XX).";"<ul><li>Om ett Designkåpa är monterat</li></ul><p style='margin:0 0 1em'>I förpackningen: 1 st Logokåpa Performance Line.</p><p style='margin:0 0 1em'>System: Bosch eBike-system 2 · Vikt: 10 g · Artikelnummer: 2123078 · EAN: 4054289000769</p><p style='margin:0 0 1em'>Original Bosch eBike-reservdel. Beställningsvara som normalt når oss inom 5–10 dagar – vi hör av oss när den finns att hämta i butiken i Årsta, eller så skickar vi den hem till dig. Osäker på om delen passar din cykel? Mejla oss en bild på din display eller ditt batteri så hjälper vi dig.</p>";"71";"25";"1";"0";"1";"1";"0";"https://raw.githubusercontent.com/erik859/cykelnatur-lokalt-lager/main/bosch-bilder/2123078.jpg";"1";"10";"Original Bosch eBike-reservdel: Logokåpa Performance Line (BDU3XX). Beställningsvara hos Cykel & Natur i Årsta.";"Bosch Logokåpa Performance Line (BDU3XX) - cykelnatur.se";"4054289000769"
"2123080";"Bosch O-ring (BDU4XX, BDU37YY, BDU31YY, BDU34YY, BDU38YY)";"Original Bosch eBike-reservdel: O-ring (BDU4XX, BDU37YY, BDU31YY, BDU34YY, BDU38YY).";"<ul><li>För säkring av spindeln/kedjebladet vid lös låsring</li></ul><p style='margin:0 0 1em'>I förpackningen: 1 st O-ring.</p><p style='margin:0 0 1em'>System: Bosch eBike-system 2,Det smarta systemet · Vikt: 1 g · Artikelnummer: 2123080 · EAN: 4054289000783</p><p style='margin:0 0 1em'>Original Bosch eBike-reservdel. Beställningsvara som normalt når oss inom 5–10 dagar – vi hör av oss när den finns att hämta i butiken i Årsta, eller så skickar vi den hem till dig. Osäker på om delen passar din cykel? Mejla oss en bild på din display eller ditt batteri så hjälper vi dig.</p>";"23";"25";"1";"0";"1";"1";"0";"https://raw.githubusercontent.com/erik859/cykelnatur-lokalt-lager/main/bosch-bilder/2123080.jpg";"1";"1";"Original Bosch eBike-reservdel: O-ring (BDU4XX, BDU37YY, BDU31YY, BDU34YY, BDU38YY). Beställningsvara hos Cykel & Natur i Årsta.";"Bosch O-ring - cykelnatur.se";"4054289000783"
"2123081";"Bosch Spindel (BDU4XX, BDU37YY)";"Original Bosch eBike-reservdel: Spindel (BDU4XX, BDU37YY).";"<ul><li>För montering av kedjehjul</li></ul><p style='margin:0 0 1em'>I förpackningen: 1 st Spindel.</p><p style='margin:0 0 1em'>System: Bosch eBike-system 2,Det smarta systemet · Vikt: 50 g · Artikelnummer: 2123081 · EAN: 4054289000790</p><p style='margin:0 0 1em'>Original Bosch eBike-reservdel. Beställningsvara som normalt når oss inom 5–10 dagar – vi hör av oss när den finns att hämta i butiken i Årsta, eller så skickar vi den hem till dig. Osäker på om delen passar din cykel? Mejla oss en bild på din display eller ditt batteri så hjälper vi dig.</p>";"215";"25";"1";"0";"1";"1";"0";"https://raw.githubusercontent.com/erik859/cykelnatur-lokalt-lager/main/bosch-bilder/2123081.jpg";"1";"50";"Original Bosch eBike-reservdel: Spindel (BDU4XX, BDU37YY). Beställningsvara hos Cykel & Natur i Årsta.";"Bosch Spindel (BDU4XX, BDU37YY) - cykelnatur.se";"4054289000790"
"2123082";"Bosch Designkåpa Cargo Line Speed, vänster (BDU4XX)";"Original Bosch eBike-reservdel: Designkåpa Cargo Line Speed, vänster (BDU4XX).";"<p style='margin:0 0 1em'>I förpackningen: 1 st Designkåpa.</p><p style='margin:0 0 1em'>System: Bosch eBike-system 2 · Vikt: 64 g · Artikelnummer: 2123082 · EAN: 4054289000806</p><p style='margin:0 0 1em'>Original Bosch eBike-reservdel. Beställningsvara som normalt når oss inom 5–10 dagar – vi hör av oss när den finns att hämta i butiken i Årsta, eller så skickar vi den hem till dig. Osäker på om delen passar din cykel? Mejla oss en bild på din display eller ditt batteri så hjälper vi dig.</p>";"315";"25";"1";"0";"1";"1";"0";"https://raw.githubusercontent.com/erik859/cykelnatur-lokalt-lager/main/bosch-bilder/2123082.jpg";"1";"64";"Original Bosch eBike-reservdel: Designkåpa Cargo Line Speed, vänster (BDU4XX). Beställningsvara hos Cykel & Natur i Årsta.";"Bosch Designkåpa Cargo Line Speed, vänster - cykelnatur.se";"4054289000806"
"2123083";"Bosch Logokåpa Cargo Line Speed (BDU4XX)";"Original Bosch eBike-reservdel: Logokåpa Cargo Line Speed (BDU4XX).";"<ul><li>Om Designkåpa inte är monterat</li></ul><p style='margin:0 0 1em'>I förpackningen: 1 st Logokåpa Cargo Line Speed.</p><p style='margin:0 0 1em'>System: Bosch eBike-system 2 · Vikt: 5 g · Artikelnummer: 2123083 · EAN: 4054289000813</p><p style='margin:0 0 1em'>Original Bosch eBike-reservdel. Beställningsvara som normalt når oss inom 5–10 dagar – vi hör av oss när den finns att hämta i butiken i Årsta, eller så skickar vi den hem till dig. Osäker på om delen passar din cykel? Mejla oss en bild på din display eller ditt batteri så hjälper vi dig.</p>";"71";"25";"1";"0";"1";"1";"0";"https://raw.githubusercontent.com/erik859/cykelnatur-lokalt-lager/main/bosch-bilder/2123083.jpg";"1";"5";"Original Bosch eBike-reservdel: Logokåpa Cargo Line Speed (BDU4XX). Beställningsvara hos Cykel & Natur i Årsta.";"Bosch Logokåpa Cargo Line Speed (BDU4XX) - cykelnatur.se";"4054289000813"
"2123084";"Bosch Servicesats lagerskyddsring (BDU4XX, BDU37YY)";"Original Bosch eBike-reservdel: Servicesats lagerskyddsring (BDU4XX, BDU37YY).";"<p style='margin:0 0 1em'>&lt;h4&gt;Viktig produktinformation&lt;/h4&gt;&lt;br&gt;&lt;br&gt;&lt;p&gt;Limfettet är inte längre en del av servicekitet. Använd istället ett likvärdigt, icke-vattenlösligt limfett baserat på kalciumtvål enligt NLGI klass 2 (arbetstemperatur: -30/+120 °C, droppunkt: 180 °C, densitet: 0,89 g/ml (25,00 °C)). För mer information hittar du det du behöver i &lt;a href=http://b2b.bosch-ebike.com/en/en/downloads?search=Grease&amp;page=1&gt;monteringsanvisningen&lt;/a&gt;.&lt;/p&gt;&lt;br&gt;&lt;br&gt;&lt;p&gt;Under övergångsfasen kan vi inte påverka om du får ett kit med eller utan tub!&lt;/p&gt;&lt;br&gt;&lt;br&gt;&lt;p&gt;&lt;a href=http://b2b.mbps.eu/sv/EUR/product/2124782/Schmierfix_vidh%C3%A4ftande_sm%C3%B6rjfett,_50_g&gt;Här&lt;/a&gt; hittar du ett lämpligt smörjfett.&lt;/p&gt;&lt;br&gt;</p><ul><li>Skyddar lager L1 och L3 på Drive Unit</li></ul><p style='margin:0 0 1em'>I förpackningen: L1: 1 st Lagerring, 1 st Säkringsring, L3: 1 st Lagerring, 1 st Säkringsring, 1 st Lyftverktyg.</p><p style='margin:0 0 1em'>System: Bosch eBike-system 2,Det smarta systemet · Vikt: 63 g · Artikelnummer: 2123084 · EAN: 4054289001247</p><p style='margin:0 0 1em'>Original Bosch eBike-reservdel. Beställningsvara som normalt når oss inom 5–10 dagar – vi hör av oss när den finns att hämta i butiken i Årsta, eller så skickar vi den hem till dig. Osäker på om delen passar din cykel? Mejla oss en bild på din display eller ditt batteri så hjälper vi dig.</p>";"360";"25";"1";"0";"1";"1";"0";"https://raw.githubusercontent.com/erik859/cykelnatur-lokalt-lager/main/bosch-bilder/2123084.jpg";"1";"63";"Original Bosch eBike-reservdel: Servicesats lagerskyddsring (BDU4XX, BDU37YY). Beställningsvara hos Cykel & Natur i Årsta.";"Bosch Servicesats lagerskyddsring 2123084 - cykelnatur.se";"4054289001247"
"2123085";"Bosch Kabel strömförsörjning tredjepartsapplikation 1400 mm";"Original Bosch eBike-reservdel: Kabel strömförsörjning tredjepartsapplikation 1400 mm.";"<ul><li>För anslutning till det lediga strömuttaget på BDU4XX för matning av anslutna förbrukare ABS</li></ul><p style='margin:0 0 1em'>I förpackningen: 1 st Kabel strömförsörjning tredjepartsapplikation, 1400 mm.</p><p style='margin:0 0 1em'>System: Bosch eBike-system 2 · Vikt: 25 g · Artikelnummer: 2123085 · EAN: 4054289001254</p><p style='margin:0 0 1em'>Original Bosch eBike-reservdel. Beställningsvara som normalt når oss inom 5–10 dagar – vi hör av oss när den finns att hämta i butiken i Årsta, eller så skickar vi den hem till dig. Osäker på om delen passar din cykel? Mejla oss en bild på din display eller ditt batteri så hjälper vi dig.</p>";"180";"25";"1";"0";"1";"1";"0";"https://raw.githubusercontent.com/erik859/cykelnatur-lokalt-lager/main/bosch-bilder/2123085.jpg";"1";"25";"Original Bosch eBike-reservdel: Kabel strömförsörjning tredjepartsapplikation 1400 mm. Beställningsvara hos Cykel & Natur i Årsta.";"Bosch Kabel strömförsörjning - cykelnatur.se";"4054289001254"
"2123086";"Bosch Ledningsstam 1200 mm utan anslutning för ABS-kontrollampa (BAS100)";"Original Bosch eBike-reservdel: Ledningsstam 1200 mm utan anslutning för ABS-kontrollampa (BAS100).";"<h3>Kompatibel med</h3><ul><li>BDU2XX</li><li>BDU3XX</li><li>BDU4XX</li></ul><p style='margin:0 0 1em'>I förpackningen: 1 Ledningsstam, 1200 mm.</p><p style='margin:0 0 1em'>System: Bosch eBike-system 2 · Vikt: 105 g · Artikelnummer: 2123086 · EAN: 4054289001193</p><p style='margin:0 0 1em'>Original Bosch eBike-reservdel. Beställningsvara som normalt når oss inom 5–10 dagar – vi hör av oss när den finns att hämta i butiken i Årsta, eller så skickar vi den hem till dig. Osäker på om delen passar din cykel? Mejla oss en bild på din display eller ditt batteri så hjälper vi dig.</p>";"1079";"25";"1";"0";"1";"1";"0";"https://raw.githubusercontent.com/erik859/cykelnatur-lokalt-lager/main/bosch-bilder/2123086.jpg";"1";"105";"Original Bosch eBike-reservdel: Ledningsstam 1200 mm utan anslutning för ABS-kontrollampa (BAS100). Beställningsvara hos Cykel & Natur i Årsta.";"Bosch Ledningsstam 1200 mm utan anslutning - cykelnatur.se";"4054289001193"
"2123107";"Bosch Manöverenhet Compact, kabel 350 mm för Kiox (BUI330), SmartphoneHub och Nyon (BUI350)";"Original Bosch eBike-reservdel: Manöverenhet Compact, kabel 350 mm för Kiox (BUI330), SmartphoneHub och Nyon (BUI350).";"<h3>Finns tillgänglig separat</h3><ul><li>1270020412 (Kiox Screw Kit)</li></ul><p style='margin:0 0 1em'>I förpackningen: 1 st Manöverenhet Compact, 1 st Anslutningskabel, 1 st Kabelavkodare.</p><p style='margin:0 0 1em'>System: Bosch eBike-system 2 · Vikt: 40 g · Artikelnummer: 2123107 · EAN: 4054289001285</p><p style='margin:0 0 1em'>Original Bosch eBike-reservdel. Beställningsvara som normalt når oss inom 5–10 dagar – vi hör av oss när den finns att hämta i butiken i Årsta, eller så skickar vi den hem till dig. Osäker på om delen passar din cykel? Mejla oss en bild på din display eller ditt batteri så hjälper vi dig.</p>";"729";"25";"1";"0";"1";"1";"0";"https://raw.githubusercontent.com/erik859/cykelnatur-lokalt-lager/main/bosch-bilder/2123107.jpg";"1";"40";"Original Bosch eBike-reservdel: Manöverenhet Compact, kabel 350 mm för Kiox (BUI330), SmartphoneHub och… Beställningsvara hos Cykel & Natur i Årsta.";"Bosch Manöverenhet Compact, kabel 350 mm - cykelnatur.se";"4054289001285"
"2123110";"Bosch Laddningskabel Micro USB – Lightning (BSP3200)";"Original Bosch eBike-reservdel: Laddningskabel Micro USB – Lightning (BSP3200).";"<p style='margin:0 0 1em'>&lt;h4&gt;Viktig produktinformation&lt;/h4&gt;&lt;br&gt;&lt;br&gt;&lt;p&gt;Inte godkänt i Europa i samband med hastighetsvarianter (45 km/h)&lt;/p&gt;&lt;br&gt;</p><ul><li>För SmartphoneHub, SmartphoneGrip (BSP3200)</li></ul><p style='margin:0 0 1em'>I förpackningen: 1 st Laddningskabel Micro USB - Lightning.</p><p style='margin:0 0 1em'>System: Bosch eBike-system 2,Det smarta systemet · Vikt: 10 g · Artikelnummer: 2123110 · EAN: 4054289000844</p><p style='margin:0 0 1em'>Original Bosch eBike-reservdel. Beställningsvara som normalt når oss inom 5–10 dagar – vi hör av oss när den finns att hämta i butiken i Årsta, eller så skickar vi den hem till dig. Osäker på om delen passar din cykel? Mejla oss en bild på din display eller ditt batteri så hjälper vi dig.</p>";"300";"25";"1";"0";"1";"1";"0";"https://raw.githubusercontent.com/erik859/cykelnatur-lokalt-lager/main/bosch-bilder/2123110.jpg";"1";"10";"Original Bosch eBike-reservdel: Laddningskabel Micro USB – Lightning (BSP3200). Beställningsvara hos Cykel & Natur i Årsta.";"Bosch Laddningskabel Micro USB – Lightning - cykelnatur.se";"4054289000844"
"2123111";"Bosch Laddningskabel Micro USB – Micro USB (BSP3200)";"Original Bosch eBike-reservdel: Laddningskabel Micro USB – Micro USB (BSP3200).";"<p style='margin:0 0 1em'>&lt;h4&gt;Viktig produktinformation&lt;/h4&gt;&lt;br&gt;&lt;br&gt;&lt;p&gt;Inte godkänt i Europa i samband med hastighetsvarianter (45 km/h)&lt;/p&gt;&lt;br&gt;</p><ul><li>För SmartphoneHub, SmartphoneGrip (BSP3200)</li></ul><p style='margin:0 0 1em'>I förpackningen: 1 st Laddningskabel Micro USB – Micro USB.</p><p style='margin:0 0 1em'>System: Bosch eBike-system 2,Det smarta systemet · Vikt: 10 g · Artikelnummer: 2123111 · EAN: 4054289000851</p><p style='margin:0 0 1em'>Original Bosch eBike-reservdel. Beställningsvara som normalt når oss inom 5–10 dagar – vi hör av oss när den finns att hämta i butiken i Årsta, eller så skickar vi den hem till dig. Osäker på om delen passar din cykel? Mejla oss en bild på din display eller ditt batteri så hjälper vi dig.</p>";"120";"25";"1";"0";"1";"1";"0";"https://raw.githubusercontent.com/erik859/cykelnatur-lokalt-lager/main/bosch-bilder/2123111.jpg";"1";"10";"Original Bosch eBike-reservdel: Laddningskabel Micro USB – Micro USB (BSP3200). Beställningsvara hos Cykel & Natur i Årsta.";"Bosch Laddningskabel Micro USB – Micro USB - cykelnatur.se";"4054289000851"
"2123112";"Bosch Laddningskabel Micro USB – USB-C® (BSP3200)";"Original Bosch eBike-reservdel: Laddningskabel Micro USB – USB-C® (BSP3200).";"<p style='margin:0 0 1em'>&lt;h4&gt;Viktig produktinformation&lt;/h4&gt;&lt;br&gt;&lt;br&gt;&lt;p&gt;Inte godkänt i Europa i samband med hastighetsvarianter (45 km/h)&lt;/p&gt;&lt;br&gt;</p><ul><li>För SmartphoneHub, SmartphoneGrip (BSP3200)</li></ul><p style='margin:0 0 1em'>I förpackningen: 1 st Laddningskabel Micro USB – USB-C®.</p><p style='margin:0 0 1em'>System: Bosch eBike-system 2,Det smarta systemet · Vikt: 10 g · Artikelnummer: 2123112 · EAN: 4054289000868</p><p style='margin:0 0 1em'>Original Bosch eBike-reservdel. Beställningsvara som normalt når oss inom 5–10 dagar – vi hör av oss när den finns att hämta i butiken i Årsta, eller så skickar vi den hem till dig. Osäker på om delen passar din cykel? Mejla oss en bild på din display eller ditt batteri så hjälper vi dig.</p>";"120";"25";"1";"0";"1";"1";"0";"https://raw.githubusercontent.com/erik859/cykelnatur-lokalt-lager/main/bosch-bilder/2123112.jpg";"1";"10";"Original Bosch eBike-reservdel: Laddningskabel Micro USB – USB-C® (BSP3200). Beställningsvara hos Cykel & Natur i Årsta.";"Bosch Laddningskabel Micro USB – USB-C® - cykelnatur.se";"4054289000868"
"2123113";"Bosch Monteringssats SmartphoneHub för styrdiameter 25,4 mm";"Original Bosch eBike-reservdel: Monteringssats SmartphoneHub för styrdiameter 25,4 mm.";"<p style='margin:0 0 1em'>I förpackningen: 2 st Klämmor, Fästmaterial, 4 st Gummidistanser för styrdiameter 25,4 mm.</p><p style='margin:0 0 1em'>System: Bosch eBike-system 2 · Vikt: 40 g · Artikelnummer: 2123113 · EAN: 4054289000875</p><p style='margin:0 0 1em'>Original Bosch eBike-reservdel. Beställningsvara som normalt når oss inom 5–10 dagar – vi hör av oss när den finns att hämta i butiken i Årsta, eller så skickar vi den hem till dig. Osäker på om delen passar din cykel? Mejla oss en bild på din display eller ditt batteri så hjälper vi dig.</p>";"155";"25";"1";"0";"1";"1";"0";"https://raw.githubusercontent.com/erik859/cykelnatur-lokalt-lager/main/bosch-bilder/2123113.jpg";"1";"40";"Original Bosch eBike-reservdel: Monteringssats SmartphoneHub för styrdiameter 25,4 mm. Beställningsvara hos Cykel & Natur i Årsta.";"Bosch Monteringssats SmartphoneHub för - cykelnatur.se";"4054289000875"
"2123114";"Bosch Monteringssats SmartphoneHub för styrdiameter 31,8 mm";"Original Bosch eBike-reservdel: Monteringssats SmartphoneHub för styrdiameter 31,8 mm.";"<p style='margin:0 0 1em'>I förpackningen: 2 st Klämmor, Fästmaterial, 4 st Gummidistanser för styrdiameter 31,8 mm.</p><p style='margin:0 0 1em'>System: Bosch eBike-system 2 · Vikt: 40 g · Artikelnummer: 2123114 · EAN: 4289000088027</p><p style='margin:0 0 1em'>Original Bosch eBike-reservdel. Beställningsvara som normalt når oss inom 5–10 dagar – vi hör av oss när den finns att hämta i butiken i Årsta, eller så skickar vi den hem till dig. Osäker på om delen passar din cykel? Mejla oss en bild på din display eller ditt batteri så hjälper vi dig.</p>";"155";"25";"1";"0";"1";"1";"0";"https://raw.githubusercontent.com/erik859/cykelnatur-lokalt-lager/main/bosch-bilder/2123114.jpg";"1";"40";"Original Bosch eBike-reservdel: Monteringssats SmartphoneHub för styrdiameter 31,8 mm. Beställningsvara hos Cykel & Natur i Årsta.";"Bosch Monteringssats SmartphoneHub 2123114 - cykelnatur.se";"4289000088027"
"2123115";"Bosch Monteringssats SmartphoneHub för styrdiameter 35,0 mm";"Original Bosch eBike-reservdel: Monteringssats SmartphoneHub för styrdiameter 35,0 mm.";"<p style='margin:0 0 1em'>I förpackningen: 2 st Klämmor, Fästmaterial, 4 st Gummidistanser för styrdiameter 35,0 mm.</p><p style='margin:0 0 1em'>System: Bosch eBike-system 2 · Vikt: 40 g · Artikelnummer: 2123115 · EAN: 4054289000899</p><p style='margin:0 0 1em'>Original Bosch eBike-reservdel. Beställningsvara som normalt når oss inom 5–10 dagar – vi hör av oss när den finns att hämta i butiken i Årsta, eller så skickar vi den hem till dig. Osäker på om delen passar din cykel? Mejla oss en bild på din display eller ditt batteri så hjälper vi dig.</p>";"155";"25";"1";"0";"1";"1";"0";"https://raw.githubusercontent.com/erik859/cykelnatur-lokalt-lager/main/bosch-bilder/2123115.jpg";"1";"40";"Original Bosch eBike-reservdel: Monteringssats SmartphoneHub för styrdiameter 35,0 mm. Beställningsvara hos Cykel & Natur i Årsta.";"Bosch Monteringssats SmartphoneHub 2123115 - cykelnatur.se";"4054289000899"
"2123116";"Bosch Monteringsadapter SmartphoneHub";"Original Bosch eBike-reservdel: Monteringsadapter SmartphoneHub.";"<p style='margin:0 0 1em'>&lt;p&gt;Adaptern skruvas fast i den speciella fästplattan.&lt;br /&gt;&lt;br&gt;På så vis flyttas SmartphoneHub längre fram, vilket även spar plats på styret.&lt;/p&gt;&lt;br&gt;</p><ul><li>För montering krävs en speciell fästplatta (ej tillgänglig från Bosch eBike Systems). Sådana delar finns t.ex. hos Ergotec</li></ul><p style='margin:0 0 1em'>I förpackningen: 1 st Monteringsadapter SmartphoneHub.</p><p style='margin:0 0 1em'>System: Bosch eBike-system 2 · Vikt: 15 g · Artikelnummer: 2123116 · EAN: 4054289000905</p><p style='margin:0 0 1em'>Original Bosch eBike-reservdel. Beställningsvara som normalt når oss inom 5–10 dagar – vi hör av oss när den finns att hämta i butiken i Årsta, eller så skickar vi den hem till dig. Osäker på om delen passar din cykel? Mejla oss en bild på din display eller ditt batteri så hjälper vi dig.</p>";"95";"25";"1";"0";"1";"1";"0";"https://raw.githubusercontent.com/erik859/cykelnatur-lokalt-lager/main/bosch-bilder/2123116.jpg";"1";"15";"Original Bosch eBike-reservdel: Monteringsadapter SmartphoneHub. Beställningsvara hos Cykel & Natur i Årsta.";"Bosch Monteringsadapter SmartphoneHub - cykelnatur.se";"4054289000905"
"2123118";"Bosch Gummidistanssats SmartphoneHub";"Original Bosch eBike-reservdel: Gummidistanssats SmartphoneHub.";"<p style='margin:0 0 1em'>I förpackningen: 4 st Gummidistanser 25,4 mm, 4 st Gummidistanser 31,8 mm, 4 st Gummidistanser 35,0 mm.</p><p style='margin:0 0 1em'>System: Bosch eBike-system 2 · Vikt: 10 g · Artikelnummer: 2123118 · EAN: 4054289000929</p><p style='margin:0 0 1em'>Original Bosch eBike-reservdel. Beställningsvara som normalt når oss inom 5–10 dagar – vi hör av oss när den finns att hämta i butiken i Årsta, eller så skickar vi den hem till dig. Osäker på om delen passar din cykel? Mejla oss en bild på din display eller ditt batteri så hjälper vi dig.</p>";"71";"25";"1";"0";"1";"1";"0";"https://raw.githubusercontent.com/erik859/cykelnatur-lokalt-lager/main/bosch-bilder/2123118.jpg";"1";"10";"Original Bosch eBike-reservdel: Gummidistanssats SmartphoneHub. Beställningsvara hos Cykel & Natur i Årsta.";"Bosch Gummidistanssats SmartphoneHub - cykelnatur.se";"4054289000929"
"2123119";"Bosch Skruvsats SmartphoneHub";"Original Bosch eBike-reservdel: Skruvsats SmartphoneHub.";"<p style='margin:0 0 1em'>I förpackningen: 1 st Skruv ledningsanslutning M3x6, 2 st Låsskruvar Universal Mount M2,5x5.</p><p style='margin:0 0 1em'>System: Bosch eBike-system 2 · Vikt: 3 g · Artikelnummer: 2123119 · EAN: 4054289000936</p><p style='margin:0 0 1em'>Original Bosch eBike-reservdel. Beställningsvara som normalt når oss inom 5–10 dagar – vi hör av oss när den finns att hämta i butiken i Årsta, eller så skickar vi den hem till dig. Osäker på om delen passar din cykel? Mejla oss en bild på din display eller ditt batteri så hjälper vi dig.</p>";"59";"25";"1";"0";"1";"1";"0";"https://raw.githubusercontent.com/erik859/cykelnatur-lokalt-lager/main/bosch-bilder/2123119.jpg";"1";"3";"Original Bosch eBike-reservdel: Skruvsats SmartphoneHub. Beställningsvara hos Cykel & Natur i Årsta.";"Bosch Skruvsats SmartphoneHub - cykelnatur.se";"4054289000936"
"2123121";"Bosch USB-lock laddningsuttag SmartphoneHub";"Original Bosch eBike-reservdel: USB-lock laddningsuttag SmartphoneHub.";"<p style='margin:0 0 1em'>I förpackningen: 1 st USB-lock laddningsuttag SmartphoneHub.</p><p style='margin:0 0 1em'>System: Bosch eBike-system 2 · Vikt: 3 g · Artikelnummer: 2123121 · EAN: 4054289001148</p><p style='margin:0 0 1em'>Original Bosch eBike-reservdel. Beställningsvara som normalt når oss inom 5–10 dagar – vi hör av oss när den finns att hämta i butiken i Årsta, eller så skickar vi den hem till dig. Osäker på om delen passar din cykel? Mejla oss en bild på din display eller ditt batteri så hjälper vi dig.</p>";"35";"25";"1";"0";"1";"1";"0";"https://raw.githubusercontent.com/erik859/cykelnatur-lokalt-lager/main/bosch-bilder/2123121.jpg";"1";"3";"Original Bosch eBike-reservdel: USB-lock laddningsuttag SmartphoneHub. Beställningsvara hos Cykel & Natur i Årsta.";"Bosch USB-lock laddningsuttag SmartphoneHub - cykelnatur.se";"4054289001148"
"2123124";"Bosch Kabel PowerTube 1200 mm (BCH286)";"Original Bosch eBike-reservdel: Kabel PowerTube 1200 mm (BCH286).";"<p style='margin:0 0 1em'>I förpackningen: 1 st Kabel PowerTube, 1200 mm.</p><p style='margin:0 0 1em'>System: Bosch eBike-system 2 · Vikt: 137 g · Artikelnummer: 2123124 · EAN: 4054289001278</p><p style='margin:0 0 1em'>Original Bosch eBike-reservdel. Beställningsvara som normalt når oss inom 5–10 dagar – vi hör av oss när den finns att hämta i butiken i Årsta, eller så skickar vi den hem till dig. Osäker på om delen passar din cykel? Mejla oss en bild på din display eller ditt batteri så hjälper vi dig.</p>";"485";"25";"1";"0";"1";"1";"0";"https://raw.githubusercontent.com/erik859/cykelnatur-lokalt-lager/main/bosch-bilder/2123124.jpg";"1";"137";"Original Bosch eBike-reservdel: Kabel PowerTube 1200 mm (BCH286). Beställningsvara hos Cykel & Natur i Årsta.";"Bosch Kabel PowerTube 1200 mm (BCH286) - cykelnatur.se";"4054289001278"
"2123125";"Bosch Hastighetssensor Drive Unit, 1610 mm";"Original Bosch eBike-reservdel: Hastighetssensor Drive Unit, 1610 mm.";"<p style='margin:0 0 1em'>&lt;h4&gt;Viktig produktinformation&lt;/h4&gt;&lt;br&gt;&lt;br&gt;&lt;p&gt;Funktion garanteras endast i kombination med original Ekermagnet 1270015931!&lt;/p&gt;</p><p style='margin:0 0 1em'>I förpackningen: 1 st Hastighetssensor Drive Unit, 1610 mm.</p><p style='margin:0 0 1em'>System: Bosch eBike-system 2,Classic+ · Vikt: 20 g · Artikelnummer: 2123125 · EAN: 4054289001261</p><p style='margin:0 0 1em'>Original Bosch eBike-reservdel. Beställningsvara som normalt når oss inom 5–10 dagar – vi hör av oss när den finns att hämta i butiken i Årsta, eller så skickar vi den hem till dig. Osäker på om delen passar din cykel? Mejla oss en bild på din display eller ditt batteri så hjälper vi dig.</p>";"360";"25";"1";"0";"1";"1";"0";"https://raw.githubusercontent.com/erik859/cykelnatur-lokalt-lager/main/bosch-bilder/2123125.jpg";"1";"20";"Original Bosch eBike-reservdel: Hastighetssensor Drive Unit, 1610 mm. Beställningsvara hos Cykel & Natur i Årsta.";"Bosch Hastighetssensor Drive Unit, 1610 mm - cykelnatur.se";"4054289001261"
"2123126";"Bosch Designkåpa Cargo Line, vänster (BDU4XX)";"Original Bosch eBike-reservdel: Designkåpa Cargo Line, vänster (BDU4XX).";"<p style='margin:0 0 1em'>I förpackningen: 1 st Designkåpa.</p><p style='margin:0 0 1em'>System: Bosch eBike-system 2 · Vikt: 60 g · Artikelnummer: 2123126 · EAN: 4054289000721</p><p style='margin:0 0 1em'>Original Bosch eBike-reservdel. Beställningsvara som normalt når oss inom 5–10 dagar – vi hör av oss när den finns att hämta i butiken i Årsta, eller så skickar vi den hem till dig. Osäker på om delen passar din cykel? Mejla oss en bild på din display eller ditt batteri så hjälper vi dig.</p>";"315";"25";"1";"0";"1";"1";"0";"https://raw.githubusercontent.com/erik859/cykelnatur-lokalt-lager/main/bosch-bilder/2123126.jpg";"1";"60";"Original Bosch eBike-reservdel: Designkåpa Cargo Line, vänster (BDU4XX). Beställningsvara hos Cykel & Natur i Årsta.";"Bosch Designkåpa Cargo Line, vänster - cykelnatur.se";"4054289000721"
"2123130";"Bosch Servicesats filtring (BDU2XX)";"Original Bosch eBike-reservdel: Servicesats filtring (BDU2XX).";"<p style='margin:0 0 1em'>&lt;h4&gt;Viktig produktinformation&lt;/h4&gt;&lt;br&gt;&lt;br&gt;&lt;p&gt;Limfettet är inte längre en del av servicekitet. Använd istället ett likvärdigt, icke-vattenlösligt limfett baserat på kalciumtvål enligt NLGI klass 2 (arbetstemperatur: -30/+120 °C, droppunkt: 180 °C, densitet: 0,89 g/ml (25,00 °C)). För mer information hittar du det du behöver i &lt;a href=http://b2b.bosch-ebike.com/en/en/downloads?search=Grease&amp;page=1&gt;monteringsanvisningen&lt;/a&gt;.&lt;/p&gt;&lt;br&gt;&lt;br&gt;&lt;p&gt;Under övergångsfasen kan vi inte påverka om du får ett kit med eller utan tub!&lt;/p&gt;&lt;br&gt;&lt;br&gt;&lt;p&gt;&lt;a href=http://b2b.mbps.eu/sv/EUR/product/2124782/Schmierfix_vidh%C3%A4ftande_sm%C3%B6rjfett,_50_g&gt;Här&lt;/a&gt; hittar du ett lämpligt smörjfett.&lt;/p&gt;&lt;br&gt;</p><ul><li>Skyddar lager L2 på Drive Unit</li></ul><p style='margin:0 0 1em'>I förpackningen: 5 st Filtringar, 5 st Säkringsringar.</p><p style='margin:0 0 1em'>System: Bosch eBike-system 2 · Vikt: 60 g · Artikelnummer: 2123130 · EAN: 4054289001315</p><p style='margin:0 0 1em'>Original Bosch eBike-reservdel. Beställningsvara som normalt når oss inom 5–10 dagar – vi hör av oss när den finns att hämta i butiken i Årsta, eller så skickar vi den hem till dig. Osäker på om delen passar din cykel? Mejla oss en bild på din display eller ditt batteri så hjälper vi dig.</p>";"155";"25";"1";"0";"1";"1";"0";"https://raw.githubusercontent.com/erik859/cykelnatur-lokalt-lager/main/bosch-bilder/2123130.jpg";"1";"60";"Original Bosch eBike-reservdel: Servicesats filtring (BDU2XX). Beställningsvara hos Cykel & Natur i Årsta.";"Bosch Servicesats filtring (BDU2XX) - cykelnatur.se";"4054289001315"
"2123362";"Bosch Magnet centerlock (BDU3XX, BDU4XX, det smarta systemet)";"Original Bosch eBike-reservdel: Magnet centerlock (BDU3XX, BDU4XX, det smarta systemet).";"<p style='margin:0 0 1em'>&lt;h4&gt;Viktig produktinformation&lt;/h4&gt;&lt;br&gt;&lt;br&gt;&lt;p&gt;Funktion garanteras endast i kombination med original hastighetssensor Drive Unit Slim!&lt;/p&gt;&lt;br&gt;</p><p style='margin:0 0 1em'>I förpackningen: 1 st Magnet Centerlock.</p><p style='margin:0 0 1em'>System: Bosch eBike-system 2,Det smarta systemet · Vikt: 6 g · Artikelnummer: 2123362 · EAN: 4054289001520</p><p style='margin:0 0 1em'>Original Bosch eBike-reservdel. Beställningsvara som normalt når oss inom 5–10 dagar – vi hör av oss när den finns att hämta i butiken i Årsta, eller så skickar vi den hem till dig. Osäker på om delen passar din cykel? Mejla oss en bild på din display eller ditt batteri så hjälper vi dig.</p>";"120";"25";"1";"0";"1";"1";"0";"https://raw.githubusercontent.com/erik859/cykelnatur-lokalt-lager/main/bosch-bilder/2123362.jpg";"1";"6";"Original Bosch eBike-reservdel: Magnet centerlock (BDU3XX, BDU4XX, det smarta systemet). Beställningsvara hos Cykel & Natur i Årsta.";"Bosch Magnet centerlock - cykelnatur.se";"4054289001520"
"2123363";"Bosch Magnet 6-håls (BDU3XX, BDU4XX, BDU37YY)";"Original Bosch eBike-reservdel: Magnet 6-håls (BDU3XX, BDU4XX, BDU37YY).";"<p style='margin:0 0 1em'>&lt;h4&gt;Viktig produktinformation&lt;/h4&gt;&lt;br&gt;&lt;br&gt;&lt;p&gt;Funktion garanteras endast i kombination med original Hastighetssensor Drive Unit Slim!&lt;/p&gt;</p><p style='margin:0 0 1em'>I förpackningen: 1 st Magnet 6-håls.</p><p style='margin:0 0 1em'>System: Bosch eBike-system 2,Det smarta systemet · Vikt: 5 g · Artikelnummer: 2123363 · EAN: 4054289001513</p><p style='margin:0 0 1em'>Original Bosch eBike-reservdel. Beställningsvara som normalt når oss inom 5–10 dagar – vi hör av oss när den finns att hämta i butiken i Årsta, eller så skickar vi den hem till dig. Osäker på om delen passar din cykel? Mejla oss en bild på din display eller ditt batteri så hjälper vi dig.</p>";"120";"25";"1";"0";"1";"1";"0";"https://raw.githubusercontent.com/erik859/cykelnatur-lokalt-lager/main/bosch-bilder/2123363.jpg";"1";"5";"Original Bosch eBike-reservdel: Magnet 6-håls (BDU3XX, BDU4XX, BDU37YY). Beställningsvara hos Cykel & Natur i Årsta.";"Bosch Magnet 6-håls - cykelnatur.se";"4054289001513"
"2123364";"Bosch Kabel strömförsörjning tredjepartsapplikation 200 mm";"Original Bosch eBike-reservdel: Kabel strömförsörjning tredjepartsapplikation 200 mm.";"<ul><li>För anslutning till det lediga strömuttaget på BDU4XX för matning av anslutna förbrukare ABS</li></ul><p style='margin:0 0 1em'>I förpackningen: 1 st Kabel strömförsörjning tredjepartsapplikation, 200 mm.</p><p style='margin:0 0 1em'>System: Bosch eBike-system 2 · Vikt: 6 g · Artikelnummer: 2123364 · EAN: 4054289001568</p><p style='margin:0 0 1em'>Original Bosch eBike-reservdel. Beställningsvara som normalt når oss inom 5–10 dagar – vi hör av oss när den finns att hämta i butiken i Årsta, eller så skickar vi den hem till dig. Osäker på om delen passar din cykel? Mejla oss en bild på din display eller ditt batteri så hjälper vi dig.</p>";"145";"25";"1";"0";"1";"1";"0";"https://raw.githubusercontent.com/erik859/cykelnatur-lokalt-lager/main/bosch-bilder/2123364.jpg";"1";"6";"Original Bosch eBike-reservdel: Kabel strömförsörjning tredjepartsapplikation 200 mm. Beställningsvara hos Cykel & Natur i Årsta.";"Bosch Kabel strömförsörjning 2123364 - cykelnatur.se";"4054289001568"
"2123365";"Bosch Ljuskabel strålkastare 200 mm";"Original Bosch eBike-reservdel: Ljuskabel strålkastare 200 mm.";"<p style='margin:0 0 1em'>I förpackningen: 1 st Ljuskabel strålkastare, 200 mm.</p><p style='margin:0 0 1em'>System: Bosch eBike-system 2,Classic+ · Vikt: 27 g · Artikelnummer: 2123365 · EAN: 4054289001575</p><p style='margin:0 0 1em'>Original Bosch eBike-reservdel. Beställningsvara som normalt når oss inom 5–10 dagar – vi hör av oss när den finns att hämta i butiken i Årsta, eller så skickar vi den hem till dig. Osäker på om delen passar din cykel? Mejla oss en bild på din display eller ditt batteri så hjälper vi dig.</p>";"120";"25";"1";"0";"1";"1";"0";"https://raw.githubusercontent.com/erik859/cykelnatur-lokalt-lager/main/bosch-bilder/2123365.jpg";"1";"27";"Original Bosch eBike-reservdel: Ljuskabel strålkastare 200 mm. Beställningsvara hos Cykel & Natur i Årsta.";"Bosch Ljuskabel strålkastare 200 mm - cykelnatur.se";"4054289001575"
"2123366";"Bosch Belysningskabel bakljus 200 mm";"Original Bosch eBike-reservdel: Belysningskabel bakljus 200 mm.";"<p style='margin:0 0 1em'>I förpackningen: 1 st Belysningskabel bakljus, 200 mm.</p><p style='margin:0 0 1em'>System: Bosch eBike-system 2,Classic+ · Vikt: 5 g · Artikelnummer: 2123366 · EAN: 4054289001582</p><p style='margin:0 0 1em'>Original Bosch eBike-reservdel. Beställningsvara som normalt når oss inom 5–10 dagar – vi hör av oss när den finns att hämta i butiken i Årsta, eller så skickar vi den hem till dig. Osäker på om delen passar din cykel? Mejla oss en bild på din display eller ditt batteri så hjälper vi dig.</p>";"120";"25";"1";"0";"1";"1";"0";"https://raw.githubusercontent.com/erik859/cykelnatur-lokalt-lager/main/bosch-bilder/2123366.jpg";"1";"5";"Original Bosch eBike-reservdel: Belysningskabel bakljus 200 mm. Beställningsvara hos Cykel & Natur i Årsta.";"Bosch Belysningskabel bakljus 200 mm - cykelnatur.se";"4054289001582"
"2123367";"Bosch Nyon display (BUI350)";"Original Bosch eBike-reservdel: Nyon display (BUI350).";"<p style='margin:0 0 1em'>&lt;h4&gt;Viktig produktinformation&lt;/h4&gt;&lt;br&gt;&lt;br&gt;&lt;p&gt;Det finns inte längre något eftermonteringskit för Nyon BUI350. Tillgängliga enskilda komponenter listas under ”Passande artiklar”.&lt;/p&gt;&lt;br&gt;</p><p style='margin:0 0 1em'>I förpackningen: 1 st Nyon display, 1 st Bruks- och monteringsanvisning.</p><p style='margin:0 0 1em'>System: Bosch eBike-system 2 · Vikt: 420 g · Artikelnummer: 2123367 · EAN: 4054289001384</p><p style='margin:0 0 1em'>Original Bosch eBike-reservdel. Beställningsvara som normalt når oss inom 5–10 dagar – vi hör av oss när den finns att hämta i butiken i Årsta, eller så skickar vi den hem till dig. Osäker på om delen passar din cykel? Mejla oss en bild på din display eller ditt batteri så hjälper vi dig.</p>";"4649";"25";"1";"0";"1";"1";"0";"https://raw.githubusercontent.com/erik859/cykelnatur-lokalt-lager/main/bosch-bilder/2123367.jpg";"1";"420";"Original Bosch eBike-reservdel: Nyon display (BUI350). Beställningsvara hos Cykel & Natur i Årsta.";"Bosch Nyon display (BUI350) - cykelnatur.se";"4054289001384"
"2123368";"Bosch Sats med skruvar Nyon (BUI350)";"Original Bosch eBike-reservdel: Sats med skruvar Nyon (BUI350).";"<p style='margin:0 0 1em'>I förpackningen: 2 st Skruvar M3x5 (ledningsanslutning), 4 st Skruvar M3x6 (monteringsplatta), 4 st Skruvar M3x10 (klämhållare), 1 st Skruv M3x5 (stöldskydd).</p><p style='margin:0 0 1em'>System: Bosch eBike-system 2 · Vikt: 6 g · Artikelnummer: 2123368 · EAN: 4054289001469</p><p style='margin:0 0 1em'>Original Bosch eBike-reservdel. Beställningsvara som normalt når oss inom 5–10 dagar – vi hör av oss när den finns att hämta i butiken i Årsta, eller så skickar vi den hem till dig. Osäker på om delen passar din cykel? Mejla oss en bild på din display eller ditt batteri så hjälper vi dig.</p>";"59";"25";"1";"0";"1";"1";"0";"https://raw.githubusercontent.com/erik859/cykelnatur-lokalt-lager/main/bosch-bilder/2123368.jpg";"1";"6";"Original Bosch eBike-reservdel: Sats med skruvar Nyon (BUI350). Beställningsvara hos Cykel & Natur i Årsta.";"Bosch Sats med skruvar Nyon (BUI350) - cykelnatur.se";"4054289001469"
"2123369";"Bosch Monteringsplatta Nyon (BUI350)";"Original Bosch eBike-reservdel: Monteringsplatta Nyon (BUI350).";"<h3>Finns tillgänglig separat</h3><ul><li>Skruvsats 1270020453</li></ul><p style='margin:0 0 1em'>I förpackningen: 1 st Monteringsplatta Nyon (BUI350).</p><p style='margin:0 0 1em'>System: Bosch eBike-system 2 · Vikt: 45 g · Artikelnummer: 2123369 · EAN: 4054289001391</p><p style='margin:0 0 1em'>Original Bosch eBike-reservdel. Beställningsvara som normalt når oss inom 5–10 dagar – vi hör av oss när den finns att hämta i butiken i Årsta, eller så skickar vi den hem till dig. Osäker på om delen passar din cykel? Mejla oss en bild på din display eller ditt batteri så hjälper vi dig.</p>";"240";"25";"1";"0";"1";"1";"0";"https://raw.githubusercontent.com/erik859/cykelnatur-lokalt-lager/main/bosch-bilder/2123369.jpg";"1";"45";"Original Bosch eBike-reservdel: Monteringsplatta Nyon (BUI350). Beställningsvara hos Cykel & Natur i Årsta.";"Bosch Monteringsplatta Nyon (BUI350) - cykelnatur.se";"4054289001391"
"2123370";"Bosch Hastighetssensor Drive Unit Slim, 615 mm (BDU3XX, BDU4XX)";"Original Bosch eBike-reservdel: Hastighetssensor Drive Unit Slim, 615 mm (BDU3XX, BDU4XX).";"<p style='margin:0 0 1em'>&lt;h4&gt;Viktig produktinformation&lt;/h4&gt;&lt;br&gt;&lt;br&gt;&lt;p&gt;Funktion garanteras endast i kombination med original Ekermagnet 1270015931!&lt;/p&gt;&lt;br&gt;</p><ul><li>Ramen behöver en motsvarande gaffelände!</li></ul><p style='margin:0 0 1em'>I förpackningen: 1 st Hastighetssensor Drive Unit Slim, 615 mm.</p><p style='margin:0 0 1em'>System: Bosch eBike-system 2 · Vikt: 20 g · Artikelnummer: 2123370 · EAN: 4054289001490</p><p style='margin:0 0 1em'>Original Bosch eBike-reservdel. Beställningsvara som normalt når oss inom 5–10 dagar – vi hör av oss när den finns att hämta i butiken i Årsta, eller så skickar vi den hem till dig. Osäker på om delen passar din cykel? Mejla oss en bild på din display eller ditt batteri så hjälper vi dig.</p>";"315";"25";"1";"0";"1";"1";"0";"https://raw.githubusercontent.com/erik859/cykelnatur-lokalt-lager/main/bosch-bilder/2123370.jpg";"1";"20";"Original Bosch eBike-reservdel: Hastighetssensor Drive Unit Slim, 615 mm (BDU3XX, BDU4XX). Beställningsvara hos Cykel & Natur i Årsta.";"Bosch Hastighetssensor Drive Unit Slim, 615 - cykelnatur.se";"4054289001490"
"2123371";"Bosch Hastighetssensor Drive Unit Slim, 815 mm (BDU3XX, BDU4XX)";"Original Bosch eBike-reservdel: Hastighetssensor Drive Unit Slim, 815 mm (BDU3XX, BDU4XX).";"<p style='margin:0 0 1em'>&lt;h4&gt;Viktig produktinformation&lt;/h4&gt;&lt;br&gt;&lt;br&gt;&lt;p&gt;Funktion garanteras endast i kombination med original Ekermagnet 1270015931!&lt;/p&gt;</p><ul><li>Ramen behöver en motsvarande gaffelände!</li></ul><p style='margin:0 0 1em'>I förpackningen: 1 st Hastighetssensor Drive Unit Slim, 815 mm.</p><p style='margin:0 0 1em'>System: Bosch eBike-system 2 · Vikt: 20 g · Artikelnummer: 2123371 · EAN: 4054289001506</p><p style='margin:0 0 1em'>Original Bosch eBike-reservdel. Beställningsvara som normalt når oss inom 5–10 dagar – vi hör av oss när den finns att hämta i butiken i Årsta, eller så skickar vi den hem till dig. Osäker på om delen passar din cykel? Mejla oss en bild på din display eller ditt batteri så hjälper vi dig.</p>";"315";"25";"1";"0";"1";"1";"0";"https://raw.githubusercontent.com/erik859/cykelnatur-lokalt-lager/main/bosch-bilder/2123371.jpg";"1";"20";"Original Bosch eBike-reservdel: Hastighetssensor Drive Unit Slim, 815 mm (BDU3XX, BDU4XX). Beställningsvara hos Cykel & Natur i Årsta.";"Bosch Hastighetssensor Drive Unit Slim, 815 - cykelnatur.se";"4054289001506"
"2123372";"Bosch Sats med klämhållare (BDU3XX, BDU4XX, det smarta systemet)";"Original Bosch eBike-reservdel: Sats med klämhållare (BDU3XX, BDU4XX, det smarta systemet).";"<ul><li>Passar till hastighetssensor Drive Unit Slim</li></ul><p style='margin:0 0 1em'>I förpackningen: 1 st Klämhållare, 1 st Skruv M4x10, Torx T20.</p><p style='margin:0 0 1em'>System: Bosch eBike-system 2,Det smarta systemet · Vikt: 3 g · Artikelnummer: 2123372 · EAN: 4054289001537</p><p style='margin:0 0 1em'>Original Bosch eBike-reservdel. Beställningsvara som normalt når oss inom 5–10 dagar – vi hör av oss när den finns att hämta i butiken i Årsta, eller så skickar vi den hem till dig. Osäker på om delen passar din cykel? Mejla oss en bild på din display eller ditt batteri så hjälper vi dig.</p>";"35";"25";"1";"0";"1";"1";"0";"https://raw.githubusercontent.com/erik859/cykelnatur-lokalt-lager/main/bosch-bilder/2123372.jpg";"1";"3";"Original Bosch eBike-reservdel: Sats med klämhållare (BDU3XX, BDU4XX, det smarta systemet). Beställningsvara hos Cykel & Natur i Årsta.";"Bosch Sats med klämhållare - cykelnatur.se";"4054289001537"
"2123373";"Bosch USB-lock Nyon (BUI350)";"Original Bosch eBike-reservdel: USB-lock Nyon (BUI350).";"<ul><li>För laddningsuttag</li></ul><p style='margin:0 0 1em'>I förpackningen: 1 st USB-lock Nyon (BUI350).</p><p style='margin:0 0 1em'>System: Bosch eBike-system 2 · Vikt: 2 g · Artikelnummer: 2123373 · EAN: 4054289001452</p><p style='margin:0 0 1em'>Original Bosch eBike-reservdel. Beställningsvara som normalt når oss inom 5–10 dagar – vi hör av oss när den finns att hämta i butiken i Årsta, eller så skickar vi den hem till dig. Osäker på om delen passar din cykel? Mejla oss en bild på din display eller ditt batteri så hjälper vi dig.</p>";"35";"25";"1";"0";"1";"1";"0";"https://raw.githubusercontent.com/erik859/cykelnatur-lokalt-lager/main/bosch-bilder/2123373.jpg";"1";"2";"Original Bosch eBike-reservdel: USB-lock Nyon (BUI350). Beställningsvara hos Cykel & Natur i Årsta.";"Bosch USB-lock Nyon (BUI350) - cykelnatur.se";"4054289001452"
"2123374";"Bosch Displayhållare Nyon (BUI350)";"Original Bosch eBike-reservdel: Displayhållare Nyon (BUI350).";"<h3>Finns tillgänglig separat</h3><ul><li>Klämhållare (8613012697)</li><li>Skruvar (Sats 1270020453)</li></ul><p style='margin:0 0 1em'>I förpackningen: 1 st Displayhållare Nyon (BUI350).</p><p style='margin:0 0 1em'>System: Bosch eBike-system 2 · Vikt: 30 g · Artikelnummer: 2123374 · EAN: 4054289001407</p><p style='margin:0 0 1em'>Original Bosch eBike-reservdel. Beställningsvara som normalt når oss inom 5–10 dagar – vi hör av oss när den finns att hämta i butiken i Årsta, eller så skickar vi den hem till dig. Osäker på om delen passar din cykel? Mejla oss en bild på din display eller ditt batteri så hjälper vi dig.</p>";"360";"25";"1";"0";"1";"1";"0";"https://raw.githubusercontent.com/erik859/cykelnatur-lokalt-lager/main/bosch-bilder/2123374.jpg";"1";"30";"Original Bosch eBike-reservdel: Displayhållare Nyon (BUI350). Beställningsvara hos Cykel & Natur i Årsta.";"Bosch Displayhållare Nyon (BUI350) - cykelnatur.se";"4054289001407"
"2123375";"Bosch Klämhållare Nyon (BUI350)";"Original Bosch eBike-reservdel: Klämhållare Nyon (BUI350).";"<p style='margin:0 0 1em'>&lt;p&gt;2 klämmor behövs för att fästa&lt;/p&gt;</p><h3>Kan beställas separat</h3><ul><li>Skruvsats 1270020453</li></ul><p style='margin:0 0 1em'>I förpackningen: 1 st Klämhållare Nyon (BUI350).</p><p style='margin:0 0 1em'>System: Bosch eBike-system 2 · Vikt: 5 g · Artikelnummer: 2123375 · EAN: 4054289001414</p><p style='margin:0 0 1em'>Original Bosch eBike-reservdel. Beställningsvara som normalt når oss inom 5–10 dagar – vi hör av oss när den finns att hämta i butiken i Årsta, eller så skickar vi den hem till dig. Osäker på om delen passar din cykel? Mejla oss en bild på din display eller ditt batteri så hjälper vi dig.</p>";"59";"25";"1";"0";"1";"1";"0";"https://raw.githubusercontent.com/erik859/cykelnatur-lokalt-lager/main/bosch-bilder/2123375.jpg";"1";"5";"Original Bosch eBike-reservdel: Klämhållare Nyon (BUI350). Beställningsvara hos Cykel & Natur i Årsta.";"Bosch Klämhållare Nyon (BUI350) - cykelnatur.se";"4054289001414"
"2123376";"Bosch Sats med gummidistanser för displayhållare 35,0 mm Nyon (BUI350)";"Original Bosch eBike-reservdel: Sats med gummidistanser för displayhållare 35,0 mm Nyon (BUI350).";"<p style='margin:0 0 1em'>I förpackningen: 4 st för styrdiameter 35,0 mm.</p><p style='margin:0 0 1em'>System: Bosch eBike-system 2 · Vikt: 4 g · Artikelnummer: 2123376 · EAN: 4054289001421</p><p style='margin:0 0 1em'>Original Bosch eBike-reservdel. Beställningsvara som normalt når oss inom 5–10 dagar – vi hör av oss när den finns att hämta i butiken i Årsta, eller så skickar vi den hem till dig. Osäker på om delen passar din cykel? Mejla oss en bild på din display eller ditt batteri så hjälper vi dig.</p>";"35";"25";"1";"0";"1";"1";"0";"https://raw.githubusercontent.com/erik859/cykelnatur-lokalt-lager/main/bosch-bilder/2123376.jpg";"1";"4";"Original Bosch eBike-reservdel: Sats med gummidistanser för displayhållare 35,0 mm Nyon (BUI350). Beställningsvara hos Cykel & Natur i Årsta.";"Bosch Sats med gummidistanser för 2123376 - cykelnatur.se";"4054289001421"
"2123377";"Bosch Sats med gummidistanser för displayhållare 31,8 mm Nyon (BUI350)";"Original Bosch eBike-reservdel: Sats med gummidistanser för displayhållare 31,8 mm Nyon (BUI350).";"<p style='margin:0 0 1em'>I förpackningen: 4 st för styrdiameter 31,8 mm.</p><p style='margin:0 0 1em'>System: Bosch eBike-system 2 · Vikt: 6 g · Artikelnummer: 2123377 · EAN: 4054289001438</p><p style='margin:0 0 1em'>Original Bosch eBike-reservdel. Beställningsvara som normalt når oss inom 5–10 dagar – vi hör av oss när den finns att hämta i butiken i Årsta, eller så skickar vi den hem till dig. Osäker på om delen passar din cykel? Mejla oss en bild på din display eller ditt batteri så hjälper vi dig.</p>";"35";"25";"1";"0";"1";"1";"0";"https://raw.githubusercontent.com/erik859/cykelnatur-lokalt-lager/main/bosch-bilder/2123377.jpg";"1";"6";"Original Bosch eBike-reservdel: Sats med gummidistanser för displayhållare 31,8 mm Nyon (BUI350). Beställningsvara hos Cykel & Natur i Årsta.";"Bosch Sats med gummidistanser för 2123377 - cykelnatur.se";"4054289001438"
"2123378";"Bosch Sats med gummidistanser för displayhållare 25,4 mm Nyon (BUI350)";"Original Bosch eBike-reservdel: Sats med gummidistanser för displayhållare 25,4 mm Nyon (BUI350).";"<p style='margin:0 0 1em'>I förpackningen: 4 st för styrdiameter 25,4 mm.</p><p style='margin:0 0 1em'>System: Bosch eBike-system 2 · Vikt: 10 g · Artikelnummer: 2123378 · EAN: 4054289001445</p><p style='margin:0 0 1em'>Original Bosch eBike-reservdel. Beställningsvara som normalt når oss inom 5–10 dagar – vi hör av oss när den finns att hämta i butiken i Årsta, eller så skickar vi den hem till dig. Osäker på om delen passar din cykel? Mejla oss en bild på din display eller ditt batteri så hjälper vi dig.</p>";"35";"25";"1";"0";"1";"1";"0";"https://raw.githubusercontent.com/erik859/cykelnatur-lokalt-lager/main/bosch-bilder/2123378.jpg";"1";"10";"Original Bosch eBike-reservdel: Sats med gummidistanser för displayhållare 25,4 mm Nyon (BUI350). Beställningsvara hos Cykel & Natur i Årsta.";"Bosch Sats med gummidistanser för 2123378 - cykelnatur.se";"4054289001445"
"2123528";"Bosch Hastighetssensor ABS 220 mm (BCH3398_220)";"Original Bosch eBike-reservdel: Hastighetssensor ABS 220 mm (BCH3398_220).";"<h3>Kompatibel med</h3><ul><li>BAS33YY</li></ul><p style='margin:0 0 1em'>I förpackningen: 1 st Hastighetssensor ABS, 220 mm.</p><p style='margin:0 0 1em'>System: Det smarta systemet · Vikt: 45 g · Artikelnummer: 2123528 · EAN: 4054289006464</p><p style='margin:0 0 1em'>Original Bosch eBike-reservdel. Beställningsvara som normalt når oss inom 5–10 dagar – vi hör av oss när den finns att hämta i butiken i Årsta, eller så skickar vi den hem till dig. Osäker på om delen passar din cykel? Mejla oss en bild på din display eller ditt batteri så hjälper vi dig.</p>";"315";"25";"1";"0";"1";"1";"0";"https://raw.githubusercontent.com/erik859/cykelnatur-lokalt-lager/main/bosch-bilder/2123528.jpg";"1";"45";"Original Bosch eBike-reservdel: Hastighetssensor ABS 220 mm (BCH3398_220). Beställningsvara hos Cykel & Natur i Årsta.";"Bosch Hastighetssensor ABS 220 mm - cykelnatur.se";"4054289006464"
"2123529";"Bosch Monteringsplatta, lång, höger (BDU37YY)";"Original Bosch eBike-reservdel: Monteringsplatta, lång, höger (BDU37YY).";"<h3>Kan beställas separat</h3><ul><li>Skruvsats monteringsplatta EB11900003</li></ul><p style='margin:0 0 1em'>I förpackningen: 1 st Monteringsplatta, lång, höger.</p><p style='margin:0 0 1em'>System: Det smarta systemet · Vikt: 30 g · Artikelnummer: 2123529 · EAN: 4054289003890</p><p style='margin:0 0 1em'>Original Bosch eBike-reservdel. Beställningsvara som normalt når oss inom 5–10 dagar – vi hör av oss när den finns att hämta i butiken i Årsta, eller så skickar vi den hem till dig. Osäker på om delen passar din cykel? Mejla oss en bild på din display eller ditt batteri så hjälper vi dig.</p>";"71";"25";"1";"0";"1";"1";"0";"https://raw.githubusercontent.com/erik859/cykelnatur-lokalt-lager/main/bosch-bilder/2123529.jpg";"1";"30";"Original Bosch eBike-reservdel: Monteringsplatta, lång, höger (BDU37YY). Beställningsvara hos Cykel & Natur i Årsta.";"Bosch Monteringsplatta, lång, höger - cykelnatur.se";"4054289003890"
"2123530";"Bosch Monteringsplatta, kort, höger (BDU37YY)";"Original Bosch eBike-reservdel: Monteringsplatta, kort, höger (BDU37YY).";"<h3>Kan beställas separat</h3><ul><li>Skruvsats monteringsplatta EB11900003</li></ul><p style='margin:0 0 1em'>I förpackningen: 1 st Monteringsplatta, kort, höger.</p><p style='margin:0 0 1em'>System: Det smarta systemet · Vikt: 12 g · Artikelnummer: 2123530 · EAN: 4054289003906</p><p style='margin:0 0 1em'>Original Bosch eBike-reservdel. Beställningsvara som normalt når oss inom 5–10 dagar – vi hör av oss när den finns att hämta i butiken i Årsta, eller så skickar vi den hem till dig. Osäker på om delen passar din cykel? Mejla oss en bild på din display eller ditt batteri så hjälper vi dig.</p>";"47";"25";"1";"0";"1";"1";"0";"https://raw.githubusercontent.com/erik859/cykelnatur-lokalt-lager/main/bosch-bilder/2123530.jpg";"1";"12";"Original Bosch eBike-reservdel: Monteringsplatta, kort, höger (BDU37YY). Beställningsvara hos Cykel & Natur i Årsta.";"Bosch Monteringsplatta, kort, höger - cykelnatur.se";"4054289003906"
"2123531";"Bosch Monteringsplatta, lång, vänster (BDU37YY)";"Original Bosch eBike-reservdel: Monteringsplatta, lång, vänster (BDU37YY).";"<h3>Kan beställas separat</h3><ul><li>Skruvsats monteringsplatta EB11900003</li></ul><p style='margin:0 0 1em'>I förpackningen: 1 st Monteringsplatta, lång, vänster.</p><p style='margin:0 0 1em'>System: Det smarta systemet · Vikt: 25 g · Artikelnummer: 2123531 · EAN: 4054289003913</p><p style='margin:0 0 1em'>Original Bosch eBike-reservdel. Beställningsvara som normalt når oss inom 5–10 dagar – vi hör av oss när den finns att hämta i butiken i Årsta, eller så skickar vi den hem till dig. Osäker på om delen passar din cykel? Mejla oss en bild på din display eller ditt batteri så hjälper vi dig.</p>";"71";"25";"1";"0";"1";"1";"0";"https://raw.githubusercontent.com/erik859/cykelnatur-lokalt-lager/main/bosch-bilder/2123531.jpg";"1";"37";"Original Bosch eBike-reservdel: Monteringsplatta, lång, vänster (BDU37YY). Beställningsvara hos Cykel & Natur i Årsta.";"Bosch Monteringsplatta, lång, vänster - cykelnatur.se";"4054289003913"
"2123532";"Bosch Monteringsplatta, kort, vänster (BDU37YY)";"Original Bosch eBike-reservdel: Monteringsplatta, kort, vänster (BDU37YY).";"<h3>Finns tillgänglig separat</h3><ul><li>Skruvsats monteringsplatta EB11900003</li></ul><p style='margin:0 0 1em'>I förpackningen: 1 st Monteringsplatta, kort, vänster.</p><p style='margin:0 0 1em'>System: Det smarta systemet · Vikt: 13 g · Artikelnummer: 2123532 · EAN: 4054289003920</p><p style='margin:0 0 1em'>Original Bosch eBike-reservdel. Beställningsvara som normalt når oss inom 5–10 dagar – vi hör av oss när den finns att hämta i butiken i Årsta, eller så skickar vi den hem till dig. Osäker på om delen passar din cykel? Mejla oss en bild på din display eller ditt batteri så hjälper vi dig.</p>";"47";"25";"1";"0";"1";"1";"0";"https://raw.githubusercontent.com/erik859/cykelnatur-lokalt-lager/main/bosch-bilder/2123532.jpg";"1";"13";"Original Bosch eBike-reservdel: Monteringsplatta, kort, vänster (BDU37YY). Beställningsvara hos Cykel & Natur i Årsta.";"Bosch Monteringsplatta, kort, vänster - cykelnatur.se";"4054289003920"
"2123533";"Bosch Dekal med logotyp Performance Line CX (BDU374Y, BDU384Y)";"Original Bosch eBike-reservdel: Dekal med logotyp Performance Line CX (BDU374Y, BDU384Y).";"<ul><li>För Drive Units med tillverkarspecifik designkåpa</li></ul><p style='margin:0 0 1em'>I förpackningen: 1 st Dekal med logotyp Performance Line CX.</p><p style='margin:0 0 1em'>System: Det smarta systemet · Vikt: 1 g · Artikelnummer: 2123533 · EAN: 4054289003807</p><p style='margin:0 0 1em'>Original Bosch eBike-reservdel. Beställningsvara som normalt når oss inom 5–10 dagar – vi hör av oss när den finns att hämta i butiken i Årsta, eller så skickar vi den hem till dig. Osäker på om delen passar din cykel? Mejla oss en bild på din display eller ditt batteri så hjälper vi dig.</p>";"71";"25";"1";"0";"1";"1";"0";"https://raw.githubusercontent.com/erik859/cykelnatur-lokalt-lager/main/bosch-bilder/2123533.jpg";"1";"2";"Original Bosch eBike-reservdel: Dekal med logotyp Performance Line CX (BDU374Y, BDU384Y). Beställningsvara hos Cykel & Natur i Årsta.";"Bosch Dekal med logotyp Performance Line CX - cykelnatur.se";"4054289003807"
"2123534";"Bosch Designkåpa Performance Line CX, vänster (BDU374Y)";"Original Bosch eBike-reservdel: Designkåpa Performance Line CX, vänster (BDU374Y).";"<p style='margin:0 0 1em'>I förpackningen: 1 st Designkåpa Performance Line CX, vänster.</p><p style='margin:0 0 1em'>System: Det smarta systemet · Vikt: 70 g · Artikelnummer: 2123534 · EAN: 4054289003784</p><p style='margin:0 0 1em'>Original Bosch eBike-reservdel. Beställningsvara som normalt når oss inom 5–10 dagar – vi hör av oss när den finns att hämta i butiken i Årsta, eller så skickar vi den hem till dig. Osäker på om delen passar din cykel? Mejla oss en bild på din display eller ditt batteri så hjälper vi dig.</p>";"315";"25";"1";"0";"1";"1";"0";"https://raw.githubusercontent.com/erik859/cykelnatur-lokalt-lager/main/bosch-bilder/2123534.jpg";"1";"82";"Original Bosch eBike-reservdel: Designkåpa Performance Line CX, vänster (BDU374Y). Beställningsvara hos Cykel & Natur i Årsta.";"Bosch Designkåpa Performance Line 2123534 - cykelnatur.se";"4054289003784"
"2123535";"Bosch Logokåpa Performance Line CX (BDU374Y)";"Original Bosch eBike-reservdel: Logokåpa Performance Line CX (BDU374Y).";"<ul><li>Om Designkåpa inte är monterat</li></ul><p style='margin:0 0 1em'>I förpackningen: 1 st Logokåpa Performance Line CX.</p><p style='margin:0 0 1em'>System: Det smarta systemet · Vikt: 5 g · Artikelnummer: 2123535 · EAN: 4054289003791</p><p style='margin:0 0 1em'>Original Bosch eBike-reservdel. Beställningsvara som normalt når oss inom 5–10 dagar – vi hör av oss när den finns att hämta i butiken i Årsta, eller så skickar vi den hem till dig. Osäker på om delen passar din cykel? Mejla oss en bild på din display eller ditt batteri så hjälper vi dig.</p>";"95";"25";"1";"0";"1";"1";"0";"https://raw.githubusercontent.com/erik859/cykelnatur-lokalt-lager/main/bosch-bilder/2123535.jpg";"1";"5";"Original Bosch eBike-reservdel: Logokåpa Performance Line CX (BDU374Y). Beställningsvara hos Cykel & Natur i Årsta.";"Bosch Logokåpa Performance Line CX (BDU374Y) - cykelnatur.se";"4054289003791"
"2123536";"Bosch Hastighetssensor Drive Unit Slim, 415 mm (BCH3319_415)";"Original Bosch eBike-reservdel: Hastighetssensor Drive Unit Slim, 415 mm (BCH3319_415).";"<p style='margin:0 0 1em'>&lt;h4&gt;Viktig produktinformation&lt;/h4&gt;&lt;br&gt;&lt;br&gt;&lt;p&gt;Funktion garanteras endast i kombination med originalmagnet 1270015727/-728 eller EB11120000!&lt;/p&gt;</p><p style='margin:0 0 1em'>I förpackningen: 1 st Hastighetssensor, 415 mm.</p><p style='margin:0 0 1em'>System: Det smarta systemet · Vikt: 8 g · Artikelnummer: 2123536 · EAN: 4054289003685</p><p style='margin:0 0 1em'>Original Bosch eBike-reservdel. Beställningsvara som normalt når oss inom 5–10 dagar – vi hör av oss när den finns att hämta i butiken i Årsta, eller så skickar vi den hem till dig. Osäker på om delen passar din cykel? Mejla oss en bild på din display eller ditt batteri så hjälper vi dig.</p>";"315";"25";"1";"0";"1";"1";"0";"https://raw.githubusercontent.com/erik859/cykelnatur-lokalt-lager/main/bosch-bilder/2123536.jpg";"1";"8";"Original Bosch eBike-reservdel: Hastighetssensor Drive Unit Slim, 415 mm (BCH3319_415). Beställningsvara hos Cykel & Natur i Årsta.";"Bosch Hastighetssensor Drive Unit Slim, 415 - cykelnatur.se";"4054289003685"
