"Produktnummer";"Namn (SV)";"Inledande text (SV)";"Beskrivning (SV)";"Pris (SEK)";"Moms procentsats";"Lagerhantering";"Lagersaldo";"Visa lagersaldo";"Tillåt beställningar";"Dölj om slut";"Bilder";"Dölj produkt";"Vikt (g)";"META description (SV)";"META title (SV)";"EAN"
"2123537";"Bosch Hastighetssensor Drive Unit Slim, 615 mm (BCH3319_615)";"Original Bosch eBike-reservdel: Hastighetssensor Drive Unit Slim, 615 mm (BCH3319_615).";"<p style='margin:0 0 1em'>&lt;h4&gt;Viktig produktinformation&lt;/h4&gt;&lt;br&gt;&lt;br&gt;&lt;p&gt;Funktion garanteras endast i kombination med originalmagnet 1270015727/-728 eller EB11120000!&lt;/p&gt;</p><p style='margin:0 0 1em'>I förpackningen: 1 st Hastighetssensor, 615 mm.</p><p style='margin:0 0 1em'>System: Det smarta systemet · Vikt: 11 g · Artikelnummer: 2123537 · EAN: 4054289003692</p><p style='margin:0 0 1em'>Original Bosch eBike-reservdel. Beställningsvara som normalt når oss inom 5–10 dagar – vi hör av oss när den finns att hämta i butiken i Årsta, eller så skickar vi den hem till dig. Osäker på om delen passar din cykel? Mejla oss en bild på din display eller ditt batteri så hjälper vi dig.</p>";"315";"25";"1";"0";"1";"1";"0";"https://raw.githubusercontent.com/erik859/cykelnatur-lokalt-lager/main/bosch-bilder/2123537.jpg";"1";"11";"Original Bosch eBike-reservdel: Hastighetssensor Drive Unit Slim, 615 mm (BCH3319_615). Beställningsvara hos Cykel & Natur i Årsta.";"Bosch Hastighetssensor Drive Unit 2123537 - cykelnatur.se";"4054289003692"
"2123538";"Bosch Hastighetssensor Drive Unit Slim, 815 mm (BCH3319_815)";"Original Bosch eBike-reservdel: Hastighetssensor Drive Unit Slim, 815 mm (BCH3319_815).";"<p style='margin:0 0 1em'>&lt;h4&gt;Viktig produktinformation&lt;/h4&gt;&lt;br&gt;&lt;br&gt;&lt;p&gt;Funktion garanteras endast i kombination med originalmagnet 1270015727/-728 eller EB11120000!&lt;/p&gt;</p><p style='margin:0 0 1em'>I förpackningen: 1 st Hastighetssensor, 815 mm.</p><p style='margin:0 0 1em'>System: Det smarta systemet · Vikt: 13 g · Artikelnummer: 2123538 · EAN: 4054289003708</p><p style='margin:0 0 1em'>Original Bosch eBike-reservdel. Beställningsvara som normalt når oss inom 5–10 dagar – vi hör av oss när den finns att hämta i butiken i Årsta, eller så skickar vi den hem till dig. Osäker på om delen passar din cykel? Mejla oss en bild på din display eller ditt batteri så hjälper vi dig.</p>";"315";"25";"1";"0";"1";"1";"0";"https://raw.githubusercontent.com/erik859/cykelnatur-lokalt-lager/main/bosch-bilder/2123538.jpg";"1";"13";"Original Bosch eBike-reservdel: Hastighetssensor Drive Unit Slim, 815 mm (BCH3319_815). Beställningsvara hos Cykel & Natur i Årsta.";"Bosch Hastighetssensor Drive Unit 2123538 - cykelnatur.se";"4054289003708"
"2123539";"Bosch Hastighetssensor Drive Unit Slim, 1230 mm (BCH3319_1230)";"Original Bosch eBike-reservdel: Hastighetssensor Drive Unit Slim, 1230 mm (BCH3319_1230).";"<p style='margin:0 0 1em'>&lt;h4&gt;Viktig produktinformation&lt;/h4&gt;&lt;br&gt;&lt;br&gt;&lt;p&gt;Funktion garanteras endast i kombination med originalmagnet 1270015727/-728 eller EB11120000!&lt;/p&gt;</p><p style='margin:0 0 1em'>I förpackningen: 1 st Hastighetssensor, 1230 mm.</p><p style='margin:0 0 1em'>System: Det smarta systemet · Vikt: 15 g · Artikelnummer: 2123539 · EAN: 4054289003715</p><p style='margin:0 0 1em'>Original Bosch eBike-reservdel. Beställningsvara som normalt når oss inom 5–10 dagar – vi hör av oss när den finns att hämta i butiken i Årsta, eller så skickar vi den hem till dig. Osäker på om delen passar din cykel? Mejla oss en bild på din display eller ditt batteri så hjälper vi dig.</p>";"360";"25";"1";"0";"1";"1";"0";"https://raw.githubusercontent.com/erik859/cykelnatur-lokalt-lager/main/bosch-bilder/2123539.jpg";"1";"18";"Original Bosch eBike-reservdel: Hastighetssensor Drive Unit Slim, 1230 mm (BCH3319_1230). Beställningsvara hos Cykel & Natur i Årsta.";"Bosch Hastighetssensor Drive Unit Slim - cykelnatur.se";"4054289003715"
"2123540";"Bosch Hastighetssensor Drive Unit Slim, 1610 mm (BCH3319_1610)";"Original Bosch eBike-reservdel: Hastighetssensor Drive Unit Slim, 1610 mm (BCH3319_1610).";"<p style='margin:0 0 1em'>&lt;h4&gt;Viktig produktinformation&lt;/h4&gt;&lt;br&gt;&lt;br&gt;&lt;p&gt;Funktion garanteras endast i kombination med originalmagnet 1270015727/-728 eller EB11120000!&lt;/p&gt;&lt;br&gt;</p><p style='margin:0 0 1em'>I förpackningen: 1 st Hastighetssensor, 1610 mm.</p><p style='margin:0 0 1em'>System: Det smarta systemet · Vikt: 22 g · Artikelnummer: 2123540 · EAN: 4054289003722</p><p style='margin:0 0 1em'>Original Bosch eBike-reservdel. Beställningsvara som normalt når oss inom 5–10 dagar – vi hör av oss när den finns att hämta i butiken i Årsta, eller så skickar vi den hem till dig. Osäker på om delen passar din cykel? Mejla oss en bild på din display eller ditt batteri så hjälper vi dig.</p>";"360";"25";"1";"0";"1";"1";"0";"https://raw.githubusercontent.com/erik859/cykelnatur-lokalt-lager/main/bosch-bilder/2123540.jpg";"1";"22";"Original Bosch eBike-reservdel: Hastighetssensor Drive Unit Slim, 1610 mm (BCH3319_1610). Beställningsvara hos Cykel & Natur i Årsta.";"Bosch Hastighetssensor Drive Unit 2123540 - cykelnatur.se";"4054289003722"
"2123541";"Bosch Fälgmagnet (BRM3400)";"Original Bosch eBike-reservdel: Fälgmagnet (BRM3400).";"<p style='margin:0 0 1em'>&lt;h4&gt;Viktig produktinformation&lt;/h4&gt;&lt;br&gt;&lt;br&gt;&lt;p&gt;Funktionen endast möjlig på Drive Units med integrerad sensor!&lt;/p&gt;&lt;br&gt;</p><ul><li>Vid användning av racerventiler krävs även fälgmagnet hylsa EB1120002S.</li></ul><p style='margin:0 0 1em'>I förpackningen: 1 st Fälgmagnet.</p><p style='margin:0 0 1em'>System: Det smarta systemet · Vikt: 130 g · Artikelnummer: 2123541 · EAN: 4054289003746</p><p style='margin:0 0 1em'>Original Bosch eBike-reservdel. Beställningsvara som normalt når oss inom 5–10 dagar – vi hör av oss när den finns att hämta i butiken i Årsta, eller så skickar vi den hem till dig. Osäker på om delen passar din cykel? Mejla oss en bild på din display eller ditt batteri så hjälper vi dig.</p>";"155";"25";"1";"0";"1";"1";"0";"https://raw.githubusercontent.com/erik859/cykelnatur-lokalt-lager/main/bosch-bilder/2123541.jpg";"1";"130";"Original Bosch eBike-reservdel: Fälgmagnet (BRM3400). Beställningsvara hos Cykel & Natur i Årsta.";"Bosch Fälgmagnet (BRM3400) - cykelnatur.se";"4054289003746"
"2123542";"Bosch Kedjestagsadapter (det smarta systemet)";"Original Bosch eBike-reservdel: Kedjestagsadapter (det smarta systemet).";"<ul><li>Behövs endast vid användning av hastighetssensor Drive Unit Slim i kombination med ekermagnet EB11120000</li></ul><p style='margin:0 0 1em'>I förpackningen: 1 st Kedjestagsadapter.</p><p style='margin:0 0 1em'>System: Det smarta systemet · Vikt: 10 g · Artikelnummer: 2123542 · EAN: 4054289003678</p><p style='margin:0 0 1em'>Original Bosch eBike-reservdel. Beställningsvara som normalt når oss inom 5–10 dagar – vi hör av oss när den finns att hämta i butiken i Årsta, eller så skickar vi den hem till dig. Osäker på om delen passar din cykel? Mejla oss en bild på din display eller ditt batteri så hjälper vi dig.</p>";"47";"25";"1";"0";"1";"1";"0";"https://raw.githubusercontent.com/erik859/cykelnatur-lokalt-lager/main/bosch-bilder/2123542.jpg";"1";"10";"Original Bosch eBike-reservdel: Kedjestagsadapter (det smarta systemet). Beställningsvara hos Cykel & Natur i Årsta.";"Bosch Kedjestagsadapter - cykelnatur.se";"4054289003678"
"2123543";"Bosch Fälgmagnet hylsa (det smarta systemet)";"Original Bosch eBike-reservdel: Fälgmagnet hylsa (det smarta systemet).";"<ul><li>Behövs endast för presta-ventiler</li></ul><p style='margin:0 0 1em'>I förpackningen: 1 st Fälgmagnet hylsa.</p><p style='margin:0 0 1em'>System: Det smarta systemet · Vikt: 1 g · Artikelnummer: 2123543 · EAN: 4054289003739</p><p style='margin:0 0 1em'>Original Bosch eBike-reservdel. Beställningsvara som normalt når oss inom 5–10 dagar – vi hör av oss när den finns att hämta i butiken i Årsta, eller så skickar vi den hem till dig. Osäker på om delen passar din cykel? Mejla oss en bild på din display eller ditt batteri så hjälper vi dig.</p>";"23";"25";"1";"0";"1";"1";"0";"https://raw.githubusercontent.com/erik859/cykelnatur-lokalt-lager/main/bosch-bilder/2123543.jpg";"1";"1";"Original Bosch eBike-reservdel: Fälgmagnet hylsa (det smarta systemet). Beställningsvara hos Cykel & Natur i Årsta.";"Bosch Fälgmagnet hylsa (det smarta systemet) - cykelnatur.se";"4054289003739"
"2123544";"Bosch Sats Drive Unit Performance Line CX med monteringsplatta (BDU3741)";"Original Bosch eBike-reservdel: Sats Drive Unit Performance Line CX med monteringsplatta (BDU3741).";"<p style='margin:0 0 1em'>&lt;h4&gt;Viktig produktinformation&lt;/h4&gt;&lt;br&gt;&lt;br&gt;&lt;p&gt;Utbyte av en Drive Unit är endast möjligt som en 1:1-ersättning. Tyvärr kan vi inte erbjuda en uppgradering till en kraftigare Drive Unit. Detta är nödvändigt för att säkerställa teknisk kompatibilitet och systemets smidiga funktion. Därför kan vi inte behandla beställningar som inte motsvarar en 1:1-ersättning och måste tyvärr annullera dem.&lt;/p&gt;&lt;br&gt;&lt;br&gt;&lt;p&gt;För att göra en fullständig beställning behöver vi all nödvändig information. Om du saknar en eller flera av dessa uppgifter kan vi inte fortsätta konfigurera Drive Unit (DU). Se till att den Drive Unit du väljer här stämmer överens med den du har lagt till i varukorgen.&lt;/p&gt;</p><p style='margin:0 0 1em'>&lt;p&gt;För att beställa en Smart System-motor behöver du absolut återförsäljarens diagnosrapport. Om rapporten inte längre är läsbar måste du kontakta Bosch Hotline så att de kan ge dig BackUp-Datei för motorn.&lt;br /&gt;&lt;br&gt;Observera att utan denna fil är vår möjlighet att konfigurera motorn begränsad.&lt;/p&gt;&lt;br&gt;</p><p style='margin:0 0 1em'>&lt;p&gt;För en unik eMTB-upplevelse: Performance Line CX är den perfekta drivenheten för den kräsne elcyklisten. &lt;/p&gt;&lt;br&gt;</p><ul><li>Kraftfulla 85 Nm: Det maximala vridmomentet på 85 Nm ger en märkbar påverkan på köregenskaperna.</li><li>Kraftfulla 85 Nm: Det maximala vridmomentet på 85 Nm ger en märkbar påverkan på köregenskaperna.</li><li>Påskjutningshjälp och starthjälp i backe (båda med Hill Hold) för enkel påskjutning och kontrollerad start.</li><li>Anpassade assistanslägen: Assistanslägena kan anpassas i eBike Flow-appen.</li><li>Trådlös hastighetssensor: Performance Line CX har en trådbunden hastighetssensor med ekermagnet eller bromsskivemagnet, eller en trådlös hastighetssensor med fälgmagnet.</li></ul><p style='margin:0 0 1em'>I förpackningen: 1 st Drive Unit EB11100001, 1 st Logokåpa EB1120000Z, 1 st Låsring EB112000JH, 1 st O-ring 1270016119, 1 st Skruvsats 1270016030, 1 st Bruks- och monteringsanvisning.</p><p style='margin:0 0 1em'>System: Det smarta systemet · Vikt: 3,603 kg · Artikelnummer: 2123544 · EAN: 4054289003760</p><p style='margin:0 0 1em'>Original Bosch eBike-reservdel. Beställningsvara som normalt når oss inom 5–10 dagar – vi hör av oss när den finns att hämta i butiken i Årsta, eller så skickar vi den hem till dig. Osäker på om delen passar din cykel? Mejla oss en bild på din display eller ditt batteri så hjälper vi dig.</p>";"10349";"25";"1";"0";"1";"1";"0";"https://raw.githubusercontent.com/erik859/cykelnatur-lokalt-lager/main/bosch-bilder/2123544.jpg";"1";"3603";"Original Bosch eBike-reservdel: Sats Drive Unit Performance Line CX med monteringsplatta (BDU3741). Beställningsvara hos Cykel & Natur i Årsta.";"Bosch Sats Drive Unit Performance 2123544 - cykelnatur.se";"4054289003760"
"2123545";"Bosch Sats med blindpluggar";"Original Bosch eBike-reservdel: Sats med blindpluggar.";"<p style='margin:0 0 1em'>I förpackningen: 5 st Blindpluggar för Purion 400, 2 st Blindpluggar för enarmad hållare och för LPP-, HPP- och ljuskabeluttag på drive unit, 1 st Blindplugg för batterikabeluttag på drive unit och batteriadapter 2.</p><p style='margin:0 0 1em'>System: Det smarta systemet · Vikt: 2 g · Artikelnummer: 2123545 · EAN: 4054289003777</p><p style='margin:0 0 1em'>Original Bosch eBike-reservdel. Beställningsvara som normalt når oss inom 5–10 dagar – vi hör av oss när den finns att hämta i butiken i Årsta, eller så skickar vi den hem till dig. Osäker på om delen passar din cykel? Mejla oss en bild på din display eller ditt batteri så hjälper vi dig.</p>";"59";"25";"1";"0";"1";"1";"0";"https://raw.githubusercontent.com/erik859/cykelnatur-lokalt-lager/main/bosch-bilder/2123545.jpg";"1";"2";"Original Bosch eBike-reservdel: Sats med blindpluggar. Beställningsvara hos Cykel & Natur i Årsta.";"Bosch Sats med blindpluggar 2123545 - cykelnatur.se";"4054289003777"
"2123546";"Bosch Skruvsats monteringsplatta (BDU37YY)";"Original Bosch eBike-reservdel: Skruvsats monteringsplatta (BDU37YY).";"<ul><li>Kan även användas för Direct Mount</li></ul><p style='margin:0 0 1em'>I förpackningen: 2 st Skruv M6x16, Torx T30.</p><p style='margin:0 0 1em'>System: Det smarta systemet · Vikt: 10 g · Artikelnummer: 2123546 · EAN: 4054289003937</p><p style='margin:0 0 1em'>Original Bosch eBike-reservdel. Beställningsvara som normalt når oss inom 5–10 dagar – vi hör av oss när den finns att hämta i butiken i Årsta, eller så skickar vi den hem till dig. Osäker på om delen passar din cykel? Mejla oss en bild på din display eller ditt batteri så hjälper vi dig.</p>";"35";"25";"1";"0";"1";"1";"0";"https://raw.githubusercontent.com/erik859/cykelnatur-lokalt-lager/main/bosch-bilder/2123546.jpg";"1";"10";"Original Bosch eBike-reservdel: Skruvsats monteringsplatta (BDU37YY). Beställningsvara hos Cykel & Natur i Årsta.";"Bosch Skruvsats monteringsplatta (BDU37YY) - cykelnatur.se";"4054289003937"
"2123547";"Bosch Kåpsats ABS, övre (BAS33YY)";"Original Bosch eBike-reservdel: Kåpsats ABS, övre (BAS33YY).";"<p style='margin:0 0 1em'>I förpackningen: 1 st ABS-kåpa ovansid, 1 st Skruv M3x8.</p><p style='margin:0 0 1em'>System: Det smarta systemet · Vikt: 8 g · Artikelnummer: 2123547 · EAN: 4054289004927</p><p style='margin:0 0 1em'>Original Bosch eBike-reservdel. Beställningsvara som normalt når oss inom 5–10 dagar – vi hör av oss när den finns att hämta i butiken i Årsta, eller så skickar vi den hem till dig. Osäker på om delen passar din cykel? Mejla oss en bild på din display eller ditt batteri så hjälper vi dig.</p>";"47";"25";"1";"0";"1";"1";"0";"https://raw.githubusercontent.com/erik859/cykelnatur-lokalt-lager/main/bosch-bilder/2123547.jpg";"1";"8";"Original Bosch eBike-reservdel: Kåpsats ABS, övre (BAS33YY). Beställningsvara hos Cykel & Natur i Årsta.";"Bosch Kåpsats ABS, övre (BAS33YY) - cykelnatur.se";"4054289004927"
"2123548";"Bosch Monteringssats ABS Ø39-42 mm (BAS33YY, BAS35YY)";"Original Bosch eBike-reservdel: Monteringssats ABS Ø39-42 mm (BAS33YY, BAS35YY).";"<p style='margin:0 0 1em'>I förpackningen: 1 st Hållarplatta, 2 st Klämhållare Ø39-42 mm, 2 st Gummiinsats L (39-41/42-43/45-46), 2 st Gummiinsats S (41-42/43-45/47-48), 2 st Försänkt skruv M5x10 (hållarplatta), 2 st Skruv M4x25 (klämhållare).</p><p style='margin:0 0 1em'>System: Det smarta systemet · Vikt: 51 g · Artikelnummer: 2123548 · EAN: 4054289005238</p><p style='margin:0 0 1em'>Original Bosch eBike-reservdel. Beställningsvara som normalt når oss inom 5–10 dagar – vi hör av oss när den finns att hämta i butiken i Årsta, eller så skickar vi den hem till dig. Osäker på om delen passar din cykel? Mejla oss en bild på din display eller ditt batteri så hjälper vi dig.</p>";"155";"25";"1";"0";"1";"1";"0";"https://raw.githubusercontent.com/erik859/cykelnatur-lokalt-lager/main/bosch-bilder/2123548.jpg";"1";"51";"Original Bosch eBike-reservdel: Monteringssats ABS Ø39-42 mm (BAS33YY, BAS35YY). Beställningsvara hos Cykel & Natur i Årsta.";"Bosch Monteringssats ABS Ø39-42 mm - cykelnatur.se";"4054289005238"
"2123549";"Bosch Monteringssats ABS Ø42-45 mm (BAS33YY, BAS35YY)";"Original Bosch eBike-reservdel: Monteringssats ABS Ø42-45 mm (BAS33YY, BAS35YY).";"<p style='margin:0 0 1em'>I förpackningen: 1 st Hållarplatta, 2 st Klämhållare Ø42-45 mm, 2 st Gummiinsats L (39-41/42-43/45-46), 2 st Gummiinsats S (41-42/43-45/47-48), 2 st Försänkt skruv M5x10 (hållarplatta), 2 st Skruv M4x25 (klämhållare).</p><p style='margin:0 0 1em'>System: Det smarta systemet · Vikt: 51 g · Artikelnummer: 2123549 · EAN: 4054289005245</p><p style='margin:0 0 1em'>Original Bosch eBike-reservdel. Beställningsvara som normalt når oss inom 5–10 dagar – vi hör av oss när den finns att hämta i butiken i Årsta, eller så skickar vi den hem till dig. Osäker på om delen passar din cykel? Mejla oss en bild på din display eller ditt batteri så hjälper vi dig.</p>";"155";"25";"1";"0";"1";"1";"0";"https://raw.githubusercontent.com/erik859/cykelnatur-lokalt-lager/main/bosch-bilder/2123549.jpg";"1";"51";"Original Bosch eBike-reservdel: Monteringssats ABS Ø42-45 mm (BAS33YY, BAS35YY). Beställningsvara hos Cykel & Natur i Årsta.";"Bosch Monteringssats ABS Ø42-45 mm - cykelnatur.se";"4054289005245"
"2123550";"Bosch Direct mount-sats ABS (BAS33YY, BAS35YY)";"Original Bosch eBike-reservdel: Direct mount-sats ABS (BAS33YY, BAS35YY).";"<p style='margin:0 0 1em'>I förpackningen: 1 st Hållarplatta, 1 st Designkåpa, 4 st Försänkt skruv M5x8.</p><p style='margin:0 0 1em'>System: Det smarta systemet · Vikt: 27 g · Artikelnummer: 2123550 · EAN: 4054289005252</p><p style='margin:0 0 1em'>Original Bosch eBike-reservdel. Beställningsvara som normalt når oss inom 5–10 dagar – vi hör av oss när den finns att hämta i butiken i Årsta, eller så skickar vi den hem till dig. Osäker på om delen passar din cykel? Mejla oss en bild på din display eller ditt batteri så hjälper vi dig.</p>";"155";"25";"1";"0";"1";"1";"0";"https://raw.githubusercontent.com/erik859/cykelnatur-lokalt-lager/main/bosch-bilder/2123550.jpg";"1";"27";"Original Bosch eBike-reservdel: Direct mount-sats ABS (BAS33YY, BAS35YY). Beställningsvara hos Cykel & Natur i Årsta.";"Bosch Direct mount-sats ABS - cykelnatur.se";"4054289005252"
"2123551";"Bosch Adapter monteringssats för ABS-hastighetssensor, PM7 180 mm (BAS33YY,BAS35YY)";"Original Bosch eBike-reservdel: Adapter monteringssats för ABS-hastighetssensor, PM7 180 mm (BAS33YY,BAS35YY).";"<p style='margin:0 0 1em'>I förpackningen: 1 st adapter Direct Mount PM7 180 mm, 1 st skruv M6x10, 1 st skruv M4x10.</p><p style='margin:0 0 1em'>System: Det smarta systemet · Vikt: 14 g · Artikelnummer: 2123551 · EAN: 4054289005269</p><p style='margin:0 0 1em'>Original Bosch eBike-reservdel. Beställningsvara som normalt når oss inom 5–10 dagar – vi hör av oss när den finns att hämta i butiken i Årsta, eller så skickar vi den hem till dig. Osäker på om delen passar din cykel? Mejla oss en bild på din display eller ditt batteri så hjälper vi dig.</p>";"71";"25";"1";"0";"1";"1";"0";"https://raw.githubusercontent.com/erik859/cykelnatur-lokalt-lager/main/bosch-bilder/2123551.jpg";"1";"14";"Original Bosch eBike-reservdel: Adapter monteringssats för ABS-hastighetssensor, PM7 180 mm (BAS33YY,BAS35YY). Beställningsvara hos Cykel & Natur i Årsta.";"Bosch Adapter monteringssats för - cykelnatur.se";"4054289005269"
"2123552";"Bosch Adapter monteringssats för ABS-hastighetssensor, PM8 203 mm (BAS33YY,BAS35YY)";"Original Bosch eBike-reservdel: Adapter monteringssats för ABS-hastighetssensor, PM8 203 mm (BAS33YY,BAS35YY).";"<p style='margin:0 0 1em'>I förpackningen: 1 st adapter Direct Mount PM8 203 mm, 1 st skruv M6x10, 1 st skruv M4x10.</p><p style='margin:0 0 1em'>System: Det smarta systemet · Vikt: 14 g · Artikelnummer: 2123552 · EAN: 4054289005276</p><p style='margin:0 0 1em'>Original Bosch eBike-reservdel. Beställningsvara som normalt når oss inom 5–10 dagar – vi hör av oss när den finns att hämta i butiken i Årsta, eller så skickar vi den hem till dig. Osäker på om delen passar din cykel? Mejla oss en bild på din display eller ditt batteri så hjälper vi dig.</p>";"71";"25";"1";"0";"1";"1";"0";"https://raw.githubusercontent.com/erik859/cykelnatur-lokalt-lager/main/bosch-bilder/2123552.jpg";"1";"14";"Original Bosch eBike-reservdel: Adapter monteringssats för ABS-hastighetssensor, PM8 203 mm (BAS33YY,BAS35YY). Beställningsvara hos Cykel & Natur i Årsta.";"Bosch Adapter monteringssats för 2123552 - cykelnatur.se";"4054289005276"
"2123553";"Bosch Skruvsats ABS (BAS33YY, BAS35YY)";"Original Bosch eBike-reservdel: Skruvsats ABS (BAS33YY, BAS35YY).";"<p style='margin:0 0 1em'>I förpackningen: 5 st Försänkt skruv M3x8 (kåpa ovansida), 10 st Försänkt skruv M5x10 (hållarplatta), 10 st Skruv M4x25 (klämhållare), 20 st Försänkt skruv M5x8 (hållarplatta Direct Mount), 5 st Skruv M6x10 (adapter hastighetssensor), 5 st Skruv M4x10 (adapter hastighetssensor).</p><p style='margin:0 0 1em'>System: Det smarta systemet · Vikt: 91 g · Artikelnummer: 2123553 · EAN: 4054289005283</p><p style='margin:0 0 1em'>Original Bosch eBike-reservdel. Beställningsvara som normalt når oss inom 5–10 dagar – vi hör av oss när den finns att hämta i butiken i Årsta, eller så skickar vi den hem till dig. Osäker på om delen passar din cykel? Mejla oss en bild på din display eller ditt batteri så hjälper vi dig.</p>";"180";"25";"1";"0";"1";"1";"0";"https://raw.githubusercontent.com/erik859/cykelnatur-lokalt-lager/main/bosch-bilder/2123553.jpg";"1";"91";"Original Bosch eBike-reservdel: Skruvsats ABS (BAS33YY, BAS35YY). Beställningsvara hos Cykel & Natur i Årsta.";"Bosch Skruvsats ABS (BAS33YY, BAS35YY) - cykelnatur.se";"4054289005283"
"2123558";"Bosch Kabel strömförsörjning tredjepartsapplikation HPP, 1400 mm (BCH3350_1400)";"Original Bosch eBike-reservdel: Kabel strömförsörjning tredjepartsapplikation HPP, 1400 mm (BCH3350_1400).";"<ul><li>För matning av förbrukare, t.ex. ABS</li></ul><p style='margin:0 0 1em'>I förpackningen: 1 st Kabel strömförsörjning tredjepartsapplikation HPP, 1400 mm.</p><p style='margin:0 0 1em'>System: Det smarta systemet · Vikt: 18 g · Artikelnummer: 2123558 · EAN: 4054289003845</p><p style='margin:0 0 1em'>Original Bosch eBike-reservdel. Beställningsvara som normalt når oss inom 5–10 dagar – vi hör av oss när den finns att hämta i butiken i Årsta, eller så skickar vi den hem till dig. Osäker på om delen passar din cykel? Mejla oss en bild på din display eller ditt batteri så hjälper vi dig.</p>";"180";"25";"1";"0";"1";"1";"0";"https://raw.githubusercontent.com/erik859/cykelnatur-lokalt-lager/main/bosch-bilder/2123558.jpg";"1";"18";"Original Bosch eBike-reservdel: Kabel strömförsörjning tredjepartsapplikation HPP, 1400 mm (BCH3350_1400). Beställningsvara hos Cykel & Natur i Årsta.";"Bosch Kabel strömförsörjning 2123558 - cykelnatur.se";"4054289003845"
"2123559";"Bosch Kabel strömförsörjning tredjepartsapplikation HPP, 200 mm (BCH3350_200)";"Original Bosch eBike-reservdel: Kabel strömförsörjning tredjepartsapplikation HPP, 200 mm (BCH3350_200).";"<ul><li>För matning av förbrukare, t.ex. ABS</li></ul><p style='margin:0 0 1em'>I förpackningen: 1 st Kabel strömförsörjning tredjepartsapplikation HPP, 200 mm.</p><p style='margin:0 0 1em'>System: Det smarta systemet · Vikt: 4 g · Artikelnummer: 2123559 · EAN: 4054289003838</p><p style='margin:0 0 1em'>Original Bosch eBike-reservdel. Beställningsvara som normalt når oss inom 5–10 dagar – vi hör av oss när den finns att hämta i butiken i Årsta, eller så skickar vi den hem till dig. Osäker på om delen passar din cykel? Mejla oss en bild på din display eller ditt batteri så hjälper vi dig.</p>";"145";"25";"1";"0";"1";"1";"0";"https://raw.githubusercontent.com/erik859/cykelnatur-lokalt-lager/main/bosch-bilder/2123559.jpg";"1";"5";"Original Bosch eBike-reservdel: Kabel strömförsörjning tredjepartsapplikation HPP, 200 mm (BCH3350_200). Beställningsvara hos Cykel & Natur i Årsta.";"Bosch Kabel strömförsörjning 2123559 - cykelnatur.se";"4054289003838"
"2123560";"Bosch Belysningskabel bakljus 1400 mm (BCH3330_1400)";"Original Bosch eBike-reservdel: Belysningskabel bakljus 1400 mm (BCH3330_1400).";"<p style='margin:0 0 1em'>I förpackningen: 1 Belysningskabel bakljus 1400 mm.</p><p style='margin:0 0 1em'>System: Det smarta systemet · Vikt: 18 g · Artikelnummer: 2123560 · EAN: 4054289003883</p><p style='margin:0 0 1em'>Original Bosch eBike-reservdel. Beställningsvara som normalt når oss inom 5–10 dagar – vi hör av oss när den finns att hämta i butiken i Årsta, eller så skickar vi den hem till dig. Osäker på om delen passar din cykel? Mejla oss en bild på din display eller ditt batteri så hjälper vi dig.</p>";"155";"25";"1";"0";"1";"1";"0";"https://raw.githubusercontent.com/erik859/cykelnatur-lokalt-lager/main/bosch-bilder/2123560.jpg";"1";"18";"Original Bosch eBike-reservdel: Belysningskabel bakljus 1400 mm (BCH3330_1400). Beställningsvara hos Cykel & Natur i Årsta.";"Bosch Belysningskabel bakljus 1400 2123560 - cykelnatur.se";"4054289003883"
"2123561";"Bosch Belysningskabel bakljus 200 mm (BCH3330_200)";"Original Bosch eBike-reservdel: Belysningskabel bakljus 200 mm (BCH3330_200).";"<p style='margin:0 0 1em'>I förpackningen: 1 st Belysningskabel bakljus, 200 mm.</p><p style='margin:0 0 1em'>System: Det smarta systemet · Vikt: 5 g · Artikelnummer: 2123561 · EAN: 4054289003869</p><p style='margin:0 0 1em'>Original Bosch eBike-reservdel. Beställningsvara som normalt når oss inom 5–10 dagar – vi hör av oss när den finns att hämta i butiken i Årsta, eller så skickar vi den hem till dig. Osäker på om delen passar din cykel? Mejla oss en bild på din display eller ditt batteri så hjälper vi dig.</p>";"120";"25";"1";"0";"1";"1";"0";"https://raw.githubusercontent.com/erik859/cykelnatur-lokalt-lager/main/bosch-bilder/2123561.jpg";"1";"5";"Original Bosch eBike-reservdel: Belysningskabel bakljus 200 mm (BCH3330_200). Beställningsvara hos Cykel & Natur i Årsta.";"Bosch Belysningskabel bakljus 200 2123561 - cykelnatur.se";"4054289003869"
"2123562";"Bosch Ljuskabel strålkastare 1400 mm (BCH3320_1400)";"Original Bosch eBike-reservdel: Ljuskabel strålkastare 1400 mm (BCH3320_1400).";"<p style='margin:0 0 1em'>I förpackningen: 1 st Ljuskabel strålkastare, 1400 mm.</p><p style='margin:0 0 1em'>System: Det smarta systemet · Vikt: 18 g · Artikelnummer: 2123562 · EAN: 4054289003876</p><p style='margin:0 0 1em'>Original Bosch eBike-reservdel. Beställningsvara som normalt når oss inom 5–10 dagar – vi hör av oss när den finns att hämta i butiken i Årsta, eller så skickar vi den hem till dig. Osäker på om delen passar din cykel? Mejla oss en bild på din display eller ditt batteri så hjälper vi dig.</p>";"155";"25";"1";"0";"1";"1";"0";"https://raw.githubusercontent.com/erik859/cykelnatur-lokalt-lager/main/bosch-bilder/2123562.jpg";"1";"18";"Original Bosch eBike-reservdel: Ljuskabel strålkastare 1400 mm (BCH3320_1400). Beställningsvara hos Cykel & Natur i Årsta.";"Bosch Ljuskabel strålkastare 1400 2123562 - cykelnatur.se";"4054289003876"
"2123563";"Bosch Ljuskabel strålkastare 200 mm (BCH3320_200)";"Original Bosch eBike-reservdel: Ljuskabel strålkastare 200 mm (BCH3320_200).";"<p style='margin:0 0 1em'>I förpackningen: 1 st Ljuskabel strålkastare, 200 mm.</p><p style='margin:0 0 1em'>System: Det smarta systemet · Vikt: 5 g · Artikelnummer: 2123563 · EAN: 4054289003852</p><p style='margin:0 0 1em'>Original Bosch eBike-reservdel. Beställningsvara som normalt når oss inom 5–10 dagar – vi hör av oss när den finns att hämta i butiken i Årsta, eller så skickar vi den hem till dig. Osäker på om delen passar din cykel? Mejla oss en bild på din display eller ditt batteri så hjälper vi dig.</p>";"120";"25";"1";"0";"1";"1";"0";"https://raw.githubusercontent.com/erik859/cykelnatur-lokalt-lager/main/bosch-bilder/2123563.jpg";"1";"5";"Original Bosch eBike-reservdel: Ljuskabel strålkastare 200 mm (BCH3320_200). Beställningsvara hos Cykel & Natur i Årsta.";"Bosch Ljuskabel strålkastare 200 mm - cykelnatur.se";"4054289003852"
"2123564";"Bosch Kabel strömförsörjning tredjepartsapplikation LPP, 1400 mm (BCH3370_1400)";"Original Bosch eBike-reservdel: Kabel strömförsörjning tredjepartsapplikation LPP, 1400 mm (BCH3370_1400).";"<ul><li>För matning av förbrukare, t.ex. ABS</li></ul><p style='margin:0 0 1em'>I förpackningen: 1 st Kabel strömförsörjning tredjepartsapplikation LPP, 1400 mm.</p><p style='margin:0 0 1em'>System: Det smarta systemet · Vikt: 18 g · Artikelnummer: 2123564 · EAN: 4054289003821</p><p style='margin:0 0 1em'>Original Bosch eBike-reservdel. Beställningsvara som normalt når oss inom 5–10 dagar – vi hör av oss när den finns att hämta i butiken i Årsta, eller så skickar vi den hem till dig. Osäker på om delen passar din cykel? Mejla oss en bild på din display eller ditt batteri så hjälper vi dig.</p>";"180";"25";"1";"0";"1";"1";"0";"https://raw.githubusercontent.com/erik859/cykelnatur-lokalt-lager/main/bosch-bilder/2123564.jpg";"1";"18";"Original Bosch eBike-reservdel: Kabel strömförsörjning tredjepartsapplikation LPP, 1400 mm (BCH3370_1400). Beställningsvara hos Cykel & Natur i Årsta.";"Bosch Kabel strömförsörjning 2123564 - cykelnatur.se";"4054289003821"
"2123565";"Bosch Kabel strömförsörjning tredjepartsapplikation LPP, 200 mm (BCH3370_200)";"Original Bosch eBike-reservdel: Kabel strömförsörjning tredjepartsapplikation LPP, 200 mm (BCH3370_200).";"<ul><li>För matning av förbrukare, t.ex. ABS</li></ul><p style='margin:0 0 1em'>I förpackningen: 1 st Kabel strömförsörjning tredjepartsapplikation LPP, 200 mm.</p><p style='margin:0 0 1em'>System: Det smarta systemet · Vikt: 4 g · Artikelnummer: 2123565 · EAN: 4054289003814</p><p style='margin:0 0 1em'>Original Bosch eBike-reservdel. Beställningsvara som normalt når oss inom 5–10 dagar – vi hör av oss när den finns att hämta i butiken i Årsta, eller så skickar vi den hem till dig. Osäker på om delen passar din cykel? Mejla oss en bild på din display eller ditt batteri så hjälper vi dig.</p>";"145";"25";"1";"0";"1";"1";"0";"https://raw.githubusercontent.com/erik859/cykelnatur-lokalt-lager/main/bosch-bilder/2123565.jpg";"1";"5";"Original Bosch eBike-reservdel: Kabel strömförsörjning tredjepartsapplikation LPP, 200 mm (BCH3370_200). Beställningsvara hos Cykel & Natur i Årsta.";"Bosch Kabel strömförsörjning 2123565 - cykelnatur.se";"4054289003814"
"2123569";"Bosch Displaykabel, 1700 mm (BCH3611_1700)";"Original Bosch eBike-reservdel: Displaykabel, 1700 mm (BCH3611_1700).";"<h3>Passar till</h3><p style='margin:0 0 1em'>&lt;p&gt;displayer, styrenhet och ConnectModule&lt;/p&gt;</p><ul><li>BRC3600</li><li>BRC3800</li><li>BDS32YY</li><li>BHU3500</li></ul><p style='margin:0 0 1em'>I förpackningen: 1 st Displaykabel, 1700 mm.</p><p style='margin:0 0 1em'>System: Det smarta systemet · Vikt: 30 g · Artikelnummer: 2123569 · EAN: 4054289005467</p><p style='margin:0 0 1em'>Original Bosch eBike-reservdel. Beställningsvara som normalt når oss inom 5–10 dagar – vi hör av oss när den finns att hämta i butiken i Årsta, eller så skickar vi den hem till dig. Osäker på om delen passar din cykel? Mejla oss en bild på din display eller ditt batteri så hjälper vi dig.</p>";"190";"25";"1";"0";"1";"1";"0";"https://raw.githubusercontent.com/erik859/cykelnatur-lokalt-lager/main/bosch-bilder/2123569.jpg";"1";"30";"Original Bosch eBike-reservdel: Displaykabel, 1700 mm (BCH3611_1700). Beställningsvara hos Cykel & Natur i Årsta.";"Bosch Displaykabel, 1700 mm (BCH3611_1700) - cykelnatur.se";"4054289005467"
"2123570";"Bosch Displaykabel, 650 mm (BCH3611_650)";"Original Bosch eBike-reservdel: Displaykabel, 650 mm (BCH3611_650).";"<h3>Passar till</h3><p style='margin:0 0 1em'>&lt;p&gt;displayer, styrenhet och ConnectModule&lt;/p&gt;</p><ul><li>BRC3600</li><li>BRC3800</li><li>BDS32YY</li><li>BHU3500</li></ul><p style='margin:0 0 1em'>I förpackningen: 1 st Displaykabel, 650 mm.</p><p style='margin:0 0 1em'>System: Det smarta systemet · Vikt: 14 g · Artikelnummer: 2123570 · EAN: 4054289005474</p><p style='margin:0 0 1em'>Original Bosch eBike-reservdel. Beställningsvara som normalt når oss inom 5–10 dagar – vi hör av oss när den finns att hämta i butiken i Årsta, eller så skickar vi den hem till dig. Osäker på om delen passar din cykel? Mejla oss en bild på din display eller ditt batteri så hjälper vi dig.</p>";"120";"25";"1";"0";"1";"1";"0";"https://raw.githubusercontent.com/erik859/cykelnatur-lokalt-lager/main/bosch-bilder/2123570.jpg";"1";"14";"Original Bosch eBike-reservdel: Displaykabel, 650 mm (BCH3611_650). Beställningsvara hos Cykel & Natur i Årsta.";"Bosch Displaykabel, 650 mm (BCH3611_650) - cykelnatur.se";"4054289005474"
"2123571";"Bosch Ljuskabel strålkastare 1600 mm (BCH3320_1600)";"Original Bosch eBike-reservdel: Ljuskabel strålkastare 1600 mm (BCH3320_1600).";"<p style='margin:0 0 1em'>I förpackningen: 1 st Ljuskabel strålkastare, 1600 mm.</p><p style='margin:0 0 1em'>System: Det smarta systemet · Vikt: 20 g · Artikelnummer: 2123571 · EAN: 4054289006495</p><p style='margin:0 0 1em'>Original Bosch eBike-reservdel. Beställningsvara som normalt når oss inom 5–10 dagar – vi hör av oss när den finns att hämta i butiken i Årsta, eller så skickar vi den hem till dig. Osäker på om delen passar din cykel? Mejla oss en bild på din display eller ditt batteri så hjälper vi dig.</p>";"190";"25";"1";"0";"1";"1";"0";"https://raw.githubusercontent.com/erik859/cykelnatur-lokalt-lager/main/bosch-bilder/2123571.jpg";"1";"20";"Original Bosch eBike-reservdel: Ljuskabel strålkastare 1600 mm (BCH3320_1600). Beställningsvara hos Cykel & Natur i Årsta.";"Bosch Ljuskabel strålkastare 1600 mm - cykelnatur.se";"4054289006495"
"2123573";"Bosch 4A Charger 220-240 V, EU (BPC340Y)";"Original Bosch eBike-reservdel: 4A Charger 220-240 V, EU (BPC340Y).";"<p style='margin:0 0 1em'>I förpackningen: 1 st 4A Charger, 1 st EU-nätkabel, 1 st Bruksanvisning.</p><p style='margin:0 0 1em'>System: Det smarta systemet · Mått: 20,1 x 9,0 x 5,3 cm · Vikt: 895 g · Artikelnummer: 2123573 · EAN: 4054289004873</p><p style='margin:0 0 1em'>Original Bosch eBike-reservdel. Beställningsvara som normalt når oss inom 5–10 dagar – vi hör av oss när den finns att hämta i butiken i Årsta, eller så skickar vi den hem till dig. Osäker på om delen passar din cykel? Mejla oss en bild på din display eller ditt batteri så hjälper vi dig.</p>";"1499";"25";"1";"0";"1";"1";"0";"https://raw.githubusercontent.com/erik859/cykelnatur-lokalt-lager/main/bosch-bilder/2123573.jpg";"1";"895";"Original Bosch eBike-reservdel: 4A Charger 220-240 V, EU (BPC340Y). Beställningsvara hos Cykel & Natur i Årsta.";"Bosch 4A Charger 220-240 V, EU (BPC340Y) - cykelnatur.se";"4054289004873"
"2123575";"Bosch Monteringssats fäste, låssida, PowerTube 500/625/750horisontell/vertikal, led (BBP37YY)";"Original Bosch eBike-reservdel: Monteringssats fäste, låssida, PowerTube 500/625/750horisontell/vertikal, led (BBP37YY).";"<ul><li>För batterier med svängbar borttagning (led)</li></ul><p style='margin:0 0 1em'>I förpackningen: 1 st Låsenhet (utan låscylinder), 2 st Skruv M4x16.</p><p style='margin:0 0 1em'>System: Det smarta systemet · Vikt: 67 g · Artikelnummer: 2123575 · EAN: 4054289004996</p><p style='margin:0 0 1em'>Original Bosch eBike-reservdel. Beställningsvara som normalt når oss inom 5–10 dagar – vi hör av oss när den finns att hämta i butiken i Årsta, eller så skickar vi den hem till dig. Osäker på om delen passar din cykel? Mejla oss en bild på din display eller ditt batteri så hjälper vi dig.</p>";"155";"25";"1";"0";"1";"1";"0";"https://raw.githubusercontent.com/erik859/cykelnatur-lokalt-lager/main/bosch-bilder/2123575.jpg";"1";"67";"Original Bosch eBike-reservdel: Monteringssats fäste, låssida, PowerTube 500/625/750horisontell/vertikal,… Beställningsvara hos Cykel & Natur i Årsta.";"Bosch Monteringssats fäste, låssida - cykelnatur.se";"4054289004996"
"2123576";"Bosch Monteringssats fäste, kabelsida, PowerTube 500/625/750horisontell/vertikal (BBP37YY)";"Original Bosch eBike-reservdel: Monteringssats fäste, kabelsida, PowerTube 500/625/750horisontell/vertikal (BBP37YY).";"<p style='margin:0 0 1em'>I förpackningen: 1 st Plasthölje för kabel, 1 st Förstärkningselement, 1 st Dämpningsplatta, 2 st Skruv M4x16.</p><p style='margin:0 0 1em'>System: Det smarta systemet · Vikt: 38 g · Artikelnummer: 2123576 · EAN: 4054289005009</p><p style='margin:0 0 1em'>Original Bosch eBike-reservdel. Beställningsvara som normalt når oss inom 5–10 dagar – vi hör av oss när den finns att hämta i butiken i Årsta, eller så skickar vi den hem till dig. Osäker på om delen passar din cykel? Mejla oss en bild på din display eller ditt batteri så hjälper vi dig.</p>";"155";"25";"1";"0";"1";"1";"0";"https://raw.githubusercontent.com/erik859/cykelnatur-lokalt-lager/main/bosch-bilder/2123576.jpg";"1";"42";"Original Bosch eBike-reservdel: Monteringssats fäste, kabelsida, PowerTube 500/625/750horisontell/vertikal… Beställningsvara hos Cykel & Natur i Årsta.";"Bosch Monteringssats fäste, kabelsida - cykelnatur.se";"4054289005009"
"2123577";"Bosch Monteringssats Frame Base, PowerTube 500/625/750 horisontell, axiell(BBP37YY)";"Original Bosch eBike-reservdel: Monteringssats Frame Base, PowerTube 500/625/750 horisontell, axiell(BBP37YY).";"<ul><li>För montering av fästet på kabelsidan, på monteringsskenan eller på ramen</li></ul><p style='margin:0 0 1em'>I förpackningen: 1 st Frame Base horisontell, 2 st Skruv M5x9.</p><p style='margin:0 0 1em'>System: Det smarta systemet · Vikt: 16 g · Artikelnummer: 2123577 · EAN: 4054289005016</p><p style='margin:0 0 1em'>Original Bosch eBike-reservdel. Beställningsvara som normalt når oss inom 5–10 dagar – vi hör av oss när den finns att hämta i butiken i Årsta, eller så skickar vi den hem till dig. Osäker på om delen passar din cykel? Mejla oss en bild på din display eller ditt batteri så hjälper vi dig.</p>";"78";"25";"1";"0";"1";"1";"0";"https://raw.githubusercontent.com/erik859/cykelnatur-lokalt-lager/main/bosch-bilder/2123577.jpg";"1";"16";"Original Bosch eBike-reservdel: Monteringssats Frame Base, PowerTube 500/625/750 horisontell, axiell(BBP37YY). Beställningsvara hos Cykel & Natur i Årsta.";"Bosch Monteringssats Frame Base, PowerTube - cykelnatur.se";"4054289005016"
"2123578";"Bosch Monteringssats Frame Base, PowerTube 500/625/750 horisontell, led(BBP37YY)";"Original Bosch eBike-reservdel: Monteringssats Frame Base, PowerTube 500/625/750 horisontell, led(BBP37YY).";"<ul><li>För montering av fästen på kabelsidan och låssidan, på monteringsskenan eller på ramen</li></ul><p style='margin:0 0 1em'>I förpackningen: 2 st Frame Base horisontell, 4 st Skruv M5x9.</p><p style='margin:0 0 1em'>System: Det smarta systemet · Vikt: 32 g · Artikelnummer: 2123578 · EAN: 4054289005023</p><p style='margin:0 0 1em'>Original Bosch eBike-reservdel. Beställningsvara som normalt når oss inom 5–10 dagar – vi hör av oss när den finns att hämta i butiken i Årsta, eller så skickar vi den hem till dig. Osäker på om delen passar din cykel? Mejla oss en bild på din display eller ditt batteri så hjälper vi dig.</p>";"155";"25";"1";"0";"1";"1";"0";"https://raw.githubusercontent.com/erik859/cykelnatur-lokalt-lager/main/bosch-bilder/2123578.jpg";"1";"37";"Original Bosch eBike-reservdel: Monteringssats Frame Base, PowerTube 500/625/750 horisontell, led(BBP37YY). Beställningsvara hos Cykel & Natur i Årsta.";"Bosch Monteringssats Frame Base 2123578 - cykelnatur.se";"4054289005023"
"2123579";"Bosch Monteringssats Frame Base, PowerTube 500/625/750 vertikal, axiell(BBP37YY)";"Original Bosch eBike-reservdel: Monteringssats Frame Base, PowerTube 500/625/750 vertikal, axiell(BBP37YY).";"<ul><li>För montering av fästet på kabelsidan, på monteringsskenan eller på ramen</li></ul><p style='margin:0 0 1em'>I förpackningen: 1 st Frame base vertikal, 2 st Skruv M5x9.</p><p style='margin:0 0 1em'>System: Det smarta systemet · Vikt: 21 g · Artikelnummer: 2123579 · EAN: 4054289005030</p><p style='margin:0 0 1em'>Original Bosch eBike-reservdel. Beställningsvara som normalt når oss inom 5–10 dagar – vi hör av oss när den finns att hämta i butiken i Årsta, eller så skickar vi den hem till dig. Osäker på om delen passar din cykel? Mejla oss en bild på din display eller ditt batteri så hjälper vi dig.</p>";"78";"25";"1";"0";"1";"1";"0";"https://raw.githubusercontent.com/erik859/cykelnatur-lokalt-lager/main/bosch-bilder/2123579.jpg";"1";"26";"Original Bosch eBike-reservdel: Monteringssats Frame Base, PowerTube 500/625/750 vertikal, axiell(BBP37YY). Beställningsvara hos Cykel & Natur i Årsta.";"Bosch Monteringssats Frame Base 2123579 - cykelnatur.se";"4054289005030"
"2123580";"Bosch Monteringssats Frame Base, PowerTube 500/625/750 vertikal, led (BBP37YY)";"Original Bosch eBike-reservdel: Monteringssats Frame Base, PowerTube 500/625/750 vertikal, led (BBP37YY).";"<ul><li>För montering av fästen på kabelsidan och låssidan, på monteringsskenan eller på ramen</li></ul><p style='margin:0 0 1em'>I förpackningen: 2 st Frame Base vertikal, 4 st Skruv M5x9.</p><p style='margin:0 0 1em'>System: Det smarta systemet · Vikt: 51 g · Artikelnummer: 2123580 · EAN: 4054289005047</p><p style='margin:0 0 1em'>Original Bosch eBike-reservdel. Beställningsvara som normalt når oss inom 5–10 dagar – vi hör av oss när den finns att hämta i butiken i Årsta, eller så skickar vi den hem till dig. Osäker på om delen passar din cykel? Mejla oss en bild på din display eller ditt batteri så hjälper vi dig.</p>";"155";"25";"1";"0";"1";"1";"0";"https://raw.githubusercontent.com/erik859/cykelnatur-lokalt-lager/main/bosch-bilder/2123580.jpg";"1";"51";"Original Bosch eBike-reservdel: Monteringssats Frame Base, PowerTube 500/625/750 vertikal, led (BBP37YY). Beställningsvara hos Cykel & Natur i Årsta.";"Bosch Monteringssats Frame Base 2123580 - cykelnatur.se";"4054289005047"
"2123581";"Bosch Monteringssats hållare för ladduttag";"Original Bosch eBike-reservdel: Monteringssats hållare för ladduttag.";"<h3>Kompatibel med</h3><ul><li>BCH3900_YYYY</li></ul><p style='margin:0 0 1em'>I förpackningen: 1 st Hållare för ladduttag, 1 st Skyddslock, 2 st Forsankta skruvar M3x14, 1 st O-ring 24x2.</p><p style='margin:0 0 1em'>System: Det smarta systemet · Vikt: 14 g · Artikelnummer: 2123581 · EAN: 4054289005054</p><p style='margin:0 0 1em'>Original Bosch eBike-reservdel. Beställningsvara som normalt når oss inom 5–10 dagar – vi hör av oss när den finns att hämta i butiken i Årsta, eller så skickar vi den hem till dig. Osäker på om delen passar din cykel? Mejla oss en bild på din display eller ditt batteri så hjälper vi dig.</p>";"95";"25";"1";"0";"1";"1";"0";"https://raw.githubusercontent.com/erik859/cykelnatur-lokalt-lager/main/bosch-bilder/2123581.jpg";"1";"14";"Original Bosch eBike-reservdel: Monteringssats hållare för ladduttag. Beställningsvara hos Cykel & Natur i Årsta.";"Bosch Monteringssats hållare för ladduttag - cykelnatur.se";"4054289005054"
"2123582";"Bosch Sats skruvplatta PowerTube 500/625/750 vertikal, led (BBP37YY)";"Original Bosch eBike-reservdel: Sats skruvplatta PowerTube 500/625/750 vertikal, led (BBP37YY).";"<ul><li>För batterier med svängbar borttagning (led)</li></ul><p style='margin:0 0 1em'>I förpackningen: 1 st Monteringsplatta, vertikal, 2 st Skruv M3x7.</p><p style='margin:0 0 1em'>System: Det smarta systemet · Vikt: 33 g · Artikelnummer: 2123582 · EAN: 4054289005061</p><p style='margin:0 0 1em'>Original Bosch eBike-reservdel. Beställningsvara som normalt når oss inom 5–10 dagar – vi hör av oss när den finns att hämta i butiken i Årsta, eller så skickar vi den hem till dig. Osäker på om delen passar din cykel? Mejla oss en bild på din display eller ditt batteri så hjälper vi dig.</p>";"47";"25";"1";"0";"1";"1";"0";"https://raw.githubusercontent.com/erik859/cykelnatur-lokalt-lager/main/bosch-bilder/2123582.jpg";"1";"33";"Original Bosch eBike-reservdel: Sats skruvplatta PowerTube 500/625/750 vertikal, led (BBP37YY). Beställningsvara hos Cykel & Natur i Årsta.";"Bosch Sats skruvplatta PowerTube 2123582 - cykelnatur.se";"4054289005061"
"2123583";"Bosch Sats skruvplatta PowerTube 500/625/750 horisontell, led (BBP37YY)";"Original Bosch eBike-reservdel: Sats skruvplatta PowerTube 500/625/750 horisontell, led (BBP37YY).";"<ul><li>För batterier med svängbar borttagning (led)</li></ul><p style='margin:0 0 1em'>I förpackningen: 1 st Monteringsplatta, horisontell, 2 st Skruv M3x7.</p><p style='margin:0 0 1em'>System: Det smarta systemet · Vikt: 33 g · Artikelnummer: 2123583 · EAN: 4054289005078</p><p style='margin:0 0 1em'>Original Bosch eBike-reservdel. Beställningsvara som normalt når oss inom 5–10 dagar – vi hör av oss när den finns att hämta i butiken i Årsta, eller så skickar vi den hem till dig. Osäker på om delen passar din cykel? Mejla oss en bild på din display eller ditt batteri så hjälper vi dig.</p>";"47";"25";"1";"0";"1";"1";"0";"https://raw.githubusercontent.com/erik859/cykelnatur-lokalt-lager/main/bosch-bilder/2123583.jpg";"1";"33";"Original Bosch eBike-reservdel: Sats skruvplatta PowerTube 500/625/750 horisontell, led (BBP37YY). Beställningsvara hos Cykel & Natur i Årsta.";"Bosch Sats skruvplatta PowerTube 2123583 - cykelnatur.se";"4054289005078"
"2123584";"Bosch Monteringssats PowerTube 500/625/750 horisontell, låssida, axiell(BBP37YY)";"Original Bosch eBike-reservdel: Monteringssats PowerTube 500/625/750 horisontell, låssida, axiell(BBP37YY).";"<ul><li>För batterier med skjutbar montering (axiell)</li></ul><p style='margin:0 0 1em'>I förpackningen: 1 st Kåpa PowerTube axiell horisontell, 1 st Låsenhet PowerTube axiell (utan låscylinder), 2 st Skruv 3,5x12, Torx T15, 2 st Skruv M3x7.</p><p style='margin:0 0 1em'>System: Det smarta systemet · Vikt: 70 g · Artikelnummer: 2123584 · EAN: 4054289005085</p><p style='margin:0 0 1em'>Original Bosch eBike-reservdel. Beställningsvara som normalt når oss inom 5–10 dagar – vi hör av oss när den finns att hämta i butiken i Årsta, eller så skickar vi den hem till dig. Osäker på om delen passar din cykel? Mejla oss en bild på din display eller ditt batteri så hjälper vi dig.</p>";"155";"25";"1";"0";"1";"1";"0";"https://raw.githubusercontent.com/erik859/cykelnatur-lokalt-lager/main/bosch-bilder/2123584.jpg";"1";"76";"Original Bosch eBike-reservdel: Monteringssats PowerTube 500/625/750 horisontell, låssida, axiell(BBP37YY). Beställningsvara hos Cykel & Natur i Årsta.";"Bosch Monteringssats PowerTube 500/625/750 - cykelnatur.se";"4054289005085"
"2123585";"Bosch Monteringssats PowerTube 500/625/750 vertikal, låssida, axiell (BBP37YY)";"Original Bosch eBike-reservdel: Monteringssats PowerTube 500/625/750 vertikal, låssida, axiell (BBP37YY).";"<ul><li>För batterier med skjutbar montering (axiell)</li></ul><p style='margin:0 0 1em'>I förpackningen: 1 st Kåpa PowerTube axiell vertikal, 1 st Låsenhet PowerTube axiell (utan låscylinder), 2 st Skruv 3,5x12, Torx T15, 2 st Skruv M3x7.</p><p style='margin:0 0 1em'>System: Det smarta systemet · Vikt: 71 g · Artikelnummer: 2123585 · EAN: 4054289005092</p><p style='margin:0 0 1em'>Original Bosch eBike-reservdel. Beställningsvara som normalt når oss inom 5–10 dagar – vi hör av oss när den finns att hämta i butiken i Årsta, eller så skickar vi den hem till dig. Osäker på om delen passar din cykel? Mejla oss en bild på din display eller ditt batteri så hjälper vi dig.</p>";"155";"25";"1";"0";"1";"1";"0";"https://raw.githubusercontent.com/erik859/cykelnatur-lokalt-lager/main/bosch-bilder/2123585.jpg";"1";"71";"Original Bosch eBike-reservdel: Monteringssats PowerTube 500/625/750 vertikal, låssida, axiell (BBP37YY). Beställningsvara hos Cykel & Natur i Årsta.";"Bosch Monteringssats PowerTube 2123585 - cykelnatur.se";"4054289005092"
"2123589";"Bosch Gummidistanser, hållare 31,8 mm";"Original Bosch eBike-reservdel: Gummidistanser, hållare 31,8 mm.";"<p style='margin:0 0 1em'>I förpackningen: 1 st Gummidistanser.</p><p style='margin:0 0 1em'>System: Det smarta systemet · Vikt: 10 g · Artikelnummer: 2123589 · EAN: 4054289005580</p><p style='margin:0 0 1em'>Original Bosch eBike-reservdel. Beställningsvara som normalt når oss inom 5–10 dagar – vi hör av oss när den finns att hämta i butiken i Årsta, eller så skickar vi den hem till dig. Osäker på om delen passar din cykel? Mejla oss en bild på din display eller ditt batteri så hjälper vi dig.</p>";"35";"25";"1";"0";"1";"1";"0";"https://raw.githubusercontent.com/erik859/cykelnatur-lokalt-lager/main/bosch-bilder/2123589.jpg";"1";"10";"Original Bosch eBike-reservdel: Gummidistanser, hållare 31,8 mm. Beställningsvara hos Cykel & Natur i Årsta.";"Bosch Gummidistanser, hållare 31,8 mm - cykelnatur.se";"4054289005580"
"2123590";"Bosch Gummidistanser, hållare 35,0 mm";"Original Bosch eBike-reservdel: Gummidistanser, hållare 35,0 mm.";"<p style='margin:0 0 1em'>I förpackningen: 1 st Gummidistanser.</p><p style='margin:0 0 1em'>System: Det smarta systemet · Vikt: 10 g · Artikelnummer: 2123590 · EAN: 4054289005597</p><p style='margin:0 0 1em'>Original Bosch eBike-reservdel. Beställningsvara som normalt når oss inom 5–10 dagar – vi hör av oss när den finns att hämta i butiken i Årsta, eller så skickar vi den hem till dig. Osäker på om delen passar din cykel? Mejla oss en bild på din display eller ditt batteri så hjälper vi dig.</p>";"35";"25";"1";"0";"1";"1";"0";"https://raw.githubusercontent.com/erik859/cykelnatur-lokalt-lager/main/bosch-bilder/2123590.jpg";"1";"10";"Original Bosch eBike-reservdel: Gummidistanser, hållare 35,0 mm. Beställningsvara hos Cykel & Natur i Årsta.";"Bosch Gummidistanser, hållare 35,0 mm - cykelnatur.se";"4054289005597"
"2123591";"Bosch Eftermonteringssats ConnectModule för BDU37YY (BCM3100)";"Original Bosch eBike-reservdel: Eftermonteringssats ConnectModule för BDU37YY (BCM3100).";"<p style='margin:0 0 1em'>&lt;h4&gt;Viktig produktinformation&lt;/h4&gt;&lt;br&gt;&lt;br&gt;&lt;p&gt;Connect Module kan eftermonteras på eBikes med smart-systemet, förutsatt att eBike-tillverkaren har gett sitt godkännande i Bosch DiagnosticTool 3 via posten ”Connect Module ready”.&lt;/p&gt;&lt;br&gt;</p><h3>Obs!</h3><p style='margin:0 0 1em'>&lt;p&gt;Installation och reparationer av ConnectModule bör utföras av en auktoriserad fackhandlare. Felaktig installation kan leda till att ConnectModule eller eBike inte längre kan användas i enlighet med lagen.&lt;/p&gt;&lt;br&gt;&lt;br&gt;&lt;h5&gt;Kompatibel med &lt;/h5&gt;&lt;br&gt;</p><ul><li>Bosch originaldesignkåpa EB1120000Y</li><li>Bosch originaldesignkåpa EB1120001E</li><li>Bosch originaldesignkåpa EB1120001G</li><li>Performance Line CX (BDU3741)</li><li>Performance Line CX Race Edition (BDU376Y)</li><li>Cargo Line (BDU3741)</li><li>BDU37YY</li></ul><p style='margin:0 0 1em'>&lt;p&gt;ConnectModule monteras osynligt på eBike och utrustar den med GPS, SIM-kort och rörelsesensorer. &lt;/p&gt;&lt;br&gt;</p><ul><li>Elcyklisten förblir ansluten till eBiken via eBike Flow-appen och kan använda premiumtjänsterna i abonnemangen Flow+.</li><li>eBike Alarm, till exempel, erbjuder smart stöldskydd för bekymmersfri parkering, inklusive spårning av geografisk plats och tvåstegslarm.</li><li>Ett abonnemang på avgiftsbelagda Flow+ krävs för att ConnectModule ska fungera. Abonnemanget Flow+ är gratis under de första 12 månaderna.</li></ul><p style='margin:0 0 1em'>I förpackningen: 1 st ConnectModule EB1310000B, 1 st Monteringsplatta EB1320000A, 1st Hållare EB13200009, 1 st Kabel 100 mm EB1212003S, 1 st Skruv 1270016499, 1 st Skruv för monteringsplatta EB13200031, 1 st Bruks- och monteringsanvisning.</p><p style='margin:0 0 1em'>System: Det smarta systemet · Vikt: 269 g · Artikelnummer: 2123591 · EAN: 4054289006457</p><p style='margin:0 0 1em'>Original Bosch eBike-reservdel. Beställningsvara som normalt når oss inom 5–10 dagar – vi hör av oss när den finns att hämta i butiken i Årsta, eller så skickar vi den hem till dig. Osäker på om delen passar din cykel? Mejla oss en bild på din display eller ditt batteri så hjälper vi dig.</p>";"1619";"25";"1";"0";"1";"1";"0";"https://raw.githubusercontent.com/erik859/cykelnatur-lokalt-lager/main/bosch-bilder/2123591.jpg";"1";"269";"Original Bosch eBike-reservdel: Eftermonteringssats ConnectModule för BDU37YY (BCM3100). Beställningsvara hos Cykel & Natur i Årsta.";"Bosch Eftermonteringssats ConnectModule för - cykelnatur.se";"4054289006457"
"2123592";"Bosch Skruvsats enarmad hållare";"Original Bosch eBike-reservdel: Skruvsats enarmad hållare.";"<p style='margin:0 0 1em'>I förpackningen: 2 st Skruv M4x12 (adapterfäste- och klämfäste), 2 st Skruv M3x9,5 (Display Interface), 1 st Fästplatta.</p><p style='margin:0 0 1em'>System: Det smarta systemet · Vikt: 6 g · Artikelnummer: 2123592 · EAN: 4054289005665</p><p style='margin:0 0 1em'>Original Bosch eBike-reservdel. Beställningsvara som normalt når oss inom 5–10 dagar – vi hör av oss när den finns att hämta i butiken i Årsta, eller så skickar vi den hem till dig. Osäker på om delen passar din cykel? Mejla oss en bild på din display eller ditt batteri så hjälper vi dig.</p>";"47";"25";"1";"0";"1";"1";"0";"https://raw.githubusercontent.com/erik859/cykelnatur-lokalt-lager/main/bosch-bilder/2123592.jpg";"1";"7";"Original Bosch eBike-reservdel: Skruvsats enarmad hållare. Beställningsvara hos Cykel & Natur i Årsta.";"Bosch Skruvsats enarmad hållare - cykelnatur.se";"4054289005665"
"2123593";"Bosch USB-lock SmartphoneGrip (BSP3200)";"Original Bosch eBike-reservdel: USB-lock SmartphoneGrip (BSP3200).";"<h3>Finns tillgänglig separat</h3><ul><li>Skruv EB1390000H</li></ul><p style='margin:0 0 1em'>I förpackningen: 1 st USB-lock SmartphoneGrip.</p><p style='margin:0 0 1em'>System: Det smarta systemet · Vikt: 2 g · Artikelnummer: 2123593 · EAN: 4054289005610</p><p style='margin:0 0 1em'>Original Bosch eBike-reservdel. Beställningsvara som normalt når oss inom 5–10 dagar – vi hör av oss när den finns att hämta i butiken i Årsta, eller så skickar vi den hem till dig. Osäker på om delen passar din cykel? Mejla oss en bild på din display eller ditt batteri så hjälper vi dig.</p>";"35";"25";"1";"0";"1";"1";"0";"https://raw.githubusercontent.com/erik859/cykelnatur-lokalt-lager/main/bosch-bilder/2123593.jpg";"1";"2";"Original Bosch eBike-reservdel: USB-lock SmartphoneGrip (BSP3200). Beställningsvara hos Cykel & Natur i Årsta.";"Bosch USB-lock SmartphoneGrip (BSP3200) - cykelnatur.se";"4054289005610"
"2123594";"Bosch Batteri för LED Remote och Kiox 400C";"Original Bosch eBike-reservdel: Batteri för LED Remote och Kiox 400C.";"<ul><li>Enhet bestående av batteri, lock, tätning</li></ul><p style='margin:0 0 1em'>I förpackningen: 1 st batteri, 1 st Skruv M1,6x3, Torx T6.</p><p style='margin:0 0 1em'>System: Det smarta systemet · Vikt: 5 g · Artikelnummer: 2123594 · EAN: 4054289005627</p><p style='margin:0 0 1em'>Original Bosch eBike-reservdel. Beställningsvara som normalt når oss inom 5–10 dagar – vi hör av oss när den finns att hämta i butiken i Årsta, eller så skickar vi den hem till dig. Osäker på om delen passar din cykel? Mejla oss en bild på din display eller ditt batteri så hjälper vi dig.</p>";"155";"25";"1";"0";"1";"1";"0";"https://raw.githubusercontent.com/erik859/cykelnatur-lokalt-lager/main/bosch-bilder/2123594.jpg";"1";"5";"Original Bosch eBike-reservdel: Batteri för LED Remote och Kiox 400C. Beställningsvara hos Cykel & Natur i Årsta.";"Bosch Batteri för LED Remote och Kiox 400C - cykelnatur.se";"4054289005627"
"2123595";"Bosch Fästskruv, hållare LED Remote";"Original Bosch eBike-reservdel: Fästskruv, hållare LED Remote.";"<ul><li>Oförlorbar klämskruv</li></ul><p style='margin:0 0 1em'>I förpackningen: 1 st Skruv M4x27.</p><p style='margin:0 0 1em'>System: Det smarta systemet · Vikt: 3 g · Artikelnummer: 2123595 · EAN: 4054289005634</p><p style='margin:0 0 1em'>Original Bosch eBike-reservdel. Beställningsvara som normalt når oss inom 5–10 dagar – vi hör av oss när den finns att hämta i butiken i Årsta, eller så skickar vi den hem till dig. Osäker på om delen passar din cykel? Mejla oss en bild på din display eller ditt batteri så hjälper vi dig.</p>";"23";"25";"1";"0";"1";"1";"0";"https://raw.githubusercontent.com/erik859/cykelnatur-lokalt-lager/main/bosch-bilder/2123595.jpg";"1";"4";"Original Bosch eBike-reservdel: Fästskruv, hållare LED Remote. Beställningsvara hos Cykel & Natur i Årsta.";"Bosch Fästskruv, hållare LED Remote - cykelnatur.se";"4054289005634"
"2123596";"Bosch Adapterfäste, enarmad hållare";"Original Bosch eBike-reservdel: Adapterfäste, enarmad hållare.";"<h3>Finns tillgänglig separat</h3><ul><li>Skruvsats EB13900008</li></ul><p style='margin:0 0 1em'>I förpackningen: 1 st Adapterfäste.</p><p style='margin:0 0 1em'>System: Det smarta systemet · Vikt: 14 g · Artikelnummer: 2123596 · EAN: 4054289005641</p><p style='margin:0 0 1em'>Original Bosch eBike-reservdel. Beställningsvara som normalt når oss inom 5–10 dagar – vi hör av oss när den finns att hämta i butiken i Årsta, eller så skickar vi den hem till dig. Osäker på om delen passar din cykel? Mejla oss en bild på din display eller ditt batteri så hjälper vi dig.</p>";"35";"25";"1";"0";"1";"1";"0";"https://raw.githubusercontent.com/erik859/cykelnatur-lokalt-lager/main/bosch-bilder/2123596.jpg";"1";"16";"Original Bosch eBike-reservdel: Adapterfäste, enarmad hållare. Beställningsvara hos Cykel & Natur i Årsta.";"Bosch Adapterfäste, enarmad hållare - cykelnatur.se";"4054289005641"
"2123597";"Bosch Skruv USB-lock SmartphoneGrip (BSP3200)";"Original Bosch eBike-reservdel: Skruv USB-lock SmartphoneGrip (BSP3200).";"<p style='margin:0 0 1em'>I förpackningen: 1 st Skruv M1,4x3, Sexkantshylsa 1,3.</p><p style='margin:0 0 1em'>System: Det smarta systemet · Vikt: 2 g · Artikelnummer: 2123597 · EAN: 4054289005658</p><p style='margin:0 0 1em'>Original Bosch eBike-reservdel. Beställningsvara som normalt når oss inom 5–10 dagar – vi hör av oss när den finns att hämta i butiken i Årsta, eller så skickar vi den hem till dig. Osäker på om delen passar din cykel? Mejla oss en bild på din display eller ditt batteri så hjälper vi dig.</p>";"23";"25";"1";"0";"1";"1";"0";"https://raw.githubusercontent.com/erik859/cykelnatur-lokalt-lager/main/bosch-bilder/2123597.jpg";"1";"2";"Original Bosch eBike-reservdel: Skruv USB-lock SmartphoneGrip (BSP3200). Beställningsvara hos Cykel & Natur i Årsta.";"Bosch Skruv USB-lock SmartphoneGrip - cykelnatur.se";"4054289005658"
"2123598";"Bosch Ekermagnet (BSM3150)";"Original Bosch eBike-reservdel: Ekermagnet (BSM3150).";"<p style='margin:0 0 1em'>&lt;h4&gt;Viktig produktinformation&lt;/h4&gt;&lt;br&gt;&lt;br&gt;&lt;p&gt;Funktion garanteras endast i kombination med original hastighetssensor Drive Unit Slim EB11200010 - EB11200014!&lt;/p&gt;&lt;br&gt;</p><p style='margin:0 0 1em'>I förpackningen: 1 st Ekermagnet.</p><p style='margin:0 0 1em'>System: Det smarta systemet · Vikt: 10 g · Artikelnummer: 2123598 · EAN: 4054289005337</p><p style='margin:0 0 1em'>Original Bosch eBike-reservdel. Beställningsvara som normalt når oss inom 5–10 dagar – vi hör av oss när den finns att hämta i butiken i Årsta, eller så skickar vi den hem till dig. Osäker på om delen passar din cykel? Mejla oss en bild på din display eller ditt batteri så hjälper vi dig.</p>";"120";"25";"1";"0";"1";"1";"0";"https://raw.githubusercontent.com/erik859/cykelnatur-lokalt-lager/main/bosch-bilder/2123598.jpg";"1";"10";"Original Bosch eBike-reservdel: Ekermagnet (BSM3150). Beställningsvara hos Cykel & Natur i Årsta.";"Bosch Ekermagnet (BSM3150) - cykelnatur.se";"4054289005337"
"2123599";"Bosch PowerTube 750 vertikal (EU) (BBP3771)";"Original Bosch eBike-reservdel: PowerTube 750 vertikal (EU) (BBP3771).";"<p style='margin:0 0 1em'>&lt;h4&gt;Viktig produktinformation&lt;/h4&gt;&lt;br&gt;&lt;br&gt;&lt;p&gt;Alla PowerTube-batterier har inte samma längdmått. Kompatibilitet mellan enskilda PowerTube-modeller kan inte alltid garanteras.&lt;/p&gt;&lt;br&gt;&lt;br&gt;&lt;p&gt;På grund av de olika batterikonstruktionerna och batterihållarna är de nya batterierna PowerTube 600 (BBP3860) och PowerTube 800 (BBP388Y) inte utbytbara med PowerTube 750 (BBP377Y), PowerTube 625 (BBP376Y) eller PowerTube 500 (BBP375Y).&lt;/p&gt;</p><p style='margin:0 0 1em'>&lt;p&gt;Se till att du beställer &lt;strong&gt;rätt variant&lt;/strong&gt; av detta batteri (horisontellt eller vertikalt). &lt;/p&gt;</p><ul><li>Batteripaket som kan integreras i cykelramen.</li><li>Bekväm och säker insättning och borttagning</li><li>Hög körsträcka och lång livslängd tack vare det integrerade batterihanteringssystemet.</li><li>Ingen minneseffekt och ingen självurladdning</li></ul><h3>Kan beställas separat</h3><ul><li>Skruvplatta: EB1290000D</li></ul><p style='margin:0 0 1em'>I förpackningen: 1 st PowerTube 750 vertikal, 1 st Transportförpackning (godkänd för farligt gods), 1 st Bruksanvisning, Batteriet levereras UTAN skruvplattor.</p><p style='margin:0 0 1em'>System: Det smarta systemet · Mått: 484 x 65 x 84 mm · Vikt: 4,575 kg · Artikelnummer: 2123599 · EAN: 4054289005726</p><p style='margin:0 0 1em'>Original Bosch eBike-reservdel. Beställningsvara som normalt når oss inom 5–10 dagar – vi hör av oss när den finns att hämta i butiken i Årsta, eller så skickar vi den hem till dig. Osäker på om delen passar din cykel? Mejla oss en bild på din display eller ditt batteri så hjälper vi dig.</p>";"11629";"25";"1";"0";"1";"1";"0";"https://raw.githubusercontent.com/erik859/cykelnatur-lokalt-lager/main/bosch-bilder/2123599.jpg";"1";"4575";"Original Bosch eBike-reservdel: PowerTube 750 vertikal (EU) (BBP3771). Beställningsvara hos Cykel & Natur i Årsta.";"Bosch PowerTube 750 vertikal (EU) (BBP3771) - cykelnatur.se";"4054289005726"
"2123600";"Bosch PowerTube 750 horisontell (EU) (BBP3770)";"Original Bosch eBike-reservdel: PowerTube 750 horisontell (EU) (BBP3770).";"<p style='margin:0 0 1em'>&lt;h4&gt;Viktig produktinformation&lt;/h4&gt;&lt;br&gt;&lt;br&gt;&lt;p&gt;Alla PowerTube-batterier har inte samma längdmått. Kompatibilitet mellan enskilda PowerTube-modeller kan inte alltid garanteras.&lt;/p&gt;&lt;br&gt;&lt;br&gt;&lt;p&gt;På grund av de olika batterikonstruktionerna och batterihållarna är de nya batterierna PowerTube 600 (BBP3860) och PowerTube 800 (BBP388Y) inte utbytbara med PowerTube 750 (BBP377Y), PowerTube 625 (BBP376Y) eller PowerTube 500 (BBP375Y).&lt;/p&gt;</p><p style='margin:0 0 1em'>&lt;p&gt;Se till att du beställer &lt;strong&gt;rätt variant&lt;/strong&gt; av detta batteri (horisontellt eller vertikalt). &lt;/p&gt;</p><ul><li>Batteripaket som kan integreras i cykelramen.</li><li>Bekväm och säker insättning och avlägsnande</li><li>Hög körsträcka och lång livslängd tack vare det integrerade batterihanteringssystemet.</li><li>Ingen minneseffekt och ingen självurladdning</li></ul><h3>Kan beställas separat</h3><ul><li>Skruvplatta: EB1290000E</li></ul><p style='margin:0 0 1em'>I förpackningen: 1 st PowerTube 750 horisontell, 1 st Transportförpackning (godkänd för farligt gods), 1 st Bruksanvisning, Batteriet levereras UTAN skruvplatta.</p><p style='margin:0 0 1em'>System: Det smarta systemet · Mått: 484 x 84 x 65 mm · Vikt: 4,56 kg · Artikelnummer: 2123600 · EAN: 4054289005733</p><p style='margin:0 0 1em'>Original Bosch eBike-reservdel. Beställningsvara som normalt når oss inom 5–10 dagar – vi hör av oss när den finns att hämta i butiken i Årsta, eller så skickar vi den hem till dig. Osäker på om delen passar din cykel? Mejla oss en bild på din display eller ditt batteri så hjälper vi dig.</p>";"11629";"25";"1";"0";"1";"1";"0";"https://raw.githubusercontent.com/erik859/cykelnatur-lokalt-lager/main/bosch-bilder/2123600.jpg";"1";"4560";"Original Bosch eBike-reservdel: PowerTube 750 horisontell (EU) (BBP3770). Beställningsvara hos Cykel & Natur i Årsta.";"Bosch PowerTube 750 horisontell (EU) - cykelnatur.se";"4054289005733"
"2123601";"Bosch Blindplugg, lås, axiell (BBP37YY)";"Original Bosch eBike-reservdel: Blindplugg, lås, axiell (BBP37YY).";"<ul><li>Om inget lås är installerat</li></ul><p style='margin:0 0 1em'>I förpackningen: 1 st Blindplugg.</p><p style='margin:0 0 1em'>System: Det smarta systemet · Vikt: 2 g · Artikelnummer: 2123601 · EAN: 4054289005740</p><p style='margin:0 0 1em'>Original Bosch eBike-reservdel. Beställningsvara som normalt når oss inom 5–10 dagar – vi hör av oss när den finns att hämta i butiken i Årsta, eller så skickar vi den hem till dig. Osäker på om delen passar din cykel? Mejla oss en bild på din display eller ditt batteri så hjälper vi dig.</p>";"23";"25";"1";"0";"1";"1";"0";"https://raw.githubusercontent.com/erik859/cykelnatur-lokalt-lager/main/bosch-bilder/2123601.jpg";"1";"4";"Original Bosch eBike-reservdel: Blindplugg, lås, axiell (BBP37YY). Beställningsvara hos Cykel & Natur i Årsta.";"Bosch Blindplugg, lås, axiell (BBP37YY) - cykelnatur.se";"4054289005740"
"2123602";"Bosch Monteringsskena med kantskydd, PowerTube 750 horisontell, axiell (BBP377Y)";"Original Bosch eBike-reservdel: Monteringsskena med kantskydd, PowerTube 750 horisontell, axiell (BBP377Y).";"<ul><li>För batterier med skjutbar montering (axiell)</li></ul><p style='margin:0 0 1em'>I förpackningen: 1 st Monteringsskena.</p><p style='margin:0 0 1em'>System: Det smarta systemet · Vikt: 415 g · Artikelnummer: 2123602 · EAN: 4054289005757</p><p style='margin:0 0 1em'>Original Bosch eBike-reservdel. Beställningsvara som normalt når oss inom 5–10 dagar – vi hör av oss när den finns att hämta i butiken i Årsta, eller så skickar vi den hem till dig. Osäker på om delen passar din cykel? Mejla oss en bild på din display eller ditt batteri så hjälper vi dig.</p>";"215";"25";"1";"0";"1";"1";"0";"https://raw.githubusercontent.com/erik859/cykelnatur-lokalt-lager/main/bosch-bilder/2123602.jpg";"1";"427";"Original Bosch eBike-reservdel: Monteringsskena med kantskydd, PowerTube 750 horisontell, axiell (BBP377Y). Beställningsvara hos Cykel & Natur i Årsta.";"Bosch Monteringsskena med kantskydd - cykelnatur.se";"4054289005757"
"2123603";"Bosch Monteringsskena med kantskydd, PowerTube 750 vertikal, axiell (BBP377Y)";"Original Bosch eBike-reservdel: Monteringsskena med kantskydd, PowerTube 750 vertikal, axiell (BBP377Y).";"<ul><li>För batterier med skjutbar montering (axiell)</li></ul><p style='margin:0 0 1em'>I förpackningen: 1 st Monteringsskena.</p><p style='margin:0 0 1em'>System: Det smarta systemet · Vikt: 326 g · Artikelnummer: 2123603 · EAN: 4054289005764</p><p style='margin:0 0 1em'>Original Bosch eBike-reservdel. Beställningsvara som normalt når oss inom 5–10 dagar – vi hör av oss när den finns att hämta i butiken i Årsta, eller så skickar vi den hem till dig. Osäker på om delen passar din cykel? Mejla oss en bild på din display eller ditt batteri så hjälper vi dig.</p>";"215";"25";"1";"0";"1";"1";"0";"https://raw.githubusercontent.com/erik859/cykelnatur-lokalt-lager/main/bosch-bilder/2123603.jpg";"1";"336";"Original Bosch eBike-reservdel: Monteringsskena med kantskydd, PowerTube 750 vertikal, axiell (BBP377Y). Beställningsvara hos Cykel & Natur i Årsta.";"Bosch Monteringsskena med 2123603 - cykelnatur.se";"4054289005764"
"2123604";"Bosch Monteringsskena PowerTube 750 horisontell, led (BBP377Y)";"Original Bosch eBike-reservdel: Monteringsskena PowerTube 750 horisontell, led (BBP377Y).";"<ul><li>För batterier med svängbar borttagning (led)</li></ul><p style='margin:0 0 1em'>I förpackningen: 1 st Monteringsskena.</p><p style='margin:0 0 1em'>System: Det smarta systemet · Vikt: 424 g · Artikelnummer: 2123604 · EAN: 4054289005771</p><p style='margin:0 0 1em'>Original Bosch eBike-reservdel. Beställningsvara som normalt når oss inom 5–10 dagar – vi hör av oss när den finns att hämta i butiken i Årsta, eller så skickar vi den hem till dig. Osäker på om delen passar din cykel? Mejla oss en bild på din display eller ditt batteri så hjälper vi dig.</p>";"215";"25";"1";"0";"1";"1";"0";"https://raw.githubusercontent.com/erik859/cykelnatur-lokalt-lager/main/bosch-bilder/2123604.jpg";"1";"434";"Original Bosch eBike-reservdel: Monteringsskena PowerTube 750 horisontell, led (BBP377Y). Beställningsvara hos Cykel & Natur i Årsta.";"Bosch Monteringsskena PowerTube 750 - cykelnatur.se";"4054289005771"
"2123605";"Bosch Monteringsskena PowerTube 750 vertikal, led (BBP377Y)";"Original Bosch eBike-reservdel: Monteringsskena PowerTube 750 vertikal, led (BBP377Y).";"<ul><li>För batterier med svängbar borttagning (led)</li></ul><p style='margin:0 0 1em'>I förpackningen: 1 st Monteringsskena.</p><p style='margin:0 0 1em'>System: Det smarta systemet · Vikt: 325 g · Artikelnummer: 2123605 · EAN: 4054289005788</p><p style='margin:0 0 1em'>Original Bosch eBike-reservdel. Beställningsvara som normalt når oss inom 5–10 dagar – vi hör av oss när den finns att hämta i butiken i Årsta, eller så skickar vi den hem till dig. Osäker på om delen passar din cykel? Mejla oss en bild på din display eller ditt batteri så hjälper vi dig.</p>";"215";"25";"1";"0";"1";"1";"0";"https://raw.githubusercontent.com/erik859/cykelnatur-lokalt-lager/main/bosch-bilder/2123605.jpg";"1";"340";"Original Bosch eBike-reservdel: Monteringsskena PowerTube 750 vertikal, led (BBP377Y). Beställningsvara hos Cykel & Natur i Årsta.";"Bosch Monteringsskena PowerTube 750 2123605 - cykelnatur.se";"4054289005788"
"2123606";"Bosch Displaykabel, 1500 mm (BCH3611_1500)";"Original Bosch eBike-reservdel: Displaykabel, 1500 mm (BCH3611_1500).";"<h3>Passar till</h3><p style='margin:0 0 1em'>&lt;p&gt;displayer, styrenhet och ConnectModule&lt;/p&gt;</p><ul><li>BRC3600</li><li>BRC3800</li><li>BDS32YY</li><li>BHU3500</li></ul><p style='margin:0 0 1em'>I förpackningen: 1 st Displaykabel, 1500 mm.</p><p style='margin:0 0 1em'>System: Det smarta systemet · Vikt: 27 g · Artikelnummer: 2123606 · EAN: 4054289005399</p><p style='margin:0 0 1em'>Original Bosch eBike-reservdel. Beställningsvara som normalt når oss inom 5–10 dagar – vi hör av oss när den finns att hämta i butiken i Årsta, eller så skickar vi den hem till dig. Osäker på om delen passar din cykel? Mejla oss en bild på din display eller ditt batteri så hjälper vi dig.</p>";"155";"25";"1";"0";"1";"1";"0";"https://raw.githubusercontent.com/erik859/cykelnatur-lokalt-lager/main/bosch-bilder/2123606.jpg";"1";"27";"Original Bosch eBike-reservdel: Displaykabel, 1500 mm (BCH3611_1500). Beställningsvara hos Cykel & Natur i Årsta.";"Bosch Displaykabel, 1500 mm (BCH3611_1500) - cykelnatur.se";"4054289005399"
"2123607";"Bosch Displaykabel, 1300 mm (BCH3611_1300)";"Original Bosch eBike-reservdel: Displaykabel, 1300 mm (BCH3611_1300).";"<h3>Passar till</h3><p style='margin:0 0 1em'>&lt;p&gt;displayer, styrenhet och ConnectModule&lt;/p&gt;</p><ul><li>BRC3600</li><li>BRC3800</li><li>BDS32YY</li><li>BHU3500</li></ul><p style='margin:0 0 1em'>I förpackningen: 1 st Displaykabel , 1300 mm.</p><p style='margin:0 0 1em'>System: Det smarta systemet · Vikt: 24 g · Artikelnummer: 2123607 · EAN: 4054289005405</p><p style='margin:0 0 1em'>Original Bosch eBike-reservdel. Beställningsvara som normalt når oss inom 5–10 dagar – vi hör av oss när den finns att hämta i butiken i Årsta, eller så skickar vi den hem till dig. Osäker på om delen passar din cykel? Mejla oss en bild på din display eller ditt batteri så hjälper vi dig.</p>";"155";"25";"1";"0";"1";"1";"0";"https://raw.githubusercontent.com/erik859/cykelnatur-lokalt-lager/main/bosch-bilder/2123607.jpg";"1";"24";"Original Bosch eBike-reservdel: Displaykabel, 1300 mm (BCH3611_1300). Beställningsvara hos Cykel & Natur i Årsta.";"Bosch Displaykabel, 1300 mm (BCH3611_1300) - cykelnatur.se";"4054289005405"
"2123608";"Bosch Displaykabel, 1000 mm (BCH3611_1000)";"Original Bosch eBike-reservdel: Displaykabel, 1000 mm (BCH3611_1000).";"<h3>Passar till</h3><p style='margin:0 0 1em'>&lt;p&gt;displayer, styrenhet och ConnectModule&lt;/p&gt;</p><ul><li>BRC3600</li><li>BRC3800</li><li>BDS32YY</li><li>BHU3500</li></ul><p style='margin:0 0 1em'>I förpackningen: 1 st Displaykabel, 1000 mm.</p><p style='margin:0 0 1em'>System: Det smarta systemet · Vikt: 20 g · Artikelnummer: 2123608 · EAN: 4054289005412</p><p style='margin:0 0 1em'>Original Bosch eBike-reservdel. Beställningsvara som normalt når oss inom 5–10 dagar – vi hör av oss när den finns att hämta i butiken i Årsta, eller så skickar vi den hem till dig. Osäker på om delen passar din cykel? Mejla oss en bild på din display eller ditt batteri så hjälper vi dig.</p>";"155";"25";"1";"0";"1";"1";"0";"https://raw.githubusercontent.com/erik859/cykelnatur-lokalt-lager/main/bosch-bilder/2123608.jpg";"1";"20";"Original Bosch eBike-reservdel: Displaykabel, 1000 mm (BCH3611_1000). Beställningsvara hos Cykel & Natur i Årsta.";"Bosch Displaykabel, 1000 mm (BCH3611_1000) - cykelnatur.se";"4054289005412"
"2123609";"Bosch Displaykabel, 400 mm (BCH3611_400)";"Original Bosch eBike-reservdel: Displaykabel, 400 mm (BCH3611_400).";"<h3>Passar till</h3><p style='margin:0 0 1em'>&lt;p&gt;displayer, styrenhet och ConnectModule&lt;/p&gt;</p><ul><li>BRC3600</li><li>BRC3800</li><li>BDS32YY</li><li>BHU3500</li></ul><p style='margin:0 0 1em'>I förpackningen: 1 st Displaykabel, 400 mm.</p><p style='margin:0 0 1em'>System: Det smarta systemet · Vikt: 10 g · Artikelnummer: 2123609 · EAN: 4054289005429</p><p style='margin:0 0 1em'>Original Bosch eBike-reservdel. Beställningsvara som normalt når oss inom 5–10 dagar – vi hör av oss när den finns att hämta i butiken i Årsta, eller så skickar vi den hem till dig. Osäker på om delen passar din cykel? Mejla oss en bild på din display eller ditt batteri så hjälper vi dig.</p>";"120";"25";"1";"0";"1";"1";"0";"https://raw.githubusercontent.com/erik859/cykelnatur-lokalt-lager/main/bosch-bilder/2123609.jpg";"1";"10";"Original Bosch eBike-reservdel: Displaykabel, 400 mm (BCH3611_400). Beställningsvara hos Cykel & Natur i Årsta.";"Bosch Displaykabel, 400 mm (BCH3611_400) - cykelnatur.se";"4054289005429"
"2123610";"Bosch Displaykabel, 350 mm (BCH3611_350)";"Original Bosch eBike-reservdel: Displaykabel, 350 mm (BCH3611_350).";"<h3>Passar till</h3><p style='margin:0 0 1em'>&lt;p&gt;displayer, styrenhet och ConnectModule&lt;/p&gt;</p><ul><li>BRC3600</li><li>BRC3800</li><li>BDS32YY</li><li>BHU3500</li></ul><p style='margin:0 0 1em'>I förpackningen: 1 st Displaykabel, 350 mm.</p><p style='margin:0 0 1em'>System: Det smarta systemet · Vikt: 9 g · Artikelnummer: 2123610 · EAN: 4054289005436</p><p style='margin:0 0 1em'>Original Bosch eBike-reservdel. Beställningsvara som normalt når oss inom 5–10 dagar – vi hör av oss när den finns att hämta i butiken i Årsta, eller så skickar vi den hem till dig. Osäker på om delen passar din cykel? Mejla oss en bild på din display eller ditt batteri så hjälper vi dig.</p>";"120";"25";"1";"0";"1";"1";"0";"https://raw.githubusercontent.com/erik859/cykelnatur-lokalt-lager/main/bosch-bilder/2123610.jpg";"1";"9";"Original Bosch eBike-reservdel: Displaykabel, 350 mm (BCH3611_350). Beställningsvara hos Cykel & Natur i Årsta.";"Bosch Displaykabel, 350 mm (BCH3611_350) - cykelnatur.se";"4054289005436"
"2123611";"Bosch Displaykabel, 300 mm (BCH3611_300)";"Original Bosch eBike-reservdel: Displaykabel, 300 mm (BCH3611_300).";"<h3>Passar till</h3><p style='margin:0 0 1em'>&lt;p&gt;displayer, styrenhet och ConnectModule&lt;/p&gt;&lt;br&gt;</p><ul><li>BRC3600</li><li>BRC3800</li><li>BDS32YY</li><li>BHU3500</li></ul><p style='margin:0 0 1em'>I förpackningen: 1 st Displaykabel, 300 mm.</p><p style='margin:0 0 1em'>System: Det smarta systemet · Vikt: 8 g · Artikelnummer: 2123611 · EAN: 4054289005368</p><p style='margin:0 0 1em'>Original Bosch eBike-reservdel. Beställningsvara som normalt når oss inom 5–10 dagar – vi hör av oss när den finns att hämta i butiken i Årsta, eller så skickar vi den hem till dig. Osäker på om delen passar din cykel? Mejla oss en bild på din display eller ditt batteri så hjälper vi dig.</p>";"120";"25";"1";"0";"1";"1";"0";"https://raw.githubusercontent.com/erik859/cykelnatur-lokalt-lager/main/bosch-bilder/2123611.jpg";"1";"8";"Original Bosch eBike-reservdel: Displaykabel, 300 mm (BCH3611_300). Beställningsvara hos Cykel & Natur i Årsta.";"Bosch Displaykabel, 300 mm (BCH3611_300) - cykelnatur.se";"4054289005368"
"2123612";"Bosch Displaykabel, 250 mm (BCH3611_250)";"Original Bosch eBike-reservdel: Displaykabel, 250 mm (BCH3611_250).";"<h3>Passar till</h3><p style='margin:0 0 1em'>&lt;p&gt;displayer, styrenhet och ConnectModule&lt;/p&gt;</p><ul><li>BRC3600</li><li>BRC3800</li><li>BDS32YY</li><li>BHU3500</li></ul><p style='margin:0 0 1em'>I förpackningen: 1 st Displaykabel, 250 mm.</p><p style='margin:0 0 1em'>System: Det smarta systemet · Vikt: 7 g · Artikelnummer: 2123612 · EAN: 4054289005375</p><p style='margin:0 0 1em'>Original Bosch eBike-reservdel. Beställningsvara som normalt når oss inom 5–10 dagar – vi hör av oss när den finns att hämta i butiken i Årsta, eller så skickar vi den hem till dig. Osäker på om delen passar din cykel? Mejla oss en bild på din display eller ditt batteri så hjälper vi dig.</p>";"120";"25";"1";"0";"1";"1";"0";"https://raw.githubusercontent.com/erik859/cykelnatur-lokalt-lager/main/bosch-bilder/2123612.jpg";"1";"7";"Original Bosch eBike-reservdel: Displaykabel, 250 mm (BCH3611_250). Beställningsvara hos Cykel & Natur i Årsta.";"Bosch Displaykabel, 250 mm (BCH3611_250) - cykelnatur.se";"4054289005375"
"2123628";"Bosch Displaykabel, 2000 mm (BCH3611_2000)";"Original Bosch eBike-reservdel: Displaykabel, 2000 mm (BCH3611_2000).";"<h3>Passar till</h3><p style='margin:0 0 1em'>&lt;p&gt;displayer, styrenhet och ConnectModule&lt;/p&gt;</p><ul><li>BRC3600</li><li>BRC3800</li><li>BDS32YY</li><li>BHU3500</li></ul><p style='margin:0 0 1em'>I förpackningen: 1 st Displaykabe, 2000 mm.</p><p style='margin:0 0 1em'>System: Det smarta systemet · Vikt: 35 g · Artikelnummer: 2123628 · EAN: 4054289005443</p><p style='margin:0 0 1em'>Original Bosch eBike-reservdel. Beställningsvara som normalt når oss inom 5–10 dagar – vi hör av oss när den finns att hämta i butiken i Årsta, eller så skickar vi den hem till dig. Osäker på om delen passar din cykel? Mejla oss en bild på din display eller ditt batteri så hjälper vi dig.</p>";"190";"25";"1";"0";"1";"1";"0";"https://raw.githubusercontent.com/erik859/cykelnatur-lokalt-lager/main/bosch-bilder/2123628.jpg";"1";"35";"Original Bosch eBike-reservdel: Displaykabel, 2000 mm (BCH3611_2000). Beställningsvara hos Cykel & Natur i Årsta.";"Bosch Displaykabel, 2000 mm (BCH3611_2000) - cykelnatur.se";"4054289005443"
"2123631";"Bosch Kiox 300-display (BHU3600)";"Original Bosch eBike-reservdel: Kiox 300-display (BHU3600).";"<p style='margin:0 0 1em'>&lt;h4&gt;Viktig produktinformation&lt;/h4&gt;&lt;br&gt;&lt;br&gt;&lt;p&gt;Levereras UTAN displayfäste, hållare och displaykabel. &lt;/p&gt;&lt;br&gt;&lt;br&gt;&lt;p&gt;&lt;strong&gt;Finns att köpa separat vid behov&lt;/strong&gt;&lt;br /&gt;&lt;br&gt;Eftermonteringssats för 1-armsfäste för styrediameter:&lt;br /&gt;&lt;br&gt;31,8 mm (EB13900012)&lt;br /&gt;&lt;br&gt;35,0 mm (EB13900011)&lt;/p&gt;&lt;br&gt;</p><ul><li>Displaystorlek: ca 2 ;Displaytyp: TFT-LCD-färgskärm, 240 x 320 pixlar;Strömförsörjning: eBike-batteri;Anslutning till eBike-system: kabelanslutning;Styrenhet: LED Remote eller System Controller med Mini Remote;Lämplig för enarmad hållare;;;;;;;;;;;1 st Kiox 300;1 st Bruksanvisning;;;;;;;;;;;;;85371091;0.23;0.23;4,8 x 6,6 x 1,5 cm;202230;70.46;108.4;;;;;;media/2123631.jpg 2123632;4054289005542;Enarmad hållare 31,8 mm (BDS3620);Bosch;EB13100005;;;;;;;;;;;För Kiox 300 och SmartphoneGrip;Central montering ovanför / framför spindeln upp till 55 mm spindelbredd;Flera möjliga displaypositioner;3D-inriktning av bildskärmen inspelning för optimal inriktning av bildskärmen;Displayhållare för montering av olika nuvarande och framtida displayer;;;;;;;;;;;;1 st Klämma;1 st Adapterfäste;1 st Gummidistanser 31,8 mm;2 st Skruv M4x12 (adapterfäste- och klämfäste);2 st Skruv M3x9,5 (Display Interface);1 st Bruks- och monteringsanvisning;;;;;;;;;87141090;0.143;0.143;;202290;4.1;6.3;;;;;;media/2123632.jpg 2123633;4054289005559;Enarmad hållare 35,0 mm (BDS3630);Bosch;EB13100006;;;;;;;;;;;För Kiox 300 och SmartphoneGrip;Central montering ovanför / framför spindeln upp till 55 mm spindelbredd;Flera möjliga displaypositioner;3D-inriktning av bildskärmen inspelning för optimal inriktning av bildskärmen;Displayhållare för montering av olika nuvarande och framtida displayer;;;;;;;;;;;;1 st Klämma;1 st Adapterfäste;1 st Gummidistanser 35,0 mm;2 st Skruv M4x12 (adapterfäste- och klämfäste);2 st Skruv M3x9,5 (Display Interface);1 st Bruks- och monteringsanvisning;;;;;;;;;87141090;0.149;0.149;;202290;4.1;6.3;;;;;;media/2123633.jpg 2123634;4054289005498;Displayfäste, kabeluttag på baksidan (BDS3210);Bosch;EB1310000A;;;;;;;;;;;Vid eftermontering av en display (Kiox 300, Kiox 500, SmartphoneGrip) med Y-kabelmontering ska en blindplugg (EB11900002) beställas separat för att försluta den displayport på displayfästet som inte används.;;;;;;;;;;;;;;;;1 st Displayfäste;1 st Låsplatta;;;;;;;;;;;;;85176200;0.021;0.021;;202290;13.05;20.08;;;;;;media/2123634.jpg 2123635;4054289005528;LED Remote (BRC3600);Bosch;EB1310000E;;;;;;;;&lt;h4&gt;Viktig produktinformation&lt;/h4&gt;&lt;br&gt;&lt;br&gt;&lt;p&gt;S-pedelecs får endast köras med en godkänd display (Kiox 300)!&lt;/p&gt;&lt;br&gt;;;&lt;p&gt;Full komfort även utan display.&lt;/p&gt;&lt;br&gt;;Hållare finns tillgänglig separat;Strömförsörjning: eBike / internt batteri;Bluetooth-standard: Bluetooth 5.0 Low Energy*;Styrenhet: integrerad;;;;;&lt;p&gt;*Kompatibel med Android-smartphones från version 7.1 och Apple iPhone från iOS 14.0&lt;/p&gt;&lt;br&gt;;;;;;;;;1 st LED Remote;1 st Bruks- och monteringsanvisning;;;;;;;;;;;;;85371091;0.236;0.236;7,4 x 5,3 x 3,5 cm;202250;65.0;100.0;;;;;;media/2123635.jpg 2123636;4054289006372;Hållare LED Remote, universal;Bosch;EB1320000B;;;;;;;;;;;Utformad för kombination med bromshandtag från SHIMANO®;För bromshandtag från MAGURA, SRAM: EB1320000C;;;;;;;;;;;;;;;1 st Hållare LED Remote, universal;1 st Klämskruv EB1390000E;;;;;;;;;;;;;39269097;0.01;0.01;;202290;5.63;8.66;;;;;;media/2123636.jpg 2123637;4054289006082;Hastighetssensor ABS 160 mm (BCH3398_160);Bosch;0265011614;;;;;;;;;Kompatibel med;;BAS33YY;;;;;;;;;;;;;;;;1 st Hastighetssensor ABS, 160 mm;;;;;;;;;;;;;;90318080;0.01;0.01;;202290;14.69;22.61;;;;;;media/2123637.jpg 2123638;4054289006099;Hastighetssensor ABS 175 mm (BCH3398_175);Bosch;0265011615;;;;;;;;;Kompatibel med;;BAS33YY;;;;;;;;;;;;;;;;1 st Hastighetssensor ABS, 175 mm;;;;;;;;;;;;;;90318080;0.011;0.011;;202290;14.69;22.61;;;;;;media/2123638.jpg 2123639;4054289006105;Hastighetssensor ABS 190 mm (BCH3398_190);Bosch;0265011616;;;;;;;;;Kompatibel med;;BAS33YY;;;;;;;;;;;;;;;;1 st Hastighetssensor ABS, 190 mm;;;;;;;;;;;;;;90318080;0.011;0.011;;202290;14.69;22.61;;;;;;media/2123639.jpg 2123640;4054289006112;Hastighetssensor ABS 1700 mm (BCH3398_1700);Bosch;0265011617;;;;;;;;;Kompatibel med;;BAS33YY;;;;;;;;;;;;;;;;1 st Hastighetssensor ABS, 1700 mm;;;;;;;;;;;;;;90318080;0.027;0.027;;202290;16.99;26.13;;;;;;media/2123640.jpg 2123641;4054289006129;Hastighetssensor ABS 1900 mm (BCH3398_1900);Bosch;0265011618;;;;;;;;;Kompatibel med;;BAS33YY;;;;;;;;;;;;;;;;1 st Hastighetssensor ABS, 1900 mm;;;;;;;;;;;;;;90318080;0.029;0.029;;202290;16.99;26.13;;;;;;media/2123641.jpg 2123642;4054289006136;Hastighetssensor ABS 2100 mm (BCH3398_2100);Bosch;0265011619;;;;;;;;;Kompatibel med;;BAS33YY;;;;;;;;;;;;;;;;1 st Hastighetssensor ABS, 2100 mm;;;;;;;;;;;;;;90318080;0.04;0.04;;202290;16.99;26.13;;;;;;media/2123642.jpg 2123643;4054289005672;Skruv ConnectModule för BDU33YY, BDU37YY;Bosch;1270016499;;;;;;;;;Lämplig för;;BDU33YY;BDU37YY;;;;;;;;;;;;;;;1 st Skruv M4x12, Torx T20;;;;;;;;;;;;;;73181595;0.002;0.002;;553030;1.09;1.68;;;;;;media/2123643.jpg 2123644;4054289005689;ABS-styrenhet MAGURA (BAS3311);Bosch;EB11110000;;För MAGURA hydrauliska bromssystem;;;;;;&lt;h4&gt;Viktig produktinformation&lt;/h4&gt;&lt;br&gt;&lt;br&gt;&lt;p&gt;&lt;strong&gt;Det är inte möjligt att uppgradera från ABS till ABS Pro, eftersom ett byte strider mot CE-direktivet!&lt;/strong&gt;&lt;br /&gt;&lt;br&gt; &lt;br /&gt;&lt;br&gt;För att beställa en ABS-styrenhet behöver vi återförsäljarens diagnosrapport (IBD-rapport). Utan denna information är programmering av styrenheten inte möjlig och beställningen kan inte behandlas.&lt;/p&gt;&lt;br&gt;;;&lt;p&gt;Från eCity till eMTB: Bosch eBike ABS ger optimal bromsning med alla typer av eBike på alla underlag.&lt;/p&gt;;För närvarande världens lättaste och minsta produktionsklara ABS-system för elcyklar.;Endast tillgängligt för eBikes med det smarta systemet från Bosch eBike Systems (kan ej eftermonteras).;Strömförsörjning via eBike-systemet.;Smal design och möjlighet till direkt integrering av ABS på eBikes gaffel.;Flexibel användning i många olika eBike-typer: eCargobike, eCity-cykel, eTrekking-cykel, eSUV-cykel, eMountainbike.;;;;;I kombination med förbättrade sensorer (IMU) i drivenheten: Känsligare bromsbeteende och eliminering av ABS-hastighetssensorn och kabeln på bakhjulet.;Fyra olika ABS-lägen beroende på vilken typ av eBike som används: ABS Cargo, ABS Touring, ABS Allroad, ABS Trail.;Beroende på typ av eBike är inställningar som ändring av ABS-läge möjliga i eBike Flow-appen eller via inställningsmenyn i displayen.;På displayen visas elcyklisten bromsinformation, t.ex. bromssträcka, bromsningstid med eller utan ABS-stöd och antal bromsmanövrar med ABS.;;;;1 st ABS-styrenhet MAGURA;;;;;;;;;;;;;;90328100;0.22;0.22;10,6 x 3,5 x 6,2 cm;202290;125.08;192.44;;;;;;media/2123644.jpg 2123645;4054289005719;ABS-kåpa nedre (BAS33YY, BAS35YY);Bosch;EB11200003;;;;;;;;;;;;;;;;;;;;;;;;;;;1 st ABS-kåpa nedre;;;;;;;;;;;;;;90329000;0.004;0.004;;202290;2.18;3.36;;;;;;media/2123645.jpg 2123646;4054289005696;Designkåpa direct mount-platta ABS (BAS33YY, BAS35YY);Bosch;EB1120000B;;;;;;;;;;;;;;;;;;;;;;;;;;;1 st Designkåpa direct mount-platta ABS;;;;;;;;;;;;;;39269097;0.008;0.008;;202290;2.18;3.36;;;;;;media/2123646.jpg 2123647;4054289005702;Kabelklämma ABS (BAS33YY, BAS35YY);Bosch;EB1120000H;;;;;;;;;;;;;;;;;;;;;;;;;;;1 st Kabelklämma ABS;;;;;;;;;;;;;;39269097;0.003;0.003;;202290;1.09;1.68;;;;;;media/2123647.jpg 2123648;4054289005818;Batteriadapter 2 (BAD 2);Bosch;EB12100015;;;;;;;;;;;Med två anslutningsmöjligheter för batterikabel;För PowerTube 500 / 625 / 750 (Pivot och Axial);För PowerPack Frame 545;;;;;;;;;;;;;;1 st Batteriadapter 2;;;;;;;;;;;;;;85366990;0.021;0.021;;202290;7.32;11.26;;;;;;media/2123648.jpg 2123649;4054289005962;ABS-kabel, 1800 mm (BCH3622_1800);Bosch;EB12120002;;;;;;;;;Kompatibel med;;BAS33YY;;;;;;;;;;;;;;;;1 st ABS-kabel, 1800 mm;;;;;;;;;;;;;;85444290;0.032;0.032;;202290;22.67;34.87;;;;;;media/2123649.jpg 2123650;4054289005979;ABS-kabel, 1600 mm (BCH3622_1600);Bosch;EB12120003;;;;;;;;;Kompatibel med;;BAS33YY;;;;;;;;;;;;;;;;1 st ABS-kabel, 1600 mm;;;;;;;;;;;;;;85444290;0.029;0.029;;202290;22.67;34.87;;;;;;media/2123650.jpg 2123651;4054289005986;ABS-kabel, 1400 mm (BCH3622_1400);Bosch;EB12120004;;;;;;;;;Kompatibel med;;BAS33YY;;;;;;;;;;;;;;;;1 st ABS-kabel, 1400 mm;;;;;;;;;;;;;;85444290;0.026;0.026;;202290;22.67;34.87;;;;;;media/2123651.jpg 2123652;4054289005382;Displaykabel, 150 mm (BCH3611_150);Bosch;EB1212000C;;;;;;;;;Passar till;&lt;p&gt;displayer, styrenhet och ConnectModule&lt;/p&gt;;BRC3600;BRC3800;BDS32YY;BHU3500;;;;;;;;;;;;;1 st Displaykabel, 150 mm;;;;;;;;;;;;;;85444290;0.006;0.006;;202290;5.63;8.66;;;;;;media/2123652.jpg 2123654;4054289005566;Displayfäste, kabeluttag på framsidan (BDS3250);Bosch;EB13100009;;;;;;;;;;;Vid eftermontering av en display (Kiox 300, Kiox 500, SmartphoneGrip) med Y-kabelmontering ska en blindplugg (EB11900002) beställas separat för att försluta den displayport på displayfästet som inte används.;;;;;;;;;;;;;;;;1 st Displayfäste;1 st Låsplatta;;;;;;;;;;;;;85176200;0.022;0.022;;202290;13.05;20.08;;;;;;media/2123654.jpg 2123655;4054289010966;ConnectModule (BCM3100);Bosch;EB1310000B;;;;;;;;&lt;h4&gt;Viktig produktinformation&lt;/h4&gt;&lt;br&gt;&lt;br&gt;&lt;p&gt;Connect Module kan eftermonteras på eBikes med smart-systemet, förutsatt att eBike-tillverkaren har gett sitt godkännande i Bosch DiagnosticTool 3 via posten ”Connect Module ready”.&lt;/p&gt;&lt;br&gt;;Obs!;&lt;p&gt;Installation och reparationer av ConnectModule bör utföras av en auktoriserad fackhandlare. Felaktig installation kan leda till att ConnectModule eller eBike inte längre kan användas i enlighet med lagen.&lt;/p&gt;&lt;br&gt;;;;;;;;;Säljs separat;;Monteringsplatta EB13200011 / EB1320000A / EB13900019 / EB1390001B;Skruvar 1270016499 / EB13200031 / EB112000TA / EB112000NU;;;;;;1 st ConnectModule;1 st Bruks- och monteringsanvisningar;;;;;;;;;;;;;85176200;0.238;0.238;;202290;70.46;108.4;;;;;;media/2123655.jpg 2123656;4054289005511;SmartphoneGrip (BSP3200);Bosch;EB1310000C;Förväntas vara tillgänglig från och med våren 2027;;;;;;;&lt;h4&gt;Viktig produktinformation&lt;/h4&gt;&lt;br&gt;&lt;br&gt;&lt;p&gt;På grund av produktionsrelaterade leveranssvårigheter är SmartphoneGrip (BSP3200) för närvarande inte tillgänglig. Erbjud dina kunder SmartphoneGrip Vertical (BSP3300) - &lt;a href=https://b2b.mbps.eu/sv/EUR/product/2124566/SmartphoneGrip_Vertical_%28BSP3300%29&gt;EB13100019&lt;/a&gt; som ett attraktivt alternativ.&lt;/p&gt;&lt;br&gt;&lt;br&gt;&lt;p&gt;Med &lt;strong&gt;Performance Line Speed&lt;/strong&gt; är SmartphoneGrip endast kompatibel i kombination med Purion 200.&lt;/p&gt;&lt;br&gt;&lt;br&gt;&lt;p&gt;Levereras UTAN displayhållare, fäste, displaykabel och laddningskabel för smartphone.&lt;/p&gt;&lt;br&gt;;;&lt;p&gt;Med SmartphoneGrip fästs telefonen på styret och blir en display via eBike Flow-appen.*&lt;/p&gt;&lt;br&gt;;Bekvämt handhavande: eBike Flow-appen på telefonen kan styras säkert och bekvämt med LED Remote eller Mini Remote;Fast grepp: SmartphoneGrip håller fast telefonen på styret både på asfalterade och belagda vägar;Fullt telefonbatteri: Med SmartphoneGrip kan telefonen laddas under färden – trådlöst eller med kabel (Micro USB);Full flexibilitet: Tack vare samma gränssnitt kan en telefon med SmartphoneGrip ersättas av Kiox 300;;;;;&lt;p&gt;* De mått som stöds för smartphones, inklusive kamera och skal, är:&lt;/p&gt;&lt;br&gt;;H: 6,8–13 mm;B: 67–88 mm;L: 123–175 mm;Passar för smartphones med en totalvikt på upp till 276 g inklusive skal.;Fodral med lock och etuifodral stöds inte.;;;1 st SmartphoneGrip;1 st Skruv knapplås EB1320004;1 st Bruksanvisning;;;;;;;;;;;;39269097;0.23;0.23;;202290;32.72;50.34;;;;;;media/2123656.jpg 2123657;4054289005603;Hållare ConnectModule för BDU37YY;Bosch;EB13200009;;;;;;;;;Kompatibel med;;BDU37YY (BDU3781, BDU3741);;;;;;;;;;;;;;;;1 st Hållare ConnectModule;;;;;;;;;;;;;;85030098;0.02;0.02;;202290;2.79;4.29;;;;;;media/2123657.jpg 2123658;4054289005573;Monteringsplatta ConnectModule för BDU37YY;Bosch;EB1320000A;;;;;;;;;Detaljer om produkten;;Lämplig för BDU37YY (BDU3781, BDU3741);;;;;;;Finns tillgänglig separat;;Skruvar 1270016499, EB13200031;;;;;;;1 st Monteringsplatta ConnectModule;;;;;;;;;;;;;;85369095;0.014;0.014;;202290;1.91;2.94;;;;;;media/2123658.jpg 2123659;4054289006389;Hållare LED Remote, slim;Bosch;EB1320000C;;;;;;;;;;&lt;p&gt;Tack vare ett 2,8 mm kortare avstånd mellan LED Remote och styret är manövreringen mer ergonomisk med hållaren slim än med hållaren universal.&lt;/p&gt;&lt;br&gt;;Utformad för kombination med bromshandtag från MAGURA, SRAM;För bromshandtag från SHIMANO®: EB1320000B;;;;;;;;;;;;;;;1 st Hållare LED Remote, slim;1 st Klämskruv EB1390000E;;;;;;;;;;;;;82057000;0.011;0.011;;202290;5.63;8.66;;;;;;media/2123659.jpg 2123660;4054289008970;Displaykabel, 100 mm (BCH3611_100);Bosch;EB1212003S;;;;;;;;;Passar till;;BDU33YY;BDU34YY;BDU37YY;BDU38YY;;;;;;;;;;;;;1 st Displaykabel, 100 mm;;;;;;;;;;;;;;85444290;0.005;0.005;;202290;5.63;8.66;;;;;;media/2123660.jpg 2123706;4054289007621;Bosch eBike Snabbguide Nyon DK;Bosch;300001057;;;;;;;;&lt;h4&gt;Viktig produktinformation&lt;/h4&gt;&lt;br&gt;&lt;br&gt;&lt;p&gt;&lt;!--StartFragment --&gt;Högsta beställningskvantitet: 50 stycken&lt;!--EndFragment --&gt;&lt;/p&gt;;;&lt;p&gt;Kortfattad manual för styrdatorn Nyon&lt;/p&gt;;;;;;;;;;;;;;;;;;5 Broschyrer;;;;;;;;;;;;;;49111090;0.01;0.01;17,0 x 12,0 cm;516020;0.0;;;;;;;media/2123706.jpg 2123707;4054289007560;Bosch eBike Snabbguide Nyon DE;Bosch;300001051;;;;;;;;&lt;h4&gt;Viktig produktinformation&lt;/h4&gt;&lt;br&gt;&lt;br&gt;&lt;p&gt;&lt;!--StartFragment --&gt;Högsta beställningskvantitet: 50 stycken&lt;!--EndFragment --&gt;&lt;/p&gt;&lt;br&gt;;;&lt;p&gt;Kortfattad manual för styrdatorn Nyon&lt;/p&gt;;;;;;;;;;;;;;;;;;5 Broschyrer;;;;;;;;;;;;;;49111090;0.01;0.01;17,0 x 12,0 cm;516020;0.0;;;;;;;media/2123707.jpg 2123708;4054289007577;Bosch eBike Snabbguide Nyon EN;Bosch;300001052;;;;;;;;&lt;h4&gt;Viktig produktinformation&lt;/h4&gt;&lt;br&gt;&lt;br&gt;&lt;p&gt;&lt;!--StartFragment --&gt;Högsta beställningskvantitet: 50 stycken&lt;!--EndFragment --&gt;&lt;/p&gt;;;&lt;p&gt;Kortfattad manual för styrdatorn Nyon&lt;/p&gt;;;;;;;;;;;;;;;;;;5 Broschyrer;;;;;;;;;;;;;;49111090;0.01;0.01;17,0 x 12,0 cm;516020;0.0;;;;;;;media/2123708.jpg 2123709;4054289007584;Bosch eBike Snabbguide Nyon ES;Bosch;300001053;;;;;;;;&lt;h4&gt;Viktig produktinformation&lt;/h4&gt;&lt;br&gt;&lt;br&gt;&lt;p&gt;&lt;!--StartFragment --&gt;Högsta beställningskvantitet: 50 stycken&lt;!--EndFragment --&gt;&lt;/p&gt;;;&lt;p&gt;Kortfattad manual för styrdatorn Nyon&lt;/p&gt;;;;;;;;;;;;;;;;;;5 Broschyrer;;;;;;;;;;;;;;49111090;0.01;0.01;17,0 x 12,0 cm;516020;0.0;;;;;;;media/2123709.jpg 2123710;4054289007591;Bosch eBike Snabbguide Nyon FR;Bosch;300001054;;;;;;;;&lt;h4&gt;Viktig produktinformation&lt;/h4&gt;&lt;br&gt;&lt;br&gt;&lt;p&gt;&lt;!--StartFragment --&gt;Högsta beställningskvantitet: 50 stycken&lt;!--EndFragment --&gt;&lt;/p&gt;;;&lt;p&gt;Kortfattad manual för styrdatorn Nyon&lt;/p&gt;;;;;;;;;;;;;;;;;;5 Broschyrer;;;;;;;;;;;;;;49111090;0.01;0.01;17,0 x 12,0 cm;516020;0.0;;;;;;;media/2123710.jpg 2123711;4054289007607;Bosch eBike Snabbguide Nyon IT;Bosch;300001055;;;;;;;;&lt;h4&gt;Viktig produktinformation&lt;/h4&gt;&lt;br&gt;&lt;br&gt;&lt;p&gt;&lt;!--StartFragment --&gt;Högsta beställningskvantitet: 50 stycken&lt;!--EndFragment --&gt;&lt;/p&gt;;;&lt;p&gt;Kortfattad manual för styrdatorn Nyon&lt;/p&gt;;;;;;;;;;;;;;;;;;5 Broschyrer;;;;;;;;;;;;;;49111090;0.01;0.01;17,0 x 12,0 cm;516020;0.0;;;;;;;media/2123711.jpg 2123712;4054289007614;Bosch eBike Snabbguide Nyon NL;Bosch;300001056;;;;;;;;&lt;h4&gt;Viktig produktinformation&lt;/h4&gt;&lt;br&gt;&lt;br&gt;&lt;p&gt;&lt;!--StartFragment --&gt;Högsta beställningskvantitet: 50 stycken&lt;!--EndFragment --&gt;&lt;/p&gt;;;&lt;p&gt;Kortfattad manual för styrdatorn Nyon&lt;/p&gt;;;;;;;;;;;;;;;;;;5 Broschyrer;;;;;;;;;;;;;;49111090;0.01;0.01;17,0 x 12,0 cm;516020;0.0;;;;;;;media/2123712.jpg 2123713;4054289007638;Bosch eBike Snabbguide Nyon NO;Bosch;200000661;;;;;;;;&lt;h4&gt;Viktig produktinformation&lt;/h4&gt;&lt;br&gt;&lt;br&gt;&lt;p&gt;&lt;!--StartFragment --&gt;Högsta beställningskvantitet: 50 stycken&lt;!--EndFragment --&gt;&lt;/p&gt;;;&lt;p&gt;Kortfattad manual för styrdatorn Nyon&lt;/p&gt;;;;;;;;;;;;;;;;;;5 Broschyrer;;;;;;;;;;;;;;49111090;0.005;0.005;17,0 x 12,0 cm;516020;0.0;;;;;;;media/2123713.jpg 2123714;4054289007546;Bosch eBike Snabbguide Kiox DK;Bosch;300001049;;;;;;;;&lt;h4&gt;Viktig produktinformation&lt;/h4&gt;&lt;br&gt;&lt;br&gt;&lt;p&gt;&lt;!--StartFragment --&gt;Högsta beställningskvantitet: 50 stycken&lt;!--EndFragment --&gt;&lt;/p&gt;;;&lt;p&gt;Snabbguide för Kiox&lt;/p&gt;;;;;;;;;;;;;;;;;;5 Broschyrer;;;;;;;;;;;;;;49111090;0.01;0.01;17,0 x 12,0 cm;516020;0.0;;;;;;;media/2123714.jpg 2123715;4054289007485;Bosch eBike Snabbguide Kiox DE;Bosch;300001043;;;;;;;;&lt;h4&gt;Viktig produktinformation&lt;/h4&gt;&lt;br&gt;&lt;br&gt;&lt;p&gt;&lt;!--StartFragment --&gt;Högsta beställningskvantitet: 50 stycken&lt;!--EndFragment --&gt;&lt;/p&gt;;;&lt;p&gt;Snabbguide för Kiox&lt;/p&gt;&lt;br&gt;;;;;;;;;;;;;;;;;;5 Broschyrer;;;;;;;;;;;;;;49111090;0.01;0.01;17,0 x 12,0 cm;516020;0.0;;;;;;;media/2123715.jpg 2123716;4054289007492;Bosch eBike Snabbguide Kiox EN;Bosch;300001044;;;;;;;;&lt;h4&gt;Viktig produktinformation&lt;/h4&gt;&lt;br&gt;&lt;br&gt;&lt;p&gt;&lt;!--StartFragment --&gt;Högsta beställningskvantitet: 50 stycken&lt;!--EndFragment --&gt;&lt;/p&gt;;;&lt;p&gt;Snabbguide för Kiox&lt;/p&gt;;;;;;;;;;;;;;;;;;5 Broschyrer;;;;;;;;;;;;;;49111090;0.01;0.01;17,0 x 12,0 cm;516020;0.0;;;;;;;media/2123716.jpg 2123717;4054289007508;Bosch eBike Snabbguide Kiox ES;Bosch;300001045;;;;;;;;&lt;h4&gt;Viktig produktinformation&lt;/h4&gt;&lt;br&gt;&lt;br&gt;&lt;p&gt;&lt;!--StartFragment --&gt;Högsta beställningskvantitet: 50 stycken&lt;!--EndFragment --&gt;&lt;/p&gt;;;&lt;p&gt;Snabbguide för Kiox&lt;/p&gt;;;;;;;;;;;;;;;;;;5 Broschyrer;;;;;;;;;;;;;;49111090;0.01;0.01;17,0 x 12,0 cm;516020;0.0;;;;;;;media/2123717.jpg 2123718;4054289007515;Bosch eBike Snabbguide Kiox FR;Bosch;300001046;;;;;;;;&lt;h4&gt;Viktig produktinformation&lt;/h4&gt;&lt;br&gt;&lt;br&gt;&lt;p&gt;&lt;!--StartFragment --&gt;Högsta beställningskvantitet: 50 stycken&lt;!--EndFragment --&gt;&lt;/p&gt;;;&lt;p&gt;Snabbguide för Kiox&lt;/p&gt;;;;;;;;;;;;;;;;;;5 Broschyrer;;;;;;;;;;;;;;49111090;0.01;0.01;17,0 x 12,0 cm;516020;0.0;;;;;;;media/2123718.jpg 2123719;4054289007522;Bosch eBike Snabbguide Kiox IT;Bosch;300001047;;;;;;;;&lt;h4&gt;Viktig produktinformation&lt;/h4&gt;&lt;br&gt;&lt;br&gt;&lt;p&gt;&lt;!--StartFragment --&gt;Högsta beställningskvantitet: 50 stycken&lt;!--EndFragment --&gt;&lt;/p&gt;;;&lt;p&gt;Snabbguide för Kiox&lt;/p&gt;;;;;;;;;;;;;;;;;;5 Broschyrer;;;;;;;;;;;;;;49111090;0.01;0.01;17,0 x 12,0 cm;516020;0.0;;;;;;;media/2123719.jpg 2123720;4054289007539;Bosch eBike Snabbguide Kiox NL;Bosch;300001048;;;;;;;;&lt;h4&gt;Viktig produktinformation&lt;/h4&gt;&lt;br&gt;&lt;br&gt;&lt;p&gt;&lt;!--StartFragment --&gt;Högsta beställningskvantitet: 50 stycken&lt;!--EndFragment --&gt;&lt;/p&gt;;;&lt;p&gt;Snabbguide för Kiox&lt;/p&gt;;;;;;;;;;;;;;;;;;5 Broschyrer;;;;;;;;;;;;;;49111090;0.01;0.01;17,0 x 12,0 cm;516020;0.0;;;;;;;media/2123720.jpg 2123721;4054289007553;Bosch eBike Snabbguide Kiox NO;Bosch;200000660;;;;;;;;&lt;h4&gt;Viktig produktinformation&lt;/h4&gt;&lt;br&gt;&lt;br&gt;&lt;p&gt;&lt;!--StartFragment --&gt;Högsta beställningskvantitet: 50 stycken&lt;!--EndFragment --&gt;&lt;/p&gt;;;&lt;p&gt;Snabbguide för Kiox&lt;/p&gt;;;;;;;;;;;;;;;;;;5 Broschyrer;;;;;;;;;;;;;;49111090;0.036;0.036;17,0 x 12,0 cm;516020;0.0;;;;;;;media/2123721.jpg 2123730;4054289007461;Bosch eBike Snabbguide Intuvia DK;Bosch;300001041;;;;;;;;&lt;h4&gt;Viktig produktinformation&lt;/h4&gt;&lt;br&gt;&lt;br&gt;&lt;p&gt;&lt;!--StartFragment --&gt;Högsta beställningskvantitet: 50 stycken&lt;!--EndFragment --&gt;&lt;/p&gt;;;&lt;p&gt;Snabbguide för Intuvia&lt;/p&gt;;;;;;;;;;;;;;;;;;5 Broschyrer;;;;;;;;;;;;;;49111090;0.01;0.01;17,0 x 12,0 cm;516020;0.0;;;;;;;media/2123730.jpg 2123731;4054289007409;Bosch eBike Snabbguide Intuvia DE;Bosch;300001035;;;;;;;;&lt;h4&gt;Viktig produktinformation&lt;/h4&gt;&lt;br&gt;&lt;br&gt;&lt;p&gt;&lt;!--StartFragment --&gt;Högsta beställningskvantitet: 50 stycken&lt;!--EndFragment --&gt;&lt;/p&gt;;;&lt;p&gt;Snabbguide för Intuvia&lt;/p&gt;&lt;br&gt;;;;;;;;;;;;;;;;;;5 Broschyrer;;;;;;;;;;;;;;49111090;0.01;0.01;17,0 x 12,0 cm;516020;0.0;;;;;;;media/2123731.jpg 2123732;4054289007416;Bosch eBike Snabbguide Intuvia EN;Bosch;300001036;;;;;;;;&lt;h4&gt;Viktig produktinformation&lt;/h4&gt;&lt;br&gt;&lt;br&gt;&lt;p&gt;&lt;!--StartFragment --&gt;Högsta beställningskvantitet: 50 stycken&lt;!--EndFragment --&gt;&lt;/p&gt;;;&lt;p&gt;Snabbguide för Intuvia&lt;/p&gt;;;;;;;;;;;;;;;;;;5 Broschyrer;;;;;;;;;;;;;;49111090;0.01;0.01;17,0 x 12,0 cm;516020;0.0;;;;;;;media/2123732.jpg 2123733;4054289007423;Bosch eBike Snabbguide Intuvia ES;Bosch;300001037;;;;;;;;&lt;h4&gt;Viktig produktinformation&lt;/h4&gt;&lt;br&gt;&lt;br&gt;&lt;p&gt;&lt;!--StartFragment --&gt;Högsta beställningskvantitet: 50 stycken&lt;!--EndFragment --&gt;&lt;/p&gt;;;&lt;p&gt;Snabbguide för Intuvia&lt;/p&gt;;;;;;;;;;;;;;;;;;5 Broschyrer;;;;;;;;;;;;;;49111090;0.01;0.01;17,0 x 12,0 cm;516020;0.0;;;;;;;media/2123733.jpg 2123734;4054289007430;Bosch eBike Snabbguide Intuvia FR;Bosch;300001038;;;;;;;;&lt;h4&gt;Viktig produktinformation&lt;/h4&gt;&lt;br&gt;&lt;br&gt;&lt;p&gt;&lt;!--StartFragment --&gt;Högsta beställningskvantitet: 50 stycken&lt;!--EndFragment --&gt;&lt;/p&gt;;;&lt;p&gt;Snabbguide för Intuvia&lt;/p&gt;;;;;;;;;;;;;;;;;;5 Broschyrer;;;;;;;;;;;;;;49111090;0.01;0.01;17,0 x 12,0 cm;516020;0.0;;;;;;;media/2123734.jpg 2123735;4054289007447;Bosch eBike Snabbguide Intuvia IT;Bosch;300001039;;;;;;;;&lt;h4&gt;Viktig produktinformation&lt;/h4&gt;&lt;br&gt;&lt;br&gt;&lt;p&gt;&lt;!--StartFragment --&gt;Högsta beställningskvantitet: 50 stycken&lt;!--EndFragment --&gt;&lt;/p&gt;;;&lt;p&gt;Snabbguide för Intuvia&lt;/p&gt;;;;;;;;;;;;;;;;;;5 Broschyrer;;;;;;;;;;;;;;49111090;0.01;0.01;17,0 x 12,0 cm;516020;0.0;;;;;;;media/2123735.jpg 2123736;4054289007454;Bosch eBike Snabbguide Intuvia NL;Bosch;300001040;;;;;;;;&lt;h4&gt;Viktig produktinformation&lt;/h4&gt;&lt;br&gt;&lt;br&gt;&lt;p&gt;&lt;!--StartFragment --&gt;Högsta beställningskvantitet: 50 stycken&lt;!--EndFragment --&gt;&lt;/p&gt;;;&lt;p&gt;Snabbguide för Intuvia&lt;/p&gt;;;;;;;;;;;;;;;;;;5 Broschyrer;;;;;;;;;;;;;;49111090;0.01;0.01;17,0 x 12,0 cm;516020;0.0;;;;;;;media/2123736.jpg 2123737;4054289007478;Bosch eBike Snabbguide Intuvia NO;Bosch;200000662;;;;;;;;&lt;h4&gt;Viktig produktinformation&lt;/h4&gt;&lt;br&gt;&lt;br&gt;&lt;p&gt;&lt;!--StartFragment --&gt;Högsta beställningskvantitet: 50 stycken&lt;!--EndFragment --&gt;&lt;/p&gt;;;&lt;p&gt;Snabbguide för Intuvia&lt;/p&gt;;;;;;;;;;;;;;;;;;5 Broschyrer;;;;;;;;;;;;;;49111090;0.01;0.01;17,0 x 12,0 cm;516020;0.0;;;;;;;media/2123737.jpg 2123738;4054289007706;Bosch eBike Snabbguide Purion DK;Bosch;300001065;;;;;;;;&lt;h4&gt;Viktig produktinformation&lt;/h4&gt;&lt;br&gt;&lt;br&gt;&lt;p&gt;&lt;!--StartFragment --&gt;Högsta beställningskvantitet: 50 stycken&lt;!--EndFragment --&gt;&lt;/p&gt;;;&lt;p&gt;Short manual for the board computer Purion&lt;/p&gt;;;;;;;;;;;;;;;;;;5 Brochures;;;;;;;;;;;;;;49111090;0.01;0.01;17,0 x 12,0 cm;516020;0.0;;;;;;;media/2123738.jpg 2123739;4054289007645;Bosch eBike Snabbguide Purion DE;Bosch;300001059;;;;;;;;&lt;h4&gt;Viktig produktinformation&lt;/h4&gt;&lt;br&gt;&lt;br&gt;&lt;p&gt;&lt;!--StartFragment --&gt;Högsta beställningskvantitet: 50 stycken&lt;!--EndFragment --&gt;&lt;/p&gt;;;&lt;p&gt;Snabbguide för Purion&lt;/p&gt;&lt;br&gt;;;;;;;;;;;;;;;;;;5 Broschyrer;;;;;;;;;;;;;;49111090;0.01;0.01;17,0 x 12,0 cm;516020;0.0;;;;;;;media/2123739.jpg 2123740;4054289007652;Bosch eBike Snabbguide Purion EN;Bosch;300001060;;;;;;;;&lt;h4&gt;Viktig produktinformation&lt;/h4&gt;&lt;br&gt;&lt;br&gt;&lt;p&gt;&lt;!--StartFragment --&gt;Högsta beställningskvantitet: 50 stycken&lt;!--EndFragment --&gt;&lt;/p&gt;;;&lt;p&gt;Short manual for the board computer Purion&lt;/p&gt;;;;;;;;;;;;;;;;;;5 Brochures;;;;;;;;;;;;;;49111090;0.01;0.01;17,0 x 12,0 cm;516020;0.0;;;;;;;media/2123740.jpg 2123741;4054289007669;Bosch eBike Snabbguide Purion ES;Bosch;300001061;;;;;;;;&lt;h4&gt;Viktig produktinformation&lt;/h4&gt;&lt;br&gt;&lt;br&gt;&lt;p&gt;&lt;!--StartFragment --&gt;Högsta beställningskvantitet: 50 stycken&lt;!--EndFragment --&gt;&lt;/p&gt;;;&lt;p&gt;Short manual for the board computer Purion&lt;/p&gt;;;;;;;;;;;;;;;;;;5 Brochures;;;;;;;;;;;;;;49111090;0.01;0.01;17,0 x 12,0 cm;516020;0.0;;;;;;;media/2123741.jpg 2123742;4054289007676;Bosch eBike Snabbguide Purion FR;Bosch;300001062;;;;;;;;&lt;h4&gt;Viktig produktinformation&lt;/h4&gt;&lt;br&gt;&lt;br&gt;&lt;p&gt;&lt;!--StartFragment --&gt;Högsta beställningskvantitet: 50 stycken&lt;!--EndFragment --&gt;&lt;/p&gt;;;&lt;p&gt;Short manual for the board computer Purion&lt;/p&gt;;;;;;;;;;;;;;;;;;5 Brochures;;;;;;;;;;;;;;49111090;0.01;0.01;17,0 x 12,0 cm;516020;0.0;;;;;;;media/2123742.jpg 2123743;4054289007683;Bosch eBike Snabbguide Purion IT;Bosch;300001063;;;;;;;;&lt;h4&gt;Viktig produktinformation&lt;/h4&gt;&lt;br&gt;&lt;br&gt;&lt;p&gt;&lt;!--StartFragment --&gt;Högsta beställningskvantitet: 50 stycken&lt;!--EndFragment --&gt;&lt;/p&gt;;;&lt;p&gt;Short manual for the board computer Purion&lt;/p&gt;;;;;;;;;;;;;;;;;;5 Brochures;;;;;;;;;;;;;;49111090;0.01;0.01;17,0 x 12,0 cm;516020;0.0;;;;;;;media/2123743.jpg 2123744;4054289007690;Bosch eBike Snabbguide Purion NL;Bosch;300001064;;;;;;;;&lt;h4&gt;Viktig produktinformation&lt;/h4&gt;&lt;br&gt;&lt;br&gt;&lt;p&gt;&lt;!--StartFragment --&gt;Högsta beställningskvantitet: 50 stycken&lt;!--EndFragment --&gt;&lt;/p&gt;;;&lt;p&gt;Short manual for the board computer Purion&lt;/p&gt;;;;;;;;;;;;;;;;;;5 Brochures;;;;;;;;;;;;;;49111090;0.01;0.01;17,0 x 12,0 cm;516020;0.0;;;;;;;media/2123744.jpg 2123745;4054289007713;Bosch eBike Snabbguide Purion NO;Bosch;200000663;;;;;;;;&lt;h4&gt;Viktig produktinformation&lt;/h4&gt;&lt;br&gt;&lt;br&gt;&lt;p&gt;&lt;!--StartFragment --&gt;Högsta beställningskvantitet: 50 stycken&lt;!--EndFragment --&gt;&lt;/p&gt;;;&lt;p&gt;Snabbguide för Purion&lt;/p&gt;;;;;;;;;;;;;;;;;;5 Broschyrer;;;;;;;;;;;;;;49111090;0.005;0.005;17,0 x 12,0 cm;516020;0.0;;;;;;;media/2123745.jpg 2123746;4054289007027;Bosch eBike Snabbguide LED Remote DK;Bosch;300000997;;;;;;;;&lt;h4&gt;Viktig produktinformation&lt;/h4&gt;&lt;br&gt;&lt;br&gt;&lt;p&gt;&lt;!--StartFragment --&gt;Högsta beställningskvantitet: 50 stycken&lt;!--EndFragment --&gt;&lt;/p&gt;;;&lt;p&gt;Short manual for the LED Remote&lt;/p&gt;;;;;;;;;;;;;;;;;;5 Brochures;;;;;;;;;;;;;;49111090;0.01;0.01;17,0 x 12,0 cm;516020;0.0;;;;;;;media/2123746.jpg 2123747;4054289007034;Bosch eBike Snabbguide LED Remote DE;Bosch;300000998;;;;;;;;&lt;h4&gt;Viktig produktinformation&lt;/h4&gt;&lt;br&gt;&lt;br&gt;&lt;p&gt;&lt;!--StartFragment --&gt;Högsta beställningskvantitet: 50 stycken&lt;!--EndFragment --&gt;&lt;/p&gt;;;&lt;p&gt;Snabbguide för LED Remote&lt;/p&gt;&lt;br&gt;;;;;;;;;;;;;;;;;;5 Broschyrer;;;;;;;;;;;;;;49111090;0.01;0.01;17,0 x 12,0 cm;516020;0.0;;;;;;;media/2123747.jpg 2123748;4054289007041;Bosch eBike Snabbguide LED Remote EN;Bosch;300000999;;;;;;;;&lt;h4&gt;Viktig produktinformation&lt;/h4&gt;&lt;br&gt;&lt;br&gt;&lt;p&gt;&lt;!--StartFragment --&gt;Högsta beställningskvantitet: 50 stycken&lt;!--EndFragment --&gt;&lt;/p&gt;;;&lt;p&gt;Snabbguide för LED Remote&lt;/p&gt;;;;;;;;;;;;;;;;;;5 Broschyrer;;;;;;;;;;;;;;49111090;0.01;0.01;17,0 x 12,0 cm;516020;0.0;;;;;;;media/2123748.jpg 2123749;4054289007058;Bosch eBike Snabbguide LED Remote ES;Bosch;300001000;;;;;;;;&lt;h4&gt;Viktig produktinformation&lt;/h4&gt;&lt;br&gt;&lt;br&gt;&lt;p&gt;&lt;!--StartFragment --&gt;Högsta beställningskvantitet: 50 stycken&lt;!--EndFragment --&gt;&lt;/p&gt;;;&lt;p&gt;Short manual for the LED Remote&lt;/p&gt;;;;;;;;;;;;;;;;;;5 Brochures;;;;;;;;;;;;;;49111090;0.01;0.01;17,0 x 12,0 cm;516020;0.0;;;;;;;media/2123749.jpg 2123750;4054289007065;Bosch eBike Snabbguide LED Remote FR;Bosch;300001001;;;;;;;;&lt;h4&gt;Viktig produktinformation&lt;/h4&gt;&lt;br&gt;&lt;br&gt;&lt;p&gt;&lt;!--StartFragment --&gt;Högsta beställningskvantitet: 50 stycken&lt;!--EndFragment --&gt;&lt;/p&gt;;;&lt;p&gt;Short manual for the LED Remote&lt;/p&gt;;;;;;;;;;;;;;;;;;5 Brochures;;;;;;;;;;;;;;49111090;0.01;0.01;17,0 x 12,0 cm;516020;0.0;;;;;;;media/2123750.jpg 2123751;4054289007072;Bosch eBike Snabbguide LED Remote IT;Bosch;300001002;;;;;;;;&lt;h4&gt;Viktig produktinformation&lt;/h4&gt;&lt;br&gt;&lt;br&gt;&lt;p&gt;&lt;!--StartFragment --&gt;Högsta beställningskvantitet: 50 stycken&lt;!--EndFragment --&gt;&lt;/p&gt;;;&lt;p&gt;Short manual for the LED Remote&lt;/p&gt;;;;;;;;;;;;;;;;;;5 Brochures;;;;;;;;;;;;;;49111090;0.01;0.01;17,0 x 12,0 cm;516020;0.0;;;;;;;media/2123751.jpg 2123752;4054289007089;Bosch eBike Snabbguide LED Remote NL;Bosch;300001003;;;;;;;;&lt;h4&gt;Viktig produktinformation&lt;/h4&gt;&lt;br&gt;&lt;br&gt;&lt;p&gt;&lt;!--StartFragment --&gt;Högsta beställningskvantitet: 50 stycken&lt;!--EndFragment --&gt;&lt;/p&gt;;;&lt;p&gt;Short manual for the LED Remote&lt;/p&gt;;;;;;;;;;;;;;;;;;5 Brochures;;;;;;;;;;;;;;49111090;0.01;0.01;17,0 x 12,0 cm;516020;0.0;;;;;;;media/2123752.jpg 2123753;4054289007096;Bosch eBike Snabbguide LED Remote NO;Bosch;200000664;;;;;;;;&lt;h4&gt;Viktig produktinformation&lt;/h4&gt;&lt;br&gt;&lt;br&gt;&lt;p&gt;&lt;!--StartFragment --&gt;Högsta beställningskvantitet: 50 stycken&lt;!--EndFragment --&gt;&lt;/p&gt;;;&lt;p&gt;Snabbguide för LED Remote&lt;/p&gt;;;;;;;;;;;;;;;;;;5 Broschyrer;;;;;;;;;;;;;;49111090;0.005;0.005;17,0 x 12,0 cm;516020;0.0;;;;;;;media/2123753.jpg 2123754;4054289006945;Bosch eBike Snabbguide Kiox 300 och LED Remote DK;Bosch;300000989;;;;;;;;&lt;h4&gt;Viktig produktinformation&lt;/h4&gt;&lt;br&gt;&lt;br&gt;&lt;p&gt;&lt;!--StartFragment --&gt;Högsta beställningskvantitet: 50 stycken&lt;!--EndFragment --&gt;&lt;/p&gt;;;&lt;p&gt;Kort bruksanvisning för styrdatorn Kiox 300 och LED Remote&lt;/p&gt;;;;;;;;;;;;;;;;;;5 Broschyrer;;;;;;;;;;;;;;49111090;0.036;0.036;17,0 x 12,0 cm;516020;0.0;;;;;;;media/2123754.jpg 2123757;4054289006976;Bosch eBike Snabbguide Kiox 300 och LED Remote ES;Bosch;300000992;;;;;;;;&lt;h4&gt;Viktig produktinformation&lt;/h4&gt;&lt;br&gt;&lt;br&gt;&lt;p&gt;&lt;!--StartFragment --&gt;Högsta beställningskvantitet: 50 stycken&lt;!--EndFragment --&gt;&lt;/p&gt;;;&lt;p&gt;Kort bruksanvisning för styrdatorn Kiox 300 och LED Remote&lt;/p&gt;;;;;;;;;;;;;;;;;;5 Broschyrer;;;;;;;;;;;;;;49111090;0.036;0.036;17,0 x 12,0 cm;516020;0.0;;;;;;;media/2123757.jpg 2123759;4054289006990;Bosch eBike Snabbguide Kiox 300 och LED Remote IT;Bosch;300000994;;;;;;;;&lt;h4&gt;Viktig produktinformation&lt;/h4&gt;&lt;br&gt;&lt;br&gt;&lt;p&gt;&lt;!--StartFragment --&gt;Högsta beställningskvantitet: 50 stycken&lt;!--EndFragment --&gt;&lt;/p&gt;;;&lt;p&gt;Kort bruksanvisning för styrdatorn Kiox 300 och LED Remote&lt;/p&gt;;;;;;;;;;;;;;;;;;5 Broschyrer;;;;;;;;;;;;;;49111090;0.036;0.036;17,0 x 12,0 cm;516020;0.0;;;;;;;media/2123759.jpg 2123761;4054289007010;Bosch eBike Snabbguide Kiox 300 och LED Remote NO;Bosch;200000665;;;;;;;;&lt;h4&gt;Viktig produktinformation&lt;/h4&gt;&lt;br&gt;&lt;br&gt;&lt;p&gt;&lt;!--StartFragment --&gt;Högsta beställningskvantitet: 50 stycken&lt;!--EndFragment --&gt;&lt;/p&gt;;;&lt;p&gt;Kort bruksanvisning för styrdatorn Kiox 300 och LED Remote&lt;/p&gt;;;;;;;;;;;;;;;;;;5 Broschyrer;;;;;;;;;;;;;;49111090;0.005;0.005;17,0 x 12,0 cm;516020;0.0;;;;;; 2123828;4054289006525;Skruv, knapplås SmartphoneGrip (BSP3200);Bosch;EB1320004N;;;;;;;;;;;;;;;;;;;;;;;;;;;1 st Skruv M2,5x30, Sexkantshylsa 1,5;;;;;;;;;;;;;;73181562;0.004;0.004;;553030;1.07;1.64;;;;;;media/2123828.jpg 2123833;4054289009410;Bosch eBike Snabbguide SmartphoneGrip CZ;Bosch;300001143;;;;;;;;&lt;h4&gt;Viktig produktinformation&lt;/h4&gt;&lt;br&gt;&lt;br&gt;&lt;p&gt;&lt;!--StartFragment --&gt;Högsta beställningskvantitet: 50 stycken&lt;!--EndFragment --&gt;&lt;/p&gt;;;&lt;p&gt;Snabbguide för SmartphoneGrip&lt;/p&gt;;;;;;;;;;;;;;;;;;5 Broschyrer;;;;;;;;;;;;;;49111090;0.007;0.007;17,0 x 12,0 cm;516020;0.0;;;;;;;media/2123833.jpg 2123834;4054289009427;Bosch eBike Snabbguide SmartphoneGrip DK;Bosch;300001145;;;;;;;;&lt;h4&gt;Viktig produktinformation&lt;/h4&gt;&lt;br&gt;&lt;br&gt;&lt;p&gt;&lt;!--StartFragment --&gt;Högsta beställningskvantitet: 50 stycken&lt;!--EndFragment --&gt;&lt;/p&gt;;;&lt;p&gt;Snabbguide för SmartphoneGrip&lt;/p&gt;;;;;;;;;;;;;;;;;;5 Broschyrer;;;;;;;;;;;;;;49111090;0.007;0.007;17,0 x 12,0 cm;516020;0.0;;;;;;;media/2123834.jpg 2123835;4054289009434;Bosch eBike Snabbguide SmartphoneGrip DE;Bosch;300001144;;;;;;;;&lt;h4&gt;Viktig produktinformation&lt;/h4&gt;&lt;br&gt;&lt;br&gt;&lt;p&gt;&lt;!--StartFragment --&gt;Högsta beställningskvantitet: 50 stycken&lt;!--EndFragment --&gt;&lt;/p&gt;;;&lt;p&gt;Snabbguide för SmartphoneGrip&lt;/p&gt;&lt;br&gt;;;;;;;;;;;;;;;;;;5 Broschyrer;;;;;;;;;;;;;;49111090;0.01;0.01;17,0 x 12,0 cm;516020;0.0;;;;;;;media/2123835.jpg 2123836;4054289009441;Bosch eBike Snabbguide SmartphoneGrip EN;Bosch;300001146;;;;;;;;&lt;h4&gt;Viktig produktinformation&lt;/h4&gt;&lt;br&gt;&lt;br&gt;&lt;p&gt;&lt;!--StartFragment --&gt;Högsta beställningskvantitet: 50 stycken&lt;!--EndFragment --&gt;&lt;/p&gt;;;&lt;p&gt;Snabbguide för SmartphoneGrip&lt;/p&gt;;;;;;;;;;;;;;;;;;5 Broschyrer;;;;;;;;;;;;;;49111090;0.007;0.007;17,0 x 12,0 cm;516020;0.0;;;;;;;media/2123836.jpg 2123837;4054289009458;Bosch eBike Snabbguide SmartphoneGrip ES;Bosch;300001147;;;;;;;;&lt;h4&gt;Viktig produktinformation&lt;/h4&gt;&lt;br&gt;&lt;br&gt;&lt;p&gt;&lt;!--StartFragment --&gt;Högsta beställningskvantitet: 50 stycken&lt;!--EndFragment --&gt;&lt;/p&gt;;;&lt;p&gt;Snabbguide för SmartphoneGrip&lt;/p&gt;;;;;;;;;;;;;;;;;;5 Broschyrer;;;;;;;;;;;;;;49111090;0.007;0.007;17,0 x 12,0 cm;516020;0.0;;;;;;;media/2123837.jpg 2123838;4054289009465;Bosch eBike Snabbguide SmartphoneGrip FR;Bosch;300001148;;;;;;;;&lt;h4&gt;Viktig produktinformation&lt;/h4&gt;&lt;br&gt;&lt;br&gt;&lt;p&gt;&lt;!--StartFragment --&gt;Högsta beställningskvantitet: 50 stycken&lt;!--EndFragment --&gt;&lt;/p&gt;;;&lt;p&gt;Snabbguide för SmartphoneGrip&lt;/p&gt;;;;;;;;;;;;;;;;;;5 Broschyrer;;;;;;;;;;;;;;49111090;0.007;0.007;17,0 x 12,0 cm;516020;0.0;;;;;;;media/2123838.jpg 2123839;4054289009472;Bosch eBike Snabbguide SmartphoneGrip IT;Bosch;300001149;;;;;;;;&lt;h4&gt;Viktig produktinformation&lt;/h4&gt;&lt;br&gt;&lt;br&gt;&lt;p&gt;&lt;!--StartFragment --&gt;Högsta beställningskvantitet: 50 stycken&lt;!--EndFragment --&gt;&lt;/p&gt;;;&lt;p&gt;Snabbguide för SmartphoneGrip&lt;/p&gt;;;;;;;;;;;;;;;;;;5 Broschyrer;;;;;;;;;;;;;;49111090;0.007;0.007;17,0 x 12,0 cm;516020;0.0;;;;;;;media/2123839.jpg 2123840;4054289009489;Bosch eBike Snabbguide SmartphoneGrip NL;Bosch;300001150;;;;;;;;&lt;h4&gt;Viktig produktinformation&lt;/h4&gt;&lt;br&gt;&lt;br&gt;&lt;p&gt;&lt;!--StartFragment --&gt;Högsta beställningskvantitet: 50 stycken&lt;!--EndFragment --&gt;&lt;/p&gt;;;&lt;p&gt;Snabbguide för SmartphoneGrip&lt;/p&gt;;;;;;;;;;;;;;;;;;5 Broschyrer;;;;;;;;;;;;;;49111090;0.01;0.01;17,0 x 12,0 cm;516020;0.0;;;;;;;media/2123840.jpg 2123841;4054289009496;Bosch eBike Snabbguide SmartphoneGrip NO;Bosch;300001151;;;;;;;;&lt;h4&gt;Viktig produktinformation&lt;/h4&gt;&lt;br&gt;&lt;br&gt;&lt;p&gt;&lt;!--StartFragment --&gt;Högsta beställningskvantitet: 50 stycken&lt;!--EndFragment --&gt;&lt;/p&gt;;;&lt;p&gt;Snabbguide för SmartphoneGrip&lt;/p&gt;;;;;;;;;;;;;;;;;;5 Broschyrer;;;;;;;;;;;;;;49111090;0.005;0.005;17,0 x 12,0 cm;516020;0.0;;;;;;;media/2123841.jpg 2123842;4054289009502;Bosch eBike Snabbguide SmartphoneGrip PL;Bosch;300001152;;;;;;;;&lt;h4&gt;Viktig produktinformation&lt;/h4&gt;&lt;br&gt;&lt;br&gt;&lt;p&gt;&lt;!--StartFragment --&gt;Högsta beställningskvantitet: 50 stycken&lt;!--EndFragment --&gt;&lt;/p&gt;;;&lt;p&gt;Snabbguide för SmartphoneGrip&lt;/p&gt;;;;;;;;;;;;;;;;;;5 Broschyrer;;;;;;;;;;;;;;49111090;0.005;0.005;17,0 x 12,0 cm;516020;0.0;;;;;;;media/2123842.jpg 2123843;4054289009519;Bosch eBike Snabbguide SmartphoneGrip SE;Bosch;300001153;;;;;;;;&lt;h4&gt;Viktig produktinformation&lt;/h4&gt;&lt;br&gt;&lt;br&gt;&lt;p&gt;&lt;!--StartFragment --&gt;Högsta beställningskvantitet: 50 stycken&lt;!--EndFragment --&gt;&lt;/p&gt;;;&lt;p&gt;Snabbguide för SmartphoneGrip&lt;/p&gt;;;;;;;;;;;;;;;;;;5 Broschyrer;;;;;;;;;;;;;;49111090;0.02;0.02;17,0 x 12,0 cm;516020;0.0;;;;;;;media/2123843.jpg 2123847;4054289009090;Eftermonteringssats enarmad hållare 35,0 mm;Bosch;EB13900011;;;;;;;;;;;Produkt för eftermontering för slutkunden;Vid eftermontering av en display (Kiox 300, Kiox 500, SmartphoneGrip) med Y-kabelmontering ska en blindplugg (EB11900002) beställas separat för att försluta den displayport på displayfästet som inte används;;;;;;;;;;;;;;;1 st Enarmad hållare 35,0 mm (BDS3630) EB13100006;1 st Displayfäste med kabeluttag på baksidan (BDS3210) EB1310000A;1 st Displaykabel 300 mm (BCH3611_300) EB1212000A;1 st Bruks- och monteringsanvisning;;;;;;;;;;;87141090;0.3;0.3;;202290;21.68;33.36;;;;;;media/2123847.jpg 2123848;4054289009106;Eftermonteringssats enarmad hållare 31,8 mm;Bosch;EB13900012;;;;;;;;;;;Vid eftermontering av en display (Kiox 300, Kiox 500, SmartphoneGrip) med Y-kabelmontering ska en blindplugg (EB11900002) beställas separat för att försluta den displayport på displayfästet som inte används;;;;;;;;;;;;;;;;1 st Enarmad hållare 31,8 mm (BDS3620) EB13100005;1 st Displayfäste med kabeluttag på baksidan (BDS3210) EB1310000;1 st Displaykabel 300 mm (BCH3611_300) EB1212000A;1 st Bruks- och monteringsanvisning;;;;;;;;;;;87141090;0.3;0.3;;202290;21.68;33.36;;;;;;media/2123848.jpg 2123862;4054289008239;Monteringssats ABS Ø45-48 mm (BAS33YY, BAS35YY);Bosch;EB1190000M;;;;;;;;;;;;;;;;;;;;;;;;;;;1 st Hållarplatta;2 st Klämhållare Ø45–48 mm;2 st Gummiinsats L (39-41/42-43/45-46);2 st Gummiinsats S (41-42/43-45/47-48);2 st Försänkt skruv M5x10 (hållarplatta);2 st Skruv M4x25 (klämhållare);;;;;;;;;39269097;0.05;0.05;;202290;7.32;11.26;;;;;;media/2123862.jpg 2123863;4054289008420;Hastighetssensor ABS 700 mm (BCH3398_700);Bosch;0265012171;;;;;;;;;Kompatibel med;;BAS33YY;;;;;;;;;;;;;;;;1 st Hastighetssensor ABS, 700 mm;;;;;;;;;;;;;;90318080;0.016;0.016;;202290;14.69;22.61;;;;;;media/2123863.jpg 2123864;4054289008437;Hastighetssensor ABS 2500 mm (BCH3398_2500);Bosch;0265012172;;;;;;;;;Kompatibel med;;BAS33YY;;;;;;;;;;;;;;;;1 st Hastighetssensor ABS, 2500 mm;;;;;;;;;;;;;;90318080;0.038;0.038;;202290;16.99;26.13;;;;;;media/2123864.jpg 2123865;4054289008444;Hastighetssensor ABS 2700 mm (BCH3398_2700);Bosch;0265012173;;;;;;;;;Kompatibel med;;BAS33YY;;;;;;;;;;;;;;;;1 st Hastighetssensor ABS, 2700 mm;;;;;;;;;;;;;;90318080;0.04;0.04;;202290;16.99;26.13;;;;;;media/2123865.jpg 2123866;4054289006273;Monteringsskena PowerTube 500 horisontell, led (BBP375Y);Bosch;EB1210001J;Förväntas vara tillgänglig från och med kalenderveckan 35 / 2026;;;;;;;;;;För batterier med svängbar borttagning (led);;;;;;;;;;;;;;;;1 st Monteringsskena;;;;;;;;;;;;;;83023000;0.317;0.317;;552050;10.16;15.63;;;;;;media/2123866.jpg 2123867;4054289006280;Monteringsskena PowerTube 500 vertikal, led (BBP375Y);Bosch;EB1210001K;;;;;;;;;;;För batterier med svängbar borttagning (led);;;;;;;;;;;;;;;;1 st Monteringsskena;;;;;;;;;;;;;;83023000;0.239;0.239;;552050;10.16;15.63;;;;;;media/2123867.jpg 2123868;4054289006310;Monteringsskena PowerTube 625 horisontell, led (BBP376Y);Bosch;EB1210001L;;;;;;;;;;;För batterier med svängbar borttagning (led);;;;;;;;;;;;;;;;1 st Monteringsskena;;;;;;;;;;;;;;83023000;0.376;0.376;;552050;10.16;15.63;;;;;;media/2123868.jpg 2123869;4054289006327;Monteringsskena PowerTube 625 vertikal, led (BBP376Y);Bosch;EB1210001M;;;;;;;;;;;För batterier med svängbar borttagning (led);;;;;;;;;;;;;;;;1 st Monteringsskena;;;;;;;;;;;;;;83023000;0.286;0.286;;552050;10.16;15.63;;;;;;media/2123869.jpg 2123870;4054289008581;Batteriadapter 1 (BAD 1);Bosch;EB12100014;;;;;;;;;;;Med anslutningsmöjlighet för en batterikabel och en laddningskabel;För PowerPack 545 / 725;;;;;;;;;;;;;;;1 st Batteriadapter 1;;;;;;;;;;;;;;85366990;0.017;0.017;;552050;8.47;13.03;;;;;;media/2123870.jpg 2123871;4054289005795;PowerTube 625 vertikal (EU) (BBP3761);Bosch;EB12100010;;;;;;;;&lt;h4&gt;Viktig produktinformation&lt;/h4&gt;&lt;br&gt;&lt;br&gt;&lt;p&gt;Alla PowerTube-batterier har inte samma längdmått. Kompatibilitet mellan enskilda PowerTube-modeller kan inte alltid garanteras.&lt;/p&gt;&lt;br&gt;&lt;br&gt;&lt;p&gt;På grund av de olika batterikonstruktionerna och batterihållarna är de nya batterierna PowerTube 600 (BBP3860) och PowerTube 800 (BBP388Y) inte utbytbara med PowerTube 750 (BBP377Y), PowerTube 625 (BBP376Y) eller PowerTube 500 (BBP375Y).&lt;/p&gt;;;&lt;p&gt;Se till att du beställer &lt;strong&gt;rätt variant&lt;/strong&gt; av detta batteri (horisontellt eller vertikalt). &lt;/p&gt;&lt;br&gt;;Batteripaket som kan integreras i cykelramen.;Bekväm och säker insättning och avlägsnande;Hög körsträcka och lång livslängd tack vare det integrerade batterihanteringssystemet.;Ingen minneseffekt och ingen självurladdning;;;;Kan beställas separat;;Skruvplatta: EB1290000D;;;;;;;1 st PowerTube 625 vertikal;1 st Transportförpackning (godkänd för farligt gods);1 st Bruksanvisning;;;;;;;;;;;;85076000;3.85;3.85;415 x 65 x 84 mm;202220;528.82;755.46;;;;;;media/2123871.jpg 2123872;4054289005801;PowerTube 625 horisontell (EU) (BBP3760);Bosch;EB12100011;;;;;;;;&lt;h4&gt;Viktig produktinformation&lt;/h4&gt;&lt;br&gt;&lt;br&gt;&lt;p&gt;Alla PowerTube-batterier har inte samma längdmått. Kompatibilitet mellan enskilda PowerTube-modeller kan inte alltid garanteras.&lt;/p&gt;&lt;br&gt;&lt;br&gt;&lt;p&gt;På grund av de olika batterikonstruktionerna och batterihållarna är de nya batterierna PowerTube 600 (BBP3860) och PowerTube 800 (BBP388Y) inte utbytbara med PowerTube 750 (BBP377Y), PowerTube 625 (BBP376Y) eller PowerTube 500 (BBP375Y).&lt;/p&gt;;;&lt;p&gt;Se till att du beställer &lt;strong&gt;rätt variant&lt;/strong&gt; av detta batteri (horisontellt eller vertikalt). &lt;/p&gt;;Batteripaket som kan integreras i cykelramen.;Bekväm och säker insättning och avlägsnande;Hög körsträcka och lång livslängd tack vare det integrerade batterihanteringssystemet.;Ingen minneseffekt och ingen självurladdning;;;;Kan beställas separat;;Skruvplatta: EB1290000E;;;;;;;1 st PowerTube 625 horisontell;1 st Transportförpackning (godkänd för farligt gods);1 st Bruksanvisning;Batteriet levereras UTAN skruvplatta;;;;;;;;;;;85076000;3.865;3.865;415 x 84 x 65 mm;202220;528.82;755.46;;;;;;media/2123872.jpg 2123873;4054289006174;PowerTube 500 vertikal (EU) (BBP3751);Bosch;EB12100016;;;;;;;;&lt;h4&gt;Viktig produktinformation&lt;/h4&gt;&lt;br&gt;&lt;br&gt;&lt;p&gt;Alla PowerTube-batterier har inte samma längdmått. Kompatibilitet mellan enskilda PowerTube-modeller kan inte alltid garanteras.&lt;/p&gt;&lt;br&gt;&lt;br&gt;&lt;p&gt;På grund av de olika batterikonstruktionerna och batterihållarna är de nya batterierna PowerTube 600 (BBP3860) och PowerTube 800 (BBP388Y) inte utbytbara med PowerTube 750 (BBP377Y), PowerTube 625 (BBP376Y) eller PowerTube 500 (BBP375Y).&lt;/p&gt;;;&lt;p&gt;Se till att du beställer &lt;strong&gt;rätt variant&lt;/strong&gt; av detta batteri (horisontellt eller vertikalt). &lt;/p&gt;;Batteripaket som kan integreras i cykelramen.;Bekväm och säker insättning och avlägsnande;Hög körsträcka och lång livslängd tack vare det integrerade batterihanteringssystemet.;Ingen minneseffekt och ingen självurladdning;;;;Kan beställas separat;;Skruvplatta: EB1290000D;;;;;;;1 st PowerTube 500 vertikal;1 st Transportförpackning (godkänd för farligt gods);1 st Bruksanvisning;Batteriet levereras UTAN skruvplatta;;;;;;;;;;;85076000;3.2;3.2;345 x 65 x 84 mm;202220;446.47;637.82;;;;;;media/2123873.jpg 2123874;4054289006181;PowerTube 500 horisontell (EU) (BBP3750);Bosch;EB12100017;;;;;;;;&lt;h4&gt;Viktig produktinformation&lt;/h4&gt;&lt;br&gt;&lt;br&gt;&lt;p&gt;Alla PowerTube-batterier har inte samma längdmått. Kompatibilitet mellan enskilda PowerTube-modeller kan inte alltid garanteras.&lt;/p&gt;&lt;br&gt;&lt;br&gt;&lt;p&gt;På grund av de olika batterikonstruktionerna och batterihållarna är de nya batterierna PowerTube 600 (BBP3860) och PowerTube 800 (BBP388Y) inte utbytbara med PowerTube 750 (BBP377Y), PowerTube 625 (BBP376Y) eller PowerTube 500 (BBP375Y).&lt;/p&gt;&lt;br&gt;;;&lt;p&gt;Se till att du beställer &lt;strong&gt;rätt variant&lt;/strong&gt; av detta batteri (horisontellt eller vertikalt). &lt;/p&gt;&lt;br&gt;;Batteripaket som kan integreras i cykelramen;Bekväm och säker insättning och avlägsnande;Hög körsträcka och lång livslängd tack vare det integrerade batterihanteringssystemet.;Ingen minneseffekt och ingen självurladdning;;;;Kan beställas separat;;Skruvplatta: EB1290000E;;;;;;;1 st PowerTube 500 horisontell;1 st Transportförpackning (godkänd för farligt gods);1 st Bruksanvisning;;;;;;;;;;;;85076000;3.2;3.2;345 x 84 x 65 mm;202220;446.47;637.82;;;;;;media/2123874.jpg 2123875;4054289006303;Monteringsskena med kantskydd, PowerTube 625 vertikal, axiell (BBP376Y);Bosch;EB1210002A;;;;;;;;;;;För batterier med skjutbar montering (axiell);;;;;;;;;;;;;;;;1 st Monteringsskena;;;;;;;;;;;;;;83023000;0.292;0.292;;552050;10.16;15.63;;;;;;media/2123875.jpg 2123877;4054289006204;Attrapp PowerTube 500 horisontell;Bosch;EB12100022;;;;;;;;;;;Tomt hölje för demonstrationsändamål;Kan inte användas vid reparation;;;;;;;;Längd: 342,3 mm;Vikt: 0,6 kg;;;;;;1 Attrapp PowerTube 500 horisontell;;;;;;;;;;;;;;85079080;0.737;0.737;;202220;57.2;;;;;;;media/2123877.jpg 2123880;4054289006259;Monteringsskena med kantskydd PowerTube 500 horisontell, axiell(BBP375Y);Bosch;EB12100027;;;;;;;;;;;För batterier med skjutbar montering (axiell);;;;;;;;;;;;;;;;1 st Monteringsskena;;;;;;;;;;;;;;83023000;0.322;0.322;;552050;10.16;15.63;;;;;;media/2123880.jpg 2123881;4054289006266;Monteringsskena PowerTube 500 vertikal med kantskydd, axiell (BBP375Y);Bosch;EB12100028;;;;;;;;;;;För batterier med skjutbar montering (axiell);;;;;;;;;;;;;;;;1 st Monteringsskena;;;;;;;;;;;;;;83023000;0.244;0.244;;552050;10.16;15.63;;;;;;media/2123881.jpg 2123882;4054289006297;Monteringsskena med kantskydd, PowerTube 625 horisontell, axiell (BBP376Y);Bosch;EB12100029;;;;;;;;;;;För batterier med skjutbar montering (axiell);;;;;;;;;;;;;;;;1 st Monteringsskena;;;;;;;;;;;;;;83023000;0.38;0.38;;552050;10.16;15.63;;;;;;media/2123882.jpg 2123883;4054289009328;Skyddslock till batteriuttag, monteringsskena nedtill;Bosch;EB1210004E;;;;;;;;;;;För montering av monteringsskenan under batteriet (BBP37YY);;;;;;;;;;;;;;;;1 st Skyddslock för batteriuttag;;;;;;;;;;;;;;39269097;0.012;0.012;;552050;1.09;1.68;;;;;;media/2123883.jpg 2123884;4054289009359;Skyddslock till batteriuttag, monteringsskena upptill;Bosch;EB1210004G;;;;;;;;;;;För montering av monteringsskenan ovanför batteriet (BBP37YY);;;;;;;;;;;;;;;;1 st Skyddslock för batteriuttag;;;;;;;;;;;;;;39269097;0.01;0.01;;552050;1.09;1.68;;;;;;media/2123884.jpg 2123885;4054289008611;Batterikabel 250 mm (BCH3910_250);Bosch;EB1212002N;;;;;;;;;;;Med böjbar kabelmantel;;;;;;;;;;;;;;;;1 st Batterikabel, 250 mm;;;;;;;;;;;;;;85444290;0.02;0.02;;202290;9.01;13.87;;;;;;media/2123885.jpg 2123886;4054289008628;Batterikabel 300 mm (BCH3910_300);Bosch;EB1212002P;;;;;;;;;;;Med böjbar kabelmantel;;;;;;;;;;;;;;;;1 st Batterikabel, 300 mm;;;;;;;;;;;;;;85444290;0.022;0.022;;202290;9.01;13.87;;;;;;media/2123886.jpg 2123887;4054289008635;Batterikabel 350 mm (BCH3910_350);Bosch;EB1212002R;;;;;;;;;;;Med böjbar kabelmantel;;;;;;;;;;;;;;;;1 st Batterikabel, 350 mm;;;;;;;;;;;;;;85444290;0.025;0.025;;202290;9.01;13.87;;;;;;media/2123887.jpg 2123888;4054289008642;Batterikabel 400 mm (BCH3910_400);Bosch;EB1212002S;;;;;;;;;;;Med böjbar kabelmantel;;;;;;;;;;;;;;;;1 st Batterikabel, 400 mm;;;;;;;;;;;;;;85444290;0.027;0.027;;202290;10.16;15.63;;;;;;media/2123888.jpg 2123889;4054289008659;Batterikabel 450 mm (BCH3910_450);Bosch;EB1212002U;;;;;;;;;;;Med böjbar kabelmantel;;;;;;;;;;;;;;;;1 st Batterikabel, 450 mm;;;;;;;;;;;;;;85444290;0.03;0.03;;202290;10.16;15.63;;;;;;media/2123889.jpg 2123890;4054289008666;Batterikabel 500 mm (BCH3910_500);Bosch;EB1212002V;;;;;;;;;;;Med böjbar kabelmantel;;;;;;;;;;;;;;;;1 st Batterikabel, 500 mm;;;;;;;;;;;;;;85444290;0.031;0.031;;202290;10.16;15.63;;;;;;media/2123890.jpg 2123891;4054289008673;Batterikabel 600 mm (BCH3910_600);Bosch;EB1212002W;;;;;;;;;;;Med böjbar kabelmantel;;;;;;;;;;;;;;;;1 st Batterikabel, 600 mm;;;;;;;;;;;;;;85444290;0.036;0.036;;202290;10.16;15.63;;;;;;media/2123891.jpg 2123892;4054289008680;Batterikabel 700 mm (BCH3910_700);Bosch;EB1212002X;;;;;;;;;;;Med böjbar kabelmantel;;;;;;;;;;;;;;;;1 st Batterikabel, 700 mm;;;;;;;;;;;;;;85444290;0.041;0.041;;202290;10.16;15.63;;;;;;media/2123892.jpg 2123893;4054289008697;Batterikabel 800 mm (BCH3910_800);Bosch;EB1212002Y;;;;;;;;;;;Med böjbar kabelmantel;;;;;;;;;;;;;;;;1 st Batterikabel, 800 mm;;;;;;;;;;;;;;85444290;0.045;0.045;;202290;10.16;15.63;;;;;;media/2123893.jpg 2123894;4054289008703;Batterikabel 900 mm (BCH3910_900);Bosch;EB1212002Z;;;;;;;;;;;Med böjbar kabelmantel;;;;;;;;;;;;;;;;1 st Batterikabel 900 mm;;;;;;;;;;;;;;85444290;0.05;0.05;;202290;11.31;17.39;;;;;;media/2123894.jpg 2123895;4054289008741;Batterikabel 1600 mm (BCH3910_1600);Bosch;EB1212003U;;;;;;;;;;;Med böjbar kabelmantel;;;;;;;;;;;;;;;;1 st Batterikabel, 1600 mm;;;;;;;;;;;;;;85444290;0.082;0.082;;202290;11.31;17.39;;;;;;media/2123895.jpg 2123896;4054289008758;Batterikabel 1900 mm (BCH3910_1900);Bosch;EB1212003V;;;;;;;;;;;Med böjbar kabelmantel;;;;;;;;;;;;;;;;1 st Batterikabel, 1900 mm;;;;;;;;;;;;;;85444290;0.1;0.1;;202290;11.31;17.39;;;;;;media/2123896.jpg 2123897;4054289008376;Ladduttagskabel 350 mm (BCH3901_350);Bosch;EB1212003W;;;;;;;;;;;Med böjbar kabelmantel;;;;;;;;;;;;;;;;1 st Ladduttagskabel, 350 mm;;;;;;;;;;;;;;85444290;0.04;0.04;;202290;13.0;20.0;;;;;;media/2123897.jpg 2123898;4054289008413;Ladduttagskabel 1500 mm (BCH3901_1500);Bosch;EB1212003X;;;;;;;;;;;Med böjbar kabelmantel;;;;;;;;;;;;;;;;1 st Ladduttagskabel, 1500 mm;;;;;;;;;;;;;;85444290;0.1;0.1;;202290;15.84;24.37;;;;;;media/2123898.jpg 2123899;4054289008710;Batterikabel 1000 mm (BCH3910_1000);Bosch;EB12120030;;;;;;;;;;;Med böjbar kabelmantel;;;;;;;;;;;;;;;;1 st Batterikabel, 1000 mm;;;;;;;;;;;;;;85444290;0.055;0.055;;202290;11.31;17.39;;;;;;media/2123899.jpg 2123900;4054289008727;Batterikabel 1100 mm (BCH3910_1100);Bosch;EB12120031;;;;;;;;;;;Med böjbar kabelmantel;;;;;;;;;;;;;;;;1 st Batterikabel, 1100 mm;;;;;;;;;;;;;;85444290;0.059;0.059;;202290;11.31;17.39;;;;;;media/2123900.jpg 2123901;4054289008734;Batterikabel 1200 mm (BCH3910_1200);Bosch;EB12120032;;;;;;;;;;;Med böjbar kabelmantel;;;;;;;;;;;;;;;;1 st Batterikabel, 1200 mm;;;;;;;;;;;;;;85444290;0.063;0.063;;202290;11.31;17.39;;;;;;media/2123901.jpg 2123902;4054289008598;Batterikabel 150 mm (BCH3910_150);Bosch;EB12120033;;;;;;;;;;;Med böjbar kabelmantel;;;;;;;;;;;;;;;;1 st Batterikabel, 150 mm;;;;;;;;;;;;;;85444290;0.016;0.016;;202290;9.01;13.87;;;;;;media/2123902.jpg 2123903;4054289008604;Batterikabel 200 mm (BCH3910_200);Bosch;EB12120034;;;;;;;;;;;Med böjbar kabelmantel;;;;;;;;;;;;;;;;1 st Batterikabel, 200 mm;;;;;;;;;;;;;;85444290;0.02;0.02;;202290;9.01;13.87;;;;;;media/2123903.jpg 2123904;4054289008383;Ladduttagskabel 500 mm (BCH3901_500);Bosch;EB1212004A;;;;;;;;;;;Med böjbar kabelmantel;;;;;;;;;;;;;;;;1 st Ladduttagskabel, 500 mm;;;;;;;;;;;;;;85444290;0.042;0.042;;202290;14.15;21.76;;;;;;media/2123904.jpg 2123905;4054289008390;Ladduttagskabel 810 mm (BCH3901_810);Bosch;EB1212004B;;;;;;;;;;;Med böjbar kabelmantel;;;;;;;;;;;;;;;;1 st Ladduttagskabel, 810 mm;;;;;;;;;;;;;;85444290;0.059;0.059;;202290;14.15;21.76;;;;;;media/2123905.jpg 2123906;4054289008406;Ladduttagskabel 1200 mm (BCH3901_1200);Bosch;EB1212004C;;;;;;;;;;;Med böjbar kabelmantel;;;;;;;;;;;;;;;;1 st Ladduttagskabel, 1200 mm;;;;;;;;;;;;;;85444290;0.074;0.074;;202290;15.84;24.37;;;;;;media/2123906.jpg 2123907;4054289008352;Ladduttagskabel 100 mm (BCH3901_100);Bosch;EB12120048;;;;;;;;;;;Med böjbar kabelmantel;;;;;;;;;;;;;;;;1 Ladduttagskabel 100 mm;;;;;;;;;;;;;;85444290;0.025;0.025;;202290;13.0;20.0;;;;;;media/2123907.jpg 2123908;4054289008369;Ladduttagskabel 200 mm (BCH3901_200);Bosch;EB12120049;;;;;;;;;;;Med böjbar kabelmantel;;;;;;;;;;;;;;;;1 st Ladduttagskabel 200 mm;;;;;;;;;;;;;;85444290;0.028;0.028;;202290;13.0;20.0;;;;;;media/2123908.jpg 2123909;4054289008765;Dämpningselement PowerPack Frame (BBP35YY);Bosch;EB122000C6;;;;;;;;;;;;;;;;;;;;;;;;;;;1 st Dämpningselement;;;;;;;;;;;;;;40169997;0.005;0.005;;202290;1.64;2.52;;;;;;media/2123909.jpg 2123910;4054289008307;Stiftskydd för ladduttag (Bosch eBike-system 2);Bosch;EB122000JD;;;;;;;;;;;;;;;;;;;;;;;;;;;1 st Stiftskydd;;;;;;;;;;;;;;39269097;0.01;0.01;;202290;1.09;1.68;;;;;;media/2123910.jpg 2123911;4054289009403;Hållarskalsats PowerPack Frame, låssida, kort (BBP35YY);Bosch;EB122000LT;;;;;;;;;;;;;;;;;;;;;;;;;;;1 st Kåpa nedtill på låssida;1 st Kåpa upptill på låssida, kort;2 st Skruv med platt huvud M5x20, Torx T25;1 st Skruv 3,5x12, Torx T15;;;;;;;;;;;39269097;0.03;0.03;;202290;2.4;3.7;;;;;;media/2123911.jpg 2123912;4054289008246;Hållarskalsats PowerPack Frame, kontaktsida batteriadapter 2 (BBP35YY);Bosch;EB1290000R;;;;;;;;;;;;;;;;;;;;;;;;;;;1 st Hållarplatta batteriadapter 2;2 st Självgängande skruv för plast 3,5x12, Torx T15;1 st Självgängande skruv för aluminium 3,5x12, Torx T15;1 st Skruv med platt huvud M5x20, Torx T25;1 st Hållarskal batteriadapter 2;;;;;;;;;;39269097;0.06;0.06;;202290;2.4;3.7;;;;;;media/2123912.jpg 2123913;4054289008253;Hållaradaptersats PowerPack Frame, kontaktsida batteriadapter 2 (BBP35YY);Bosch;EB1290000S;;;;;;;;;;;;;;;;;;;;;;;;;;;1 st Adapterplatta batteriadapter 2;1 st Skruv med platt huvud M5x20, Torx T25;;;;;;;;;;;;;83023000;0.04;0.04;;202290;2.4;3.7;;;;;;media/2123913.jpg 2123914;4054289008260;Hållarskalsats PowerPack Frame, kontaktsida batteriadapter 1 (BBP35YY);Bosch;EB1290000T;;;;;;;;;;;;;;;;;;;;;;;;;;;1 st Hållarplatta batteriadapter 1;2 st Självgängande skruv för plast 3,5x12 Torx T15;1 st Självgängande skruv för aluminium 3,5x12 Torx T15;1 st Skruv med platt huvud M5x20, Torx T25;1 st Hållarskal batteriadapter 1;;;;;;;;;;39269097;0.06;0.06;;202290;2.4;3.7;;;;;;media/2123914.jpg 2123915;4054289008277;Hållaradaptersats PowerPack Frame, kontaktsida batteriadapter 1 (BBP35YY);Bosch;EB1290000U;;;;;;;;;;;;;;;;;;;;;;;;;;;1 st Adapterplatta batteriadapter 1;1 st Skruv med platt huvud M5x20, Torx T25;;;;;;;;;;;;;83023000;0.037;0.037;;202290;2.4;3.7;;;;;;media/2123915.jpg 2123916;4054289008284;Hållarskalsats PowerPack Frame, låssida (BBP35YY);Bosch;EB1290000V;;;;;;;;;;;;;;;;;;;;;;;;;;;1 st Kåpa nedtill på låssida;1 st Kåpa upptill på låssida;2 st Skruv med platt huvud M5x20, Torx T25;1 st Skruv 3,5x12 Torx T15;;;;;;;;;;;39269097;0.039;0.039;;202290;2.4;3.7;;;;;;media/2123916.jpg 2123917;4054289008291;Låsbygel PowerPack Frame (BBP35YY);Bosch;EB1290000W;;;;;;;;;;;;;;;;;;;;;;;;;;;1 st Låsbygel;1 st Dämpningselement;1 st Täckplatta;2 st Skruv M3,5x12 T15;;;;;;;;;;;39269097;0.02;0.02;;202290;2.79;4.29;;;;;;media/2123917.jpg 2123918;4054289009397;Stiftskydd (det smarta systemet);Bosch;EB122000K4;;;;;;;;;;;;;;;;;;;;;;;;;;;1 st Stiftskydd;;;;;;;;;;;;;;85389099;0.01;0.01;;202290;1.09;1.68;;;;;;media/2123918.jpg 2123919;4054289008963;Hållare ConnectModule för BDU33YY;Bosch;EB13200012;;;;;;;;;Kompatibel med;;BDU3360;BDU3340;BDU3320;;;;;;;;;;;;;;1 st ConnectModule-hållare;;;;;;;;;;;;;;90292031;0.012;0.012;;202290;2.79;4.29;;;;;;media/2123919.jpg 2123922;4054289008949;Eftermonteringssats ConnectModule för BDU33YY (BCM3100);Bosch;EB1390000Z;;;;;;;;&lt;h4&gt;Viktig produktinformation&lt;/h4&gt;&lt;br&gt;&lt;br&gt;&lt;p&gt;Connect Module kan eftermonteras på eBikes med smart-systemet, förutsatt att eBike-tillverkaren har gett sitt godkännande i Bosch DiagnosticTool 3 via posten ”Connect Module ready”.&lt;/p&gt;&lt;br&gt;&lt;br&gt;&lt;p&gt;Vid eftermontering av en Bosch ConnectModule på BDU33YY måste designkåporna EB1120003T och EB1120003U ersättas med designkåpan EB1120003X.&lt;/p&gt;&lt;br&gt;;Obs!;&lt;p&gt;Installation och reparationer av ConnectModule bör utföras av en auktoriserad fackhandlare. Felaktig installation kan leda till att ConnectModule eller eBike inte längre kan användas i enlighet med lagen.&lt;/p&gt;&lt;br&gt;&lt;br&gt;&lt;h5&gt;&lt;br /&gt;&lt;br&gt;Kompatibel med &lt;/h5&gt;;Performance Line (BDU3360);Active Line (BDU3320);Active Line Plus (BDU3340);BDU33YY;;;;;&lt;p&gt;ConnectModule monteras osynligt på eBike och utrustar den med GPS, SIM-kort och rörelsesensorer. &lt;/p&gt;;Elcyklisten förblir ansluten till eBiken via eBike Flow-appen och kan använda premiumtjänsterna i abonnemangen Flow+.;eBike Alarm, till exempel, erbjuder smart stöldskydd för bekymmersfri parkering, inklusive spårning av geografisk plats och tvåstegslarm.;Ett abonnemang på avgiftsbelagda Flow+ krävs för att ConnectModule ska fungera. Abonnemanget Flow+ är gratis under de första 12 månaderna.;;;;;1 st ConnectModule EB1310000B;1 st Monteringsplatta EB13200011;1 st Hållare EB13200012;1 st Kabel 100 mm EB1212003S;1 st Skruv 1270016499;1 st Skruv för monteringsplatta EB13200031;1 st Bruks- och monteringsanvisning;;;;;;;;85176200;0.259;0.259;;202290;75.92;116.81;;;;;;media/2123922.jpg 2123923;4054289008789;Display Intuvia 100 (BHU3200);Bosch;EB1310000F;Förväntas vara tillgänglig från och med kalenderveckan 34 / 2026;;;;;;;&lt;h4&gt;Viktig produktinformation&lt;/h4&gt;&lt;br&gt;&lt;br&gt;&lt;p&gt;För Intuvia 100 krävs en särskild hållare!&lt;/p&gt;&lt;br&gt;&lt;br&gt;&lt;p&gt;&lt;strong&gt;Finns att köpa vid behov&lt;/strong&gt;&lt;br /&gt;&lt;br&gt;Hållare för styrediameter:&lt;br /&gt;&lt;br&gt;25,4 mm (EB1310000L)&lt;br /&gt;&lt;br&gt;31,8 mm (EB1310000J)&lt;br /&gt;&lt;br&gt;35,0 mm (EB1310000M)&lt;/p&gt;&lt;br&gt;;;;Displaystorlek: ca 2,5</li><li>Displaytyp: Segment / matrisdisplay, svartvitt, 100 x 25 pixlar</li><li>Strömförsörjning: Knappcellsbatteri CR2450</li><li>Anslutning till eBike-system: Bluetooth 5.0 Low Energy*</li><li>Styrenhet: LED Remote eller System Controller med eller utan Mini Remote</li></ul><p style='margin:0 0 1em'>&lt;p&gt;*Kompatibel med Android-smartphones från version 7.1 och Apple iPhone från iOS 14.0&lt;/p&gt;&lt;br&gt;</p><p style='margin:0 0 1em'>I förpackningen: 1 st Display Intuvia 100, 1 st Bruks- och monteringsanvisning.</p><p style='margin:0 0 1em'>System: Det smarta systemet · Mått: 6,4 x 7,4 x 1,8 cm · Vikt: 280 g · Artikelnummer: 2123631 · EAN: 4054289005535</p><p style='margin:0 0 1em'>Original Bosch eBike-reservdel. Beställningsvara som normalt når oss inom 5–10 dagar – vi hör av oss när den finns att hämta i butiken i Årsta, eller så skickar vi den hem till dig. Osäker på om delen passar din cykel? Mejla oss en bild på din display eller ditt batteri så hjälper vi dig.</p>";"919";"25";"1";"0";"1";"1";"0";"https://raw.githubusercontent.com/erik859/cykelnatur-lokalt-lager/main/bosch-bilder/2123631.jpg";"1";"280";"Original Bosch eBike-reservdel: Kiox 300-display (BHU3600). Beställningsvara hos Cykel & Natur i Årsta.";"Bosch Kiox 300-display (BHU3600) - cykelnatur.se";"4054289005535"
"2123927";"Bosch Fästskruv System Controller";"Original Bosch eBike-reservdel: Fästskruv System Controller.";"<ul><li>För att fästa System Controller i ramen</li></ul><p style='margin:0 0 1em'>I förpackningen: 1 st Skruv M4x8, Torx T10.</p><p style='margin:0 0 1em'>System: Det smarta systemet · Vikt: 2 g · Artikelnummer: 2123927 · EAN: 4054289009083</p><p style='margin:0 0 1em'>Original Bosch eBike-reservdel. Beställningsvara som normalt når oss inom 5–10 dagar – vi hör av oss när den finns att hämta i butiken i Årsta, eller så skickar vi den hem till dig. Osäker på om delen passar din cykel? Mejla oss en bild på din display eller ditt batteri så hjälper vi dig.</p>";"23";"25";"1";"0";"1";"1";"0";"https://raw.githubusercontent.com/erik859/cykelnatur-lokalt-lager/main/bosch-bilder/2123927.jpg";"1";"2";"Original Bosch eBike-reservdel: Fästskruv System Controller. Beställningsvara hos Cykel & Natur i Årsta.";"Bosch Fästskruv System Controller - cykelnatur.se";"4054289009083"
"2123928";"Bosch Gummidistans Mini Remote";"Original Bosch eBike-reservdel: Gummidistans Mini Remote.";"<p style='margin:0 0 1em'>&lt;h4&gt;Viktig produktinformation&lt;/h4&gt;&lt;br&gt;&lt;br&gt;&lt;p&gt;Passar endast för Mini Remote EB13100001&lt;/p&gt;&lt;br&gt;</p><p style='margin:0 0 1em'>I förpackningen: 1 st Gummidistans för klämma, 1 st Gummidistans med gummilock för batteri.</p><p style='margin:0 0 1em'>System: Det smarta systemet · Vikt: 4 g · Artikelnummer: 2123928 · EAN: 4054289009014</p><p style='margin:0 0 1em'>Original Bosch eBike-reservdel. Beställningsvara som normalt når oss inom 5–10 dagar – vi hör av oss när den finns att hämta i butiken i Årsta, eller så skickar vi den hem till dig. Osäker på om delen passar din cykel? Mejla oss en bild på din display eller ditt batteri så hjälper vi dig.</p>";"35";"25";"1";"0";"1";"1";"0";"https://raw.githubusercontent.com/erik859/cykelnatur-lokalt-lager/main/bosch-bilder/2123928.jpg";"1";"4";"Original Bosch eBike-reservdel: Gummidistans Mini Remote. Beställningsvara hos Cykel & Natur i Årsta.";"Bosch Gummidistans Mini Remote - cykelnatur.se";"4054289009014"
"2123929";"Bosch USB-lock System Controller";"Original Bosch eBike-reservdel: USB-lock System Controller.";"<p style='margin:0 0 1em'>I förpackningen: 1 st USB-lock System Controller.</p><p style='margin:0 0 1em'>System: Det smarta systemet · Vikt: 5 g · Artikelnummer: 2123929 · EAN: 4054289009038</p><p style='margin:0 0 1em'>Original Bosch eBike-reservdel. Beställningsvara som normalt når oss inom 5–10 dagar – vi hör av oss när den finns att hämta i butiken i Årsta, eller så skickar vi den hem till dig. Osäker på om delen passar din cykel? Mejla oss en bild på din display eller ditt batteri så hjälper vi dig.</p>";"35";"25";"1";"0";"1";"1";"0";"https://raw.githubusercontent.com/erik859/cykelnatur-lokalt-lager/main/bosch-bilder/2123929.jpg";"1";"5";"Original Bosch eBike-reservdel: USB-lock System Controller. Beställningsvara hos Cykel & Natur i Årsta.";"Bosch USB-lock System Controller - cykelnatur.se";"4054289009038"
"2123930";"Bosch Batterilock System Controller";"Original Bosch eBike-reservdel: Batterilock System Controller.";"<h3>Finns tillgänglig separat</h3><ul><li>Skruv EB1320003N</li></ul><p style='margin:0 0 1em'>I förpackningen: 1 st Batterilock System Controller.</p><p style='margin:0 0 1em'>System: Det smarta systemet · Vikt: 3 g · Artikelnummer: 2123930 · EAN: 4054289009069</p><p style='margin:0 0 1em'>Original Bosch eBike-reservdel. Beställningsvara som normalt når oss inom 5–10 dagar – vi hör av oss när den finns att hämta i butiken i Årsta, eller så skickar vi den hem till dig. Osäker på om delen passar din cykel? Mejla oss en bild på din display eller ditt batteri så hjälper vi dig.</p>";"35";"25";"1";"0";"1";"1";"0";"https://raw.githubusercontent.com/erik859/cykelnatur-lokalt-lager/main/bosch-bilder/2123930.jpg";"1";"3";"Original Bosch eBike-reservdel: Batterilock System Controller. Beställningsvara hos Cykel & Natur i Årsta.";"Bosch Batterilock System Controller - cykelnatur.se";"4054289009069"
"2123931";"Bosch Skruv batterilock System Controller";"Original Bosch eBike-reservdel: Skruv batterilock System Controller.";"<p style='margin:0 0 1em'>I förpackningen: 1 st Självgängande skruv 1,6x4,5 Torx T6.</p><p style='margin:0 0 1em'>System: Det smarta systemet · Vikt: 1 g · Artikelnummer: 2123931 · EAN: 4054289009076</p><p style='margin:0 0 1em'>Original Bosch eBike-reservdel. Beställningsvara som normalt når oss inom 5–10 dagar – vi hör av oss när den finns att hämta i butiken i Årsta, eller så skickar vi den hem till dig. Osäker på om delen passar din cykel? Mejla oss en bild på din display eller ditt batteri så hjälper vi dig.</p>";"23";"25";"1";"0";"1";"1";"0";"https://raw.githubusercontent.com/erik859/cykelnatur-lokalt-lager/main/bosch-bilder/2123931.jpg";"1";"1";"Original Bosch eBike-reservdel: Skruv batterilock System Controller. Beställningsvara hos Cykel & Natur i Årsta.";"Bosch Skruv batterilock System Controller - cykelnatur.se";"4054289009076"
"2123932";"Bosch Fjäder System Controller";"Original Bosch eBike-reservdel: Fjäder System Controller.";"<ul><li>För att fästa System Controller i ramen</li></ul><p style='margin:0 0 1em'>I förpackningen: 1 st Fjäder System Controller.</p><p style='margin:0 0 1em'>System: Det smarta systemet · Vikt: 2 g · Artikelnummer: 2123932 · EAN: 4054289009045</p><p style='margin:0 0 1em'>Original Bosch eBike-reservdel. Beställningsvara som normalt når oss inom 5–10 dagar – vi hör av oss när den finns att hämta i butiken i Årsta, eller så skickar vi den hem till dig. Osäker på om delen passar din cykel? Mejla oss en bild på din display eller ditt batteri så hjälper vi dig.</p>";"23";"25";"1";"0";"1";"1";"0";"https://raw.githubusercontent.com/erik859/cykelnatur-lokalt-lager/main/bosch-bilder/2123932.jpg";"1";"2";"Original Bosch eBike-reservdel: Fjäder System Controller. Beställningsvara hos Cykel & Natur i Årsta.";"Bosch Fjäder System Controller - cykelnatur.se";"4054289009045"
"2123933";"Bosch Batteri System Controller";"Original Bosch eBike-reservdel: Batteri System Controller.";"<ul><li>Li-Ion 75mAh</li></ul><p style='margin:0 0 1em'>I förpackningen: 1 st Batteri System Controller.</p><p style='margin:0 0 1em'>System: Det smarta systemet · Vikt: 5 g · Artikelnummer: 2123933 · EAN: 4054289009052</p><p style='margin:0 0 1em'>Original Bosch eBike-reservdel. Beställningsvara som normalt når oss inom 5–10 dagar – vi hör av oss när den finns att hämta i butiken i Årsta, eller så skickar vi den hem till dig. Osäker på om delen passar din cykel? Mejla oss en bild på din display eller ditt batteri så hjälper vi dig.</p>";"110";"25";"1";"0";"1";"1";"0";"https://raw.githubusercontent.com/erik859/cykelnatur-lokalt-lager/main/bosch-bilder/2123933.jpg";"1";"5";"Original Bosch eBike-reservdel: Batteri System Controller. Beställningsvara hos Cykel & Natur i Årsta.";"Bosch Batteri System Controller - cykelnatur.se";"4054289009052"
"2123938";"Bosch Gummidistans Intuvia 100, 25,4 mm";"Original Bosch eBike-reservdel: Gummidistans Intuvia 100, 25,4 mm.";"<p style='margin:0 0 1em'>I förpackningen: 1 st För styrdiameter 25,4 mm.</p><p style='margin:0 0 1em'>System: Det smarta systemet · Vikt: 10 g · Artikelnummer: 2123938 · EAN: 4054289008833</p><p style='margin:0 0 1em'>Original Bosch eBike-reservdel. Beställningsvara som normalt når oss inom 5–10 dagar – vi hör av oss när den finns att hämta i butiken i Årsta, eller så skickar vi den hem till dig. Osäker på om delen passar din cykel? Mejla oss en bild på din display eller ditt batteri så hjälper vi dig.</p>";"35";"25";"1";"0";"1";"1";"0";"https://raw.githubusercontent.com/erik859/cykelnatur-lokalt-lager/main/bosch-bilder/2123938.jpg";"1";"10";"Original Bosch eBike-reservdel: Gummidistans Intuvia 100, 25,4 mm. Beställningsvara hos Cykel & Natur i Årsta.";"Bosch Gummidistans Intuvia 100, 25,4 mm - cykelnatur.se";"4054289008833"
"2123939";"Bosch Gummidistans Intuvia 100, 31,8 mm";"Original Bosch eBike-reservdel: Gummidistans Intuvia 100, 31,8 mm.";"<p style='margin:0 0 1em'>I förpackningen: 1 st För styrdiameter 31,8 mm.</p><p style='margin:0 0 1em'>System: Det smarta systemet · Vikt: 3 g · Artikelnummer: 2123939 · EAN: 4054289008840</p><p style='margin:0 0 1em'>Original Bosch eBike-reservdel. Beställningsvara som normalt når oss inom 5–10 dagar – vi hör av oss när den finns att hämta i butiken i Årsta, eller så skickar vi den hem till dig. Osäker på om delen passar din cykel? Mejla oss en bild på din display eller ditt batteri så hjälper vi dig.</p>";"35";"25";"1";"0";"1";"1";"0";"https://raw.githubusercontent.com/erik859/cykelnatur-lokalt-lager/main/bosch-bilder/2123939.jpg";"1";"3";"Original Bosch eBike-reservdel: Gummidistans Intuvia 100, 31,8 mm. Beställningsvara hos Cykel & Natur i Årsta.";"Bosch Gummidistans Intuvia 100, 31,8 mm - cykelnatur.se";"4054289008840"
"2123940";"Bosch Gummidistans Intuvia 100, 35,0 mm";"Original Bosch eBike-reservdel: Gummidistans Intuvia 100, 35,0 mm.";"<p style='margin:0 0 1em'>I förpackningen: 1 st För styrdiameter 35,0 mm.</p><p style='margin:0 0 1em'>System: Det smarta systemet · Vikt: 10 g · Artikelnummer: 2123940 · EAN: 4054289008857</p><p style='margin:0 0 1em'>Original Bosch eBike-reservdel. Beställningsvara som normalt når oss inom 5–10 dagar – vi hör av oss när den finns att hämta i butiken i Årsta, eller så skickar vi den hem till dig. Osäker på om delen passar din cykel? Mejla oss en bild på din display eller ditt batteri så hjälper vi dig.</p>";"35";"25";"1";"0";"1";"1";"0";"https://raw.githubusercontent.com/erik859/cykelnatur-lokalt-lager/main/bosch-bilder/2123940.jpg";"1";"10";"Original Bosch eBike-reservdel: Gummidistans Intuvia 100, 35,0 mm. Beställningsvara hos Cykel & Natur i Årsta.";"Bosch Gummidistans Intuvia 100, 35,0 mm - cykelnatur.se";"4054289008857"
"2123942";"Bosch Batterilock Intuvia 100";"Original Bosch eBike-reservdel: Batterilock Intuvia 100.";"<h3>Finns tillgänglig separat</h3><ul><li>Tätning EB1390000V</li></ul><p style='margin:0 0 1em'>I förpackningen: 1 st Batterilock Intuvia 100.</p><p style='margin:0 0 1em'>System: Det smarta systemet · Vikt: 5 g · Artikelnummer: 2123942 · EAN: 4054289008871</p><p style='margin:0 0 1em'>Original Bosch eBike-reservdel. Beställningsvara som normalt når oss inom 5–10 dagar – vi hör av oss när den finns att hämta i butiken i Årsta, eller så skickar vi den hem till dig. Osäker på om delen passar din cykel? Mejla oss en bild på din display eller ditt batteri så hjälper vi dig.</p>";"35";"25";"1";"0";"1";"1";"0";"https://raw.githubusercontent.com/erik859/cykelnatur-lokalt-lager/main/bosch-bilder/2123942.jpg";"1";"5";"Original Bosch eBike-reservdel: Batterilock Intuvia 100. Beställningsvara hos Cykel & Natur i Årsta.";"Bosch Batterilock Intuvia 100 - cykelnatur.se";"4054289008871"
"2123943";"Bosch Packning för batterilock Intuvia 100";"Original Bosch eBike-reservdel: Packning för batterilock Intuvia 100.";"<h3>Finns tillgänglig separat</h3><ul><li>Batteriskydd EB1390000U</li></ul><p style='margin:0 0 1em'>I förpackningen: 1 st Packning.</p><p style='margin:0 0 1em'>System: Det smarta systemet · Vikt: 2 g · Artikelnummer: 2123943 · EAN: 4054289008888</p><p style='margin:0 0 1em'>Original Bosch eBike-reservdel. Beställningsvara som normalt når oss inom 5–10 dagar – vi hör av oss när den finns att hämta i butiken i Årsta, eller så skickar vi den hem till dig. Osäker på om delen passar din cykel? Mejla oss en bild på din display eller ditt batteri så hjälper vi dig.</p>";"51";"25";"1";"0";"1";"1";"0";"https://raw.githubusercontent.com/erik859/cykelnatur-lokalt-lager/main/bosch-bilder/2123943.jpg";"1";"2";"Original Bosch eBike-reservdel: Packning för batterilock Intuvia 100. Beställningsvara hos Cykel & Natur i Årsta.";"Bosch Packning för batterilock Intuvia 100 - cykelnatur.se";"4054289008888"
"2123944";"Bosch Skruv för monteringsplatta, Intuvia 100";"Original Bosch eBike-reservdel: Skruv för monteringsplatta, Intuvia 100.";"<p style='margin:0 0 1em'>I förpackningen: 1 st Skruv M3x22, 1 st Vågfjäderbricka.</p><p style='margin:0 0 1em'>System: Det smarta systemet · Vikt: 5 g · Artikelnummer: 2123944 · EAN: 4054289008895</p><p style='margin:0 0 1em'>Original Bosch eBike-reservdel. Beställningsvara som normalt når oss inom 5–10 dagar – vi hör av oss när den finns att hämta i butiken i Årsta, eller så skickar vi den hem till dig. Osäker på om delen passar din cykel? Mejla oss en bild på din display eller ditt batteri så hjälper vi dig.</p>";"23";"25";"1";"0";"1";"1";"0";"https://raw.githubusercontent.com/erik859/cykelnatur-lokalt-lager/main/bosch-bilder/2123944.jpg";"1";"5";"Original Bosch eBike-reservdel: Skruv för monteringsplatta, Intuvia 100. Beställningsvara hos Cykel & Natur i Årsta.";"Bosch Skruv för monteringsplatta, Intuvia - cykelnatur.se";"4054289008895"
"2123945";"Bosch Låsskruv Intuvia 100";"Original Bosch eBike-reservdel: Låsskruv Intuvia 100.";"<p style='margin:0 0 1em'>I förpackningen: 1 st Skruv M2x7.</p><p style='margin:0 0 1em'>System: Det smarta systemet · Vikt: 3 g · Artikelnummer: 2123945 · EAN: 4054289008901</p><p style='margin:0 0 1em'>Original Bosch eBike-reservdel. Beställningsvara som normalt når oss inom 5–10 dagar – vi hör av oss när den finns att hämta i butiken i Årsta, eller så skickar vi den hem till dig. Osäker på om delen passar din cykel? Mejla oss en bild på din display eller ditt batteri så hjälper vi dig.</p>";"23";"25";"1";"0";"1";"1";"0";"https://raw.githubusercontent.com/erik859/cykelnatur-lokalt-lager/main/bosch-bilder/2123945.jpg";"1";"3";"Original Bosch eBike-reservdel: Låsskruv Intuvia 100. Beställningsvara hos Cykel & Natur i Årsta.";"Bosch Låsskruv Intuvia 100 - cykelnatur.se";"4054289008901"
"2123946";"Bosch Eftermonteringssats Intuvia 100, 25,4 mm (BHU3200)";"Original Bosch eBike-reservdel: Eftermonteringssats Intuvia 100, 25,4 mm (BHU3200).";"<p style='margin:0 0 1em'>I förpackningen: 1 st Display Intuvia 100, 1 st Hållare 25,4 mm, 1 st Monteringsplatta, 1 st Gummidistans 25,4 mm, 1 st Skruv M3x22 (monteringsplatta), 1 st Vågfjäderbricka (monteringsplatta), 1 st Skruv M2x7 (låsskruv), 1 st Bruks- och monteringsanvisning.</p><p style='margin:0 0 1em'>System: Det smarta systemet · Mått: 6,4 x 7,4 x 1,8 cm · Vikt: 340 g · Artikelnummer: 2123946 · EAN: 4054289008918</p><p style='margin:0 0 1em'>Original Bosch eBike-reservdel. Beställningsvara som normalt når oss inom 5–10 dagar – vi hör av oss när den finns att hämta i butiken i Årsta, eller så skickar vi den hem till dig. Osäker på om delen passar din cykel? Mejla oss en bild på din display eller ditt batteri så hjälper vi dig.</p>";"1039";"25";"1";"0";"1";"1";"0";"https://raw.githubusercontent.com/erik859/cykelnatur-lokalt-lager/main/bosch-bilder/2123946.jpg";"1";"340";"Original Bosch eBike-reservdel: Eftermonteringssats Intuvia 100, 25,4 mm (BHU3200). Beställningsvara hos Cykel & Natur i Årsta.";"Bosch Eftermonteringssats Intuvia 100, 25,4 - cykelnatur.se";"4054289008918"
"2123948";"Bosch Eftermonteringssats Intuvia 100, 35 mm (BHU3200)";"Original Bosch eBike-reservdel: Eftermonteringssats Intuvia 100, 35 mm (BHU3200).";"<p style='margin:0 0 1em'>I förpackningen: 1 st Display Intuvia 100, 1 st Hållare 35,0 mm, 1 st Monteringsplatta, 1 st Gummidistans 35 mm, 1 st Skruv M3x22 (monteringsplatta), 1 st Vågfjäderbricka (monteringsplatta), 1 st Skruv M2x7 (låsskruv), 1 st Bruks- och monteringsanvisning.</p><p style='margin:0 0 1em'>System: Det smarta systemet · Mått: 6,4 x 7,4 x 1,8 cm · Vikt: 340 g · Artikelnummer: 2123948 · EAN: 4054289008932</p><p style='margin:0 0 1em'>Original Bosch eBike-reservdel. Beställningsvara som normalt når oss inom 5–10 dagar – vi hör av oss när den finns att hämta i butiken i Årsta, eller så skickar vi den hem till dig. Osäker på om delen passar din cykel? Mejla oss en bild på din display eller ditt batteri så hjälper vi dig.</p>";"1039";"25";"1";"0";"1";"1";"0";"https://raw.githubusercontent.com/erik859/cykelnatur-lokalt-lager/main/bosch-bilder/2123948.jpg";"1";"340";"Original Bosch eBike-reservdel: Eftermonteringssats Intuvia 100, 35 mm (BHU3200). Beställningsvara hos Cykel & Natur i Årsta.";"Bosch Eftermonteringssats Intuvia 100, 35 - cykelnatur.se";"4054289008932"
"2123949";"Bosch Logokåpa Cargo Line (BDU374Y)";"Original Bosch eBike-reservdel: Logokåpa Cargo Line (BDU374Y).";"<ul><li>Om Designkåpa inte är monterat</li></ul><p style='margin:0 0 1em'>I förpackningen: 1 st Logokåpa Cargo Line.</p><p style='margin:0 0 1em'>System: Det smarta systemet · Vikt: 6 g · Artikelnummer: 2123949 · EAN: 4054289009250</p><p style='margin:0 0 1em'>Original Bosch eBike-reservdel. Beställningsvara som normalt når oss inom 5–10 dagar – vi hör av oss när den finns att hämta i butiken i Årsta, eller så skickar vi den hem till dig. Osäker på om delen passar din cykel? Mejla oss en bild på din display eller ditt batteri så hjälper vi dig.</p>";"95";"25";"1";"0";"1";"1";"0";"https://raw.githubusercontent.com/erik859/cykelnatur-lokalt-lager/main/bosch-bilder/2123949.jpg";"1";"6";"Original Bosch eBike-reservdel: Logokåpa Cargo Line (BDU374Y). Beställningsvara hos Cykel & Natur i Årsta.";"Bosch Logokåpa Cargo Line (BDU374Y) - cykelnatur.se";"4054289009250"
"2123950";"Bosch Designkåpa Cargo Line, vänster (BDU374Y)";"Original Bosch eBike-reservdel: Designkåpa Cargo Line, vänster (BDU374Y).";"<p style='margin:0 0 1em'>I förpackningen: 1 st Designkåpa Cargo Line, vänster.</p><p style='margin:0 0 1em'>System: Det smarta systemet · Vikt: 80 g · Artikelnummer: 2123950 · EAN: 4054289009243</p><p style='margin:0 0 1em'>Original Bosch eBike-reservdel. Beställningsvara som normalt når oss inom 5–10 dagar – vi hör av oss när den finns att hämta i butiken i Årsta, eller så skickar vi den hem till dig. Osäker på om delen passar din cykel? Mejla oss en bild på din display eller ditt batteri så hjälper vi dig.</p>";"315";"25";"1";"0";"1";"1";"0";"https://raw.githubusercontent.com/erik859/cykelnatur-lokalt-lager/main/bosch-bilder/2123950.jpg";"1";"80";"Original Bosch eBike-reservdel: Designkåpa Cargo Line, vänster (BDU374Y). Beställningsvara hos Cykel & Natur i Årsta.";"Bosch Designkåpa Cargo Line 2123950 - cykelnatur.se";"4054289009243"
"2123951";"Bosch Logokåpa Performance Line (BDU336Y)";"Original Bosch eBike-reservdel: Logokåpa Performance Line (BDU336Y).";"<ul><li>Om Designkåpa inte är monterat</li></ul><p style='margin:0 0 1em'>I förpackningen: 1 st Logokåpa Performance Line.</p><p style='margin:0 0 1em'>System: Det smarta systemet · Vikt: 9 g · Artikelnummer: 2123951 · EAN: 4054289009229</p><p style='margin:0 0 1em'>Original Bosch eBike-reservdel. Beställningsvara som normalt når oss inom 5–10 dagar – vi hör av oss när den finns att hämta i butiken i Årsta, eller så skickar vi den hem till dig. Osäker på om delen passar din cykel? Mejla oss en bild på din display eller ditt batteri så hjälper vi dig.</p>";"95";"25";"1";"0";"1";"1";"0";"https://raw.githubusercontent.com/erik859/cykelnatur-lokalt-lager/main/bosch-bilder/2123951.jpg";"1";"9";"Original Bosch eBike-reservdel: Logokåpa Performance Line (BDU336Y). Beställningsvara hos Cykel & Natur i Årsta.";"Bosch Logokåpa Performance Line (BDU336Y) - cykelnatur.se";"4054289009229"
"2123952";"Bosch Monteringsplatta (BDU3XX, BDU33YY)";"Original Bosch eBike-reservdel: Monteringsplatta (BDU3XX, BDU33YY).";"<p style='margin:0 0 1em'>I förpackningen: 1 st Monteringsplatta.</p><p style='margin:0 0 1em'>System: Bosch eBike-system 2,Det smarta systemet · Vikt: 36 g · Artikelnummer: 2123952 · EAN: 4054289009168</p><p style='margin:0 0 1em'>Original Bosch eBike-reservdel. Beställningsvara som normalt når oss inom 5–10 dagar – vi hör av oss när den finns att hämta i butiken i Årsta, eller så skickar vi den hem till dig. Osäker på om delen passar din cykel? Mejla oss en bild på din display eller ditt batteri så hjälper vi dig.</p>";"120";"25";"1";"0";"1";"1";"0";"https://raw.githubusercontent.com/erik859/cykelnatur-lokalt-lager/main/bosch-bilder/2123952.jpg";"1";"36";"Original Bosch eBike-reservdel: Monteringsplatta (BDU3XX, BDU33YY). Beställningsvara hos Cykel & Natur i Årsta.";"Bosch Monteringsplatta (BDU3XX, BDU33YY) - cykelnatur.se";"4054289009168"
"2123953";"Bosch Designkåpa Performance Line, vänster, nedtill (BDU33YY)";"Original Bosch eBike-reservdel: Designkåpa Performance Line, vänster, nedtill (BDU33YY).";"<p style='margin:0 0 1em'>I förpackningen: 1 st Designkåpa Performance Line, vänster, nedtill.</p><p style='margin:0 0 1em'>System: Det smarta systemet · Vikt: 52 g · Artikelnummer: 2123953 · EAN: 4054289009199</p><p style='margin:0 0 1em'>Original Bosch eBike-reservdel. Beställningsvara som normalt når oss inom 5–10 dagar – vi hör av oss när den finns att hämta i butiken i Årsta, eller så skickar vi den hem till dig. Osäker på om delen passar din cykel? Mejla oss en bild på din display eller ditt batteri så hjälper vi dig.</p>";"190";"25";"1";"0";"1";"1";"0";"https://raw.githubusercontent.com/erik859/cykelnatur-lokalt-lager/main/bosch-bilder/2123953.jpg";"1";"52";"Original Bosch eBike-reservdel: Designkåpa Performance Line, vänster, nedtill (BDU33YY). Beställningsvara hos Cykel & Natur i Årsta.";"Bosch Designkåpa Performance Line 2123953 - cykelnatur.se";"4054289009199"
"2123954";"Bosch Designkåpa Performance Line, vänster, upptill (BDU33YY)";"Original Bosch eBike-reservdel: Designkåpa Performance Line, vänster, upptill (BDU33YY).";"<p style='margin:0 0 1em'>I förpackningen: 1 st Designkåpa Performance Line, vänster, upptill.</p><p style='margin:0 0 1em'>System: Det smarta systemet · Vikt: 51 g · Artikelnummer: 2123954 · EAN: 4054289009175</p><p style='margin:0 0 1em'>Original Bosch eBike-reservdel. Beställningsvara som normalt når oss inom 5–10 dagar – vi hör av oss när den finns att hämta i butiken i Årsta, eller så skickar vi den hem till dig. Osäker på om delen passar din cykel? Mejla oss en bild på din display eller ditt batteri så hjälper vi dig.</p>";"190";"25";"1";"0";"1";"1";"0";"https://raw.githubusercontent.com/erik859/cykelnatur-lokalt-lager/main/bosch-bilder/2123954.jpg";"1";"51";"Original Bosch eBike-reservdel: Designkåpa Performance Line, vänster, upptill (BDU33YY). Beställningsvara hos Cykel & Natur i Årsta.";"Bosch Designkåpa Performance Line 2123954 - cykelnatur.se";"4054289009175"
"2123955";"Bosch Designkåpa Performance Line, höger, nedtill (BDU33YY)";"Original Bosch eBike-reservdel: Designkåpa Performance Line, höger, nedtill (BDU33YY).";"<p style='margin:0 0 1em'>I förpackningen: 1 st Designkåpa Performance Line, höger, nedtill.</p><p style='margin:0 0 1em'>System: Det smarta systemet · Vikt: 55 g · Artikelnummer: 2123955 · EAN: 4054289009205</p><p style='margin:0 0 1em'>Original Bosch eBike-reservdel. Beställningsvara som normalt når oss inom 5–10 dagar – vi hör av oss när den finns att hämta i butiken i Årsta, eller så skickar vi den hem till dig. Osäker på om delen passar din cykel? Mejla oss en bild på din display eller ditt batteri så hjälper vi dig.</p>";"190";"25";"1";"0";"1";"1";"0";"https://raw.githubusercontent.com/erik859/cykelnatur-lokalt-lager/main/bosch-bilder/2123955.jpg";"1";"55";"Original Bosch eBike-reservdel: Designkåpa Performance Line, höger, nedtill (BDU33YY). Beställningsvara hos Cykel & Natur i Årsta.";"Bosch Designkåpa Performance Line 2123955 - cykelnatur.se";"4054289009205"
"2123956";"Bosch Designkåpa Performance Line, höger, upptill (BDU33YY)";"Original Bosch eBike-reservdel: Designkåpa Performance Line, höger, upptill (BDU33YY).";"<p style='margin:0 0 1em'>I förpackningen: 1x Designkåpa Performance Line, höger, upptill.</p><p style='margin:0 0 1em'>System: Det smarta systemet · Vikt: 44 g · Artikelnummer: 2123956 · EAN: 4054289009182</p><p style='margin:0 0 1em'>Original Bosch eBike-reservdel. Beställningsvara som normalt når oss inom 5–10 dagar – vi hör av oss när den finns att hämta i butiken i Årsta, eller så skickar vi den hem till dig. Osäker på om delen passar din cykel? Mejla oss en bild på din display eller ditt batteri så hjälper vi dig.</p>";"190";"25";"1";"0";"1";"1";"0";"https://raw.githubusercontent.com/erik859/cykelnatur-lokalt-lager/main/bosch-bilder/2123956.jpg";"1";"44";"Original Bosch eBike-reservdel: Designkåpa Performance Line, höger, upptill (BDU33YY). Beställningsvara hos Cykel & Natur i Årsta.";"Bosch Designkåpa Performance Line 2123956 - cykelnatur.se";"4054289009182"
"2123957";"Bosch Designkåpa Performance Line, vänster, BCM (BDU33YY)";"Om en Bosch ConnectModule BCM3100 är monterad";"<p style='margin:0 0 1em'>&lt;h4&gt;Viktig produktinformation&lt;/h4&gt;&lt;br&gt;&lt;br&gt;&lt;p&gt;Vid eftermontering av en Bosch Connect-modul för drivenhet BDU33YY kan det hända att vänster designkåpa EB1120003T och EB1120003U eventuellt måste bytas mot designkåpa EB1120003X.&lt;/p&gt;&lt;br&gt;</p><p style='margin:0 0 1em'>I förpackningen: 1 st Designkåpa Performance Line, vänster, BCM.</p><p style='margin:0 0 1em'>System: Det smarta systemet · Vikt: 44 g · Artikelnummer: 2123957 · EAN: 4054289009212</p><p style='margin:0 0 1em'>Original Bosch eBike-reservdel. Beställningsvara som normalt når oss inom 5–10 dagar – vi hör av oss när den finns att hämta i butiken i Årsta, eller så skickar vi den hem till dig. Osäker på om delen passar din cykel? Mejla oss en bild på din display eller ditt batteri så hjälper vi dig.</p>";"190";"25";"1";"0";"1";"1";"0";"https://raw.githubusercontent.com/erik859/cykelnatur-lokalt-lager/main/bosch-bilder/2123957.jpg";"1";"44";"Om en Bosch ConnectModule BCM3100 är monterad Beställningsvara hos Cykel & Natur i Årsta.";"Bosch Designkåpa Performance Line 2123957 - cykelnatur.se";"4054289009212"
"2123958";"Bosch Dekal med logotyp Cargo Line (BDU374Y)";"Original Bosch eBike-reservdel: Dekal med logotyp Cargo Line (BDU374Y).";"<ul><li>För Drive Units med tillverkarspecifik designkåpa</li></ul><p style='margin:0 0 1em'>I förpackningen: 1 st Dekal med logotyp Cargo Line.</p><p style='margin:0 0 1em'>System: Det smarta systemet · Vikt: 2 g · Artikelnummer: 2123958 · EAN: 4054289009267</p><p style='margin:0 0 1em'>Original Bosch eBike-reservdel. Beställningsvara som normalt når oss inom 5–10 dagar – vi hör av oss när den finns att hämta i butiken i Årsta, eller så skickar vi den hem till dig. Osäker på om delen passar din cykel? Mejla oss en bild på din display eller ditt batteri så hjälper vi dig.</p>";"71";"25";"1";"0";"1";"1";"0";"https://raw.githubusercontent.com/erik859/cykelnatur-lokalt-lager/main/bosch-bilder/2123958.jpg";"1";"2";"Original Bosch eBike-reservdel: Dekal med logotyp Cargo Line (BDU374Y). Beställningsvara hos Cykel & Natur i Årsta.";"Bosch Dekal med logotyp Cargo Line (BDU374Y) - cykelnatur.se";"4054289009267"
"2123959";"Bosch Logokåpa Performance Line CX Race Edition (BDU376Y)";"Original Bosch eBike-reservdel: Logokåpa Performance Line CX Race Edition (BDU376Y).";"<ul><li>Om Designkåpa inte är monterat</li></ul><p style='margin:0 0 1em'>I förpackningen: 1 st Logokåpa Performance Line CX Race Edition.</p><p style='margin:0 0 1em'>System: Det smarta systemet · Vikt: 7 g · Artikelnummer: 2123959 · EAN: 4054289009274</p><p style='margin:0 0 1em'>Original Bosch eBike-reservdel. Beställningsvara som normalt når oss inom 5–10 dagar – vi hör av oss när den finns att hämta i butiken i Årsta, eller så skickar vi den hem till dig. Osäker på om delen passar din cykel? Mejla oss en bild på din display eller ditt batteri så hjälper vi dig.</p>";"95";"25";"1";"0";"1";"1";"0";"https://raw.githubusercontent.com/erik859/cykelnatur-lokalt-lager/main/bosch-bilder/2123959.jpg";"1";"7";"Original Bosch eBike-reservdel: Logokåpa Performance Line CX Race Edition (BDU376Y). Beställningsvara hos Cykel & Natur i Årsta.";"Bosch Logokåpa Performance Line CX Race - cykelnatur.se";"4054289009274"
"2123960";"Bosch Dekal med logotyp Performance Line CX Race Limited Edition (BDU376Y)";"Original Bosch eBike-reservdel: Dekal med logotyp Performance Line CX Race Limited Edition (BDU376Y).";"<ul><li>För Drive Units med tillverkarspecifik designkåpa</li></ul><p style='margin:0 0 1em'>I förpackningen: 1 st Dekal med logotyp.</p><p style='margin:0 0 1em'>System: Det smarta systemet · Vikt: 2 g · Artikelnummer: 2123960 · EAN: 4054289009281</p><p style='margin:0 0 1em'>Original Bosch eBike-reservdel. Beställningsvara som normalt når oss inom 5–10 dagar – vi hör av oss när den finns att hämta i butiken i Årsta, eller så skickar vi den hem till dig. Osäker på om delen passar din cykel? Mejla oss en bild på din display eller ditt batteri så hjälper vi dig.</p>";"71";"25";"1";"0";"1";"1";"0";"https://raw.githubusercontent.com/erik859/cykelnatur-lokalt-lager/main/bosch-bilder/2123960.jpg";"1";"2";"Original Bosch eBike-reservdel: Dekal med logotyp Performance Line CX Race Limited Edition (BDU376Y). Beställningsvara hos Cykel & Natur i Årsta.";"Bosch Dekal med logotyp Performance 2123960 - cykelnatur.se";"4054289009281"
"2123961";"Bosch Logokåpa Performance Line Speed (BDU378Y)";"Original Bosch eBike-reservdel: Logokåpa Performance Line Speed (BDU378Y).";"<ul><li>Om Designkåpa inte är monterat</li></ul><p style='margin:0 0 1em'>I förpackningen: 1 st Logokåpa Performance Line Speed.</p><p style='margin:0 0 1em'>System: Det smarta systemet · Vikt: 8 g · Artikelnummer: 2123961 · EAN: 4054289009304</p><p style='margin:0 0 1em'>Original Bosch eBike-reservdel. Beställningsvara som normalt når oss inom 5–10 dagar – vi hör av oss när den finns att hämta i butiken i Årsta, eller så skickar vi den hem till dig. Osäker på om delen passar din cykel? Mejla oss en bild på din display eller ditt batteri så hjälper vi dig.</p>";"95";"25";"1";"0";"1";"1";"0";"https://raw.githubusercontent.com/erik859/cykelnatur-lokalt-lager/main/bosch-bilder/2123961.jpg";"1";"8";"Original Bosch eBike-reservdel: Logokåpa Performance Line Speed (BDU378Y). Beställningsvara hos Cykel & Natur i Årsta.";"Bosch Logokåpa Performance Line 2123961 - cykelnatur.se";"4054289009304"
"2123962";"Bosch Designkåpa Performance Line Speed, vänster (BDU378Y)";"Original Bosch eBike-reservdel: Designkåpa Performance Line Speed, vänster (BDU378Y).";"<p style='margin:0 0 1em'>I förpackningen: 1 st Designkåpa Performance Line Speed, vänster.</p><p style='margin:0 0 1em'>System: Det smarta systemet · Vikt: 80 g · Artikelnummer: 2123962 · EAN: 4054289009298</p><p style='margin:0 0 1em'>Original Bosch eBike-reservdel. Beställningsvara som normalt når oss inom 5–10 dagar – vi hör av oss när den finns att hämta i butiken i Årsta, eller så skickar vi den hem till dig. Osäker på om delen passar din cykel? Mejla oss en bild på din display eller ditt batteri så hjälper vi dig.</p>";"315";"25";"1";"0";"1";"1";"0";"https://raw.githubusercontent.com/erik859/cykelnatur-lokalt-lager/main/bosch-bilder/2123962.jpg";"1";"80";"Original Bosch eBike-reservdel: Designkåpa Performance Line Speed, vänster (BDU378Y). Beställningsvara hos Cykel & Natur i Årsta.";"Bosch Designkåpa Performance Line 2123962 - cykelnatur.se";"4054289009298"
"2123963";"Bosch Dekal med logotyp Performance Line Speed (BDU378Y, BDU388Y)";"Original Bosch eBike-reservdel: Dekal med logotyp Performance Line Speed (BDU378Y, BDU388Y).";"<ul><li>För drivenheter med tillverkarspecifik designkåpa</li></ul><p style='margin:0 0 1em'>I förpackningen: 1 st Dekal med logotyp Performance Line Speed.</p><p style='margin:0 0 1em'>System: Det smarta systemet · Vikt: 2 g · Artikelnummer: 2123963 · EAN: 4054289009311</p><p style='margin:0 0 1em'>Original Bosch eBike-reservdel. Beställningsvara som normalt når oss inom 5–10 dagar – vi hör av oss när den finns att hämta i butiken i Årsta, eller så skickar vi den hem till dig. Osäker på om delen passar din cykel? Mejla oss en bild på din display eller ditt batteri så hjälper vi dig.</p>";"71";"25";"1";"0";"1";"1";"0";"https://raw.githubusercontent.com/erik859/cykelnatur-lokalt-lager/main/bosch-bilder/2123963.jpg";"1";"2";"Original Bosch eBike-reservdel: Dekal med logotyp Performance Line Speed (BDU378Y, BDU388Y). Beställningsvara hos Cykel & Natur i Årsta.";"Bosch Dekal med logotyp Performance Line - cykelnatur.se";"4054289009311"
"2123968";"Bosch Sats Drive Unit Active Line 25 km/h REMAN (BDU310)";"Förväntas vara tillgänglig från slutet av september 2026";"<p style='margin:0 0 1em'>Förväntas vara tillgänglig från slutet av september 2026</p><p style='margin:0 0 1em'>&lt;h4&gt;Viktig produktinformation&lt;/h4&gt;&lt;br&gt;&lt;br&gt;&lt;p&gt;Samma garantiregler gäller för REMAN Drive Units som för nya produkter.&lt;/p&gt;&lt;br&gt;&lt;br&gt;&lt;p&gt;Observera: På grund av den nuvarande bristande tillgängligheten för denna REMAN-motor rekommenderar vi standardmotorn 0275007746 som ett alternativ.&lt;/p&gt;&lt;br&gt;</p><h3>Vad betyder REMAN?</h3><p style='margin:0 0 1em'>&lt;p&gt;En REMAN drive unit är en renoverad drivenhet. Detta innebär att begagnade drivenheter som kvalificerar sig för processen efter lämplig testning kan renoveras och motsvarar serietillstånd efter en slutkontroll.&lt;br /&gt;&lt;br&gt;Detta är en del av Bosch eBike Systems hållbarhetsstrategi och bidrar till återanvändning av icke-defekta komponenter.&lt;/p&gt;&lt;br&gt;&lt;br&gt;&lt;p&gt;REMAN drive unit är tekniskt likvärdig med nya drive units och är ett kostnadseffektivt och miljövänligt alternativ.&lt;/p&gt;&lt;br&gt;&lt;br&gt;&lt;p&gt;Så om en kund behöver en ny drivenhet och garantitiden har löpt ut är en REMAN drivenhet ett hållbart alternativ.&lt;/p&gt;</p><p style='margin:0 0 1em'>I förpackningen: 1 st Drive Unit Active Line 25 km/h REMAN, 1 st Logokåpa 1270015151, 1 st Låsring, 1 st O-ring, Skruvar, 1 st Bruksanvisning och monteringsanvisning.</p><p style='margin:0 0 1em'>System: Bosch eBike-system 2 · Vikt: 3,73 kg · Artikelnummer: 2123968 · EAN: 4054289009526</p><p style='margin:0 0 1em'>Original Bosch eBike-reservdel. Beställningsvara som normalt når oss inom 5–10 dagar – vi hör av oss när den finns att hämta i butiken i Årsta, eller så skickar vi den hem till dig. Osäker på om delen passar din cykel? Mejla oss en bild på din display eller ditt batteri så hjälper vi dig.</p>";"5929";"25";"1";"0";"1";"1";"0";"https://raw.githubusercontent.com/erik859/cykelnatur-lokalt-lager/main/bosch-bilder/2123968.jpg";"1";"3730";"Förväntas vara tillgänglig från slutet av september 2026 Beställningsvara hos Cykel & Natur i Årsta.";"Bosch Sats Drive Unit Active Line 2123968 - cykelnatur.se";"4054289009526"
"2123969";"Bosch Drive Unit Kit Active Line Plus 25 km/h REMAN (BDU350)";"Original Bosch eBike-reservdel: Drive Unit Kit Active Line Plus 25 km/h REMAN (BDU350).";"<p style='margin:0 0 1em'>&lt;h4&gt;Viktig produktinformation&lt;/h4&gt;&lt;br&gt;&lt;br&gt;&lt;p&gt;För att göra en fullständig beställning behöver vi all nödvändig information. Om du saknar en eller flera av dessa uppgifter kan vi inte fortsätta konfigurera Drive Unit (DU). Se till att den Drive Unit du väljer här stämmer överens med den du har lagt till i varukorgen.&lt;/p&gt;&lt;br&gt;&lt;br&gt;&lt;p&gt;Samma garantiregler gäller för REMAN Drive Units som för nya produkter.&lt;/p&gt;&lt;br&gt;</p><h3>Vad betyder REMAN?</h3><p style='margin:0 0 1em'>&lt;p&gt;En REMAN drive unit är en renoverad drivenhet. Detta innebär att begagnade drivenheter som kvalificerar sig för processen efter lämplig testning kan renoveras och motsvarar serietillstånd efter en slutkontroll.&lt;br /&gt;&lt;br&gt;Detta är en del av Bosch eBike Systems hållbarhetsstrategi och bidrar till återanvändning av icke-defekta komponenter.&lt;/p&gt;&lt;br&gt;&lt;br&gt;&lt;p&gt;REMAN drive unit är tekniskt likvärdig med nya drive units och är ett kostnadseffektivt och miljövänligt alternativ.&lt;/p&gt;&lt;br&gt;&lt;br&gt;&lt;p&gt;Så om en kund behöver en ny drivenhet och garantitiden har löpt ut är en REMAN drivenhet ett hållbart alternativ.&lt;/p&gt;</p><p style='margin:0 0 1em'>I förpackningen: 1 st Drive Unit Active Line Plus 25 km/h REMAN, 1 st Logokåpa 1270015146, 1 st Låsring, 1 st O-ring, Skruvar, 1 st Bruks- och monteringsanvisning.</p><p style='margin:0 0 1em'>System: Bosch eBike-system 2 · Vikt: 4 kg · Artikelnummer: 2123969 · EAN: 4054289009533</p><p style='margin:0 0 1em'>Original Bosch eBike-reservdel. Beställningsvara som normalt når oss inom 5–10 dagar – vi hör av oss när den finns att hämta i butiken i Årsta, eller så skickar vi den hem till dig. Osäker på om delen passar din cykel? Mejla oss en bild på din display eller ditt batteri så hjälper vi dig.</p>";"6389";"25";"1";"0";"1";"1";"0";"https://raw.githubusercontent.com/erik859/cykelnatur-lokalt-lager/main/bosch-bilder/2123969.jpg";"1";"4000";"Original Bosch eBike-reservdel: Drive Unit Kit Active Line Plus 25 km/h REMAN (BDU350). Beställningsvara hos Cykel & Natur i Årsta.";"Bosch Drive Unit Kit Active Line Plus 25 - cykelnatur.se";"4054289009533"
"2123970";"Bosch Drive Unit Kit Performance Line 25 km/h REMAN (BDU365P)";"Original Bosch eBike-reservdel: Drive Unit Kit Performance Line 25 km/h REMAN (BDU365P).";"<p style='margin:0 0 1em'>&lt;h4&gt;Viktig produktinformation&lt;/h4&gt;&lt;br&gt;&lt;br&gt;&lt;p&gt;För att göra en fullständig beställning behöver vi all nödvändig information. Om du saknar en eller flera av dessa uppgifter kan vi inte fortsätta konfigurera Drive Unit (DU). Se till att den Drive Unit du väljer här stämmer överens med den du har lagt till i varukorgen.&lt;/p&gt;&lt;br&gt;&lt;br&gt;&lt;p&gt;Samma garantiregler gäller för REMAN Drive Units som för nya produkter.&lt;/p&gt;&lt;br&gt;</p><h3>Vad betyder REMAN?</h3><p style='margin:0 0 1em'>&lt;p&gt;En REMAN drive unit är en renoverad drivenhet. Detta innebär att begagnade drivenheter som kvalificerar sig för processen efter lämplig testning kan renoveras och motsvarar serietillstånd efter en slutkontroll.&lt;br /&gt;&lt;br&gt;Detta är en del av Bosch eBike Systems hållbarhetsstrategi och bidrar till återanvändning av icke-defekta komponenter.&lt;/p&gt;&lt;br&gt;&lt;br&gt;&lt;p&gt;REMAN drive unit är tekniskt likvärdig med nya drive units och är ett kostnadseffektivt och miljövänligt alternativ.&lt;/p&gt;&lt;br&gt;&lt;br&gt;&lt;p&gt;Så om en kund behöver en ny drivenhet och garantitiden har löpt ut är en REMAN drivenhet ett hållbart alternativ.&lt;/p&gt;</p><p style='margin:0 0 1em'>I förpackningen: 1 st Drive Unit Performance Line 25 km/h REMAN, 1 st Logokåpa 1270015254, 1 st Låsring, 1 st O-ring, Skruvar, 1 st Bruks- och monteringsanvisning.</p><p style='margin:0 0 1em'>System: Bosch eBike-system 2 · Vikt: 4,143 kg · Artikelnummer: 2123970 · EAN: 4054289009540</p><p style='margin:0 0 1em'>Original Bosch eBike-reservdel. Beställningsvara som normalt når oss inom 5–10 dagar – vi hör av oss när den finns att hämta i butiken i Årsta, eller så skickar vi den hem till dig. Osäker på om delen passar din cykel? Mejla oss en bild på din display eller ditt batteri så hjälper vi dig.</p>";"7089";"25";"1";"0";"1";"1";"0";"https://raw.githubusercontent.com/erik859/cykelnatur-lokalt-lager/main/bosch-bilder/2123970.jpg";"1";"4143";"Original Bosch eBike-reservdel: Drive Unit Kit Performance Line 25 km/h REMAN (BDU365P). Beställningsvara hos Cykel & Natur i Årsta.";"Bosch Drive Unit Kit Performance Line 25 - cykelnatur.se";"4054289009540"
"2123971";"Bosch Sats Drive Unit Performance Line utan monteringsplattor (BDU3360)";"Original Bosch eBike-reservdel: Sats Drive Unit Performance Line utan monteringsplattor (BDU3360).";"<p style='margin:0 0 1em'>&lt;h4&gt;Viktig produktinformation&lt;/h4&gt;&lt;br&gt;&lt;br&gt;&lt;p&gt;Utbyte av en Drive Unit är endast möjligt som en 1:1-ersättning. Tyvärr kan vi inte erbjuda en uppgradering till en kraftigare Drive Unit. Detta är nödvändigt för att säkerställa teknisk kompatibilitet och systemets smidiga funktion. Därför kan vi inte behandla beställningar som inte motsvarar en 1:1-ersättning och måste tyvärr annullera dem.&lt;/p&gt;&lt;br&gt;&lt;br&gt;&lt;p&gt;För att göra en fullständig beställning behöver vi all nödvändig information. Om du saknar en eller flera av dessa uppgifter kan vi inte fortsätta konfigurera Drive Unit (DU). Se till att den Drive Unit du väljer här stämmer överens med den du har lagt till i varukorgen.&lt;/p&gt;</p><p style='margin:0 0 1em'>&lt;p&gt;För att beställa en Smart System-motor behöver du absolut återförsäljarens diagnosrapport. Om rapporten inte längre är läsbar måste du kontakta Bosch Hotline så att de kan ge dig BackUp-Datei för motorn.&lt;br /&gt;&lt;br&gt;Observera att utan denna fil är vår möjlighet att konfigurera motorn begränsad.&lt;/p&gt;&lt;br&gt;</p><p style='margin:0 0 1em'>&lt;p&gt;Den knappt hörbara drivenheten Performance Line är det bästa valet för sportiga trekkingturer och avslappnade utflykter. &lt;/p&gt;&lt;br&gt;</p><ul><li>Tyst drivenhet: Det geniala växlingskonceptet hos Performance Line möjliggör en nästan ljudlös drivenhet.</li><li>Multisensorkoncept: Assistansen anpassar sig efter köregenskaperna och är optimalt för sportiga trekkingturer.</li><li>Auto-läge: Auto-läget reagerar på minskad hastighet, t.ex. på grund av stigningar och plötslig motvind, och kompenserar detta med lämplig assistansnivå.</li><li>Robust drivenhet: Performance Line är robust och kräver inget extra underhåll, inte ens vid intensiv användning.</li><li>Hastighetssensorer: Utöver den trådbundna hastighetssensorn med ekermagnet eller bromsskivemagnet har Performance Line även en trådlös hastighetssensor med fälgmagnet.</li></ul><p style='margin:0 0 1em'>I förpackningen: 1 st Drive unit EB1110000A, 1 st Logokåpa EB1120001M, 1 st Låsring 1270016489, 1 st O-ring 1270016107, 1 st Skruvsats 0275007375, 1 st Bruksanvisning och monteringsanvisning.</p><p style='margin:0 0 1em'>System: Det smarta systemet · Vikt: 3,415 kg · Artikelnummer: 2123971 · EAN: 4054289009113</p><p style='margin:0 0 1em'>Original Bosch eBike-reservdel. Beställningsvara som normalt når oss inom 5–10 dagar – vi hör av oss när den finns att hämta i butiken i Årsta, eller så skickar vi den hem till dig. Osäker på om delen passar din cykel? Mejla oss en bild på din display eller ditt batteri så hjälper vi dig.</p>";"9419";"25";"1";"0";"1";"1";"0";"https://raw.githubusercontent.com/erik859/cykelnatur-lokalt-lager/main/bosch-bilder/2123971.jpg";"1";"3415";"Original Bosch eBike-reservdel: Sats Drive Unit Performance Line utan monteringsplattor (BDU3360). Beställningsvara hos Cykel & Natur i Årsta.";"Bosch Sats Drive Unit Performance Line utan - cykelnatur.se";"4054289009113"
"2123972";"Bosch Sats Drive Unit Cargo Line med monteringsplattor (BDU3741)";"Original Bosch eBike-reservdel: Sats Drive Unit Cargo Line med monteringsplattor (BDU3741).";"<p style='margin:0 0 1em'>&lt;h4&gt;Viktig produktinformation&lt;/h4&gt;&lt;br&gt;&lt;br&gt;&lt;p&gt;Utbyte av en Drive Unit är endast möjligt som en 1:1-ersättning. Tyvärr kan vi inte erbjuda en uppgradering till en kraftigare Drive Unit. Detta är nödvändigt för att säkerställa teknisk kompatibilitet och systemets smidiga funktion. Därför kan vi inte behandla beställningar som inte motsvarar en 1:1-ersättning och måste tyvärr annullera dem.&lt;/p&gt;&lt;br&gt;&lt;br&gt;&lt;p&gt;För att göra en fullständig beställning behöver vi all nödvändig information. Om du saknar en eller flera av dessa uppgifter kan vi inte fortsätta konfigurera Drive Unit (DU). Se till att den Drive Unit du väljer här stämmer överens med den du har lagt till i varukorgen.&lt;/p&gt;</p><p style='margin:0 0 1em'>&lt;p&gt;För att beställa en Smart System-motor behöver du absolut återförsäljarens diagnosrapport. Om rapporten inte längre är läsbar måste du kontakta Bosch Hotline så att de kan ge dig BackUp-Datei för motorn.&lt;br /&gt;&lt;br&gt;Observera att utan denna fil är vår möjlighet att konfigurera motorn begränsad.&lt;/p&gt;&lt;br&gt;</p><p style='margin:0 0 1em'>&lt;p&gt;Med sina kraftfulla 85 Nm har Cargo Line utvecklats speciellt för ellastcyklar. Den ger kraftfull assistans vid tunga laster. &lt;/p&gt;&lt;br&gt;</p><ul><li>Kraftfullt Cargo-läge: Cargo-läget är anpassat för de speciella krav som ställs på ellastcyklar. Det ger maximal kraft med 400 % av cyklistens egen kraft.</li><li>Säker och bekväm hantering: Auto-läget justerar assistansen automatiskt under körning.</li><li>Påskjutningshjälp och starthjälp i backe gör hanteringen enkel – även med full last.</li></ul><p style='margin:0 0 1em'>I förpackningen: 1 st Drive Unit EB11100001, 1 st Logokåpa EB1120001A, 1 st Låsring EB112000JH, 1 st O-ring 1270016119, 1 st Skruvsats 1270016030, 1 st Bruksanvisning och monteringsanvisning.</p><p style='margin:0 0 1em'>System: Det smarta systemet · Vikt: 3,59 kg · Artikelnummer: 2123972 · EAN: 4054289009137</p><p style='margin:0 0 1em'>Original Bosch eBike-reservdel. Beställningsvara som normalt når oss inom 5–10 dagar – vi hör av oss när den finns att hämta i butiken i Årsta, eller så skickar vi den hem till dig. Osäker på om delen passar din cykel? Mejla oss en bild på din display eller ditt batteri så hjälper vi dig.</p>";"10349";"25";"1";"0";"1";"1";"0";"https://raw.githubusercontent.com/erik859/cykelnatur-lokalt-lager/main/bosch-bilder/2123972.jpg";"1";"3590";"Original Bosch eBike-reservdel: Sats Drive Unit Cargo Line med monteringsplattor (BDU3741). Beställningsvara hos Cykel & Natur i Årsta.";"Bosch Sats Drive Unit Cargo Line med - cykelnatur.se";"4054289009137"
"2123974";"Bosch Sats Drive Unit Performance Line CX Race Limited Edition med monteringsplattor (BDU3761)";"Original Bosch eBike-reservdel: Sats Drive Unit Performance Line CX Race Limited Edition med monteringsplattor (BDU3761).";"<p style='margin:0 0 1em'>&lt;h4&gt;Viktig produktinformation&lt;/h4&gt;&lt;br&gt;&lt;br&gt;&lt;p&gt;Utbyte av en Drive Unit är endast möjligt som en 1:1-ersättning. Tyvärr kan vi inte erbjuda en uppgradering till en kraftigare Drive Unit. Detta är nödvändigt för att säkerställa teknisk kompatibilitet och systemets smidiga funktion. Därför kan vi inte behandla beställningar som inte motsvarar en 1:1-ersättning och måste tyvärr annullera dem.&lt;/p&gt;&lt;br&gt;&lt;br&gt;&lt;p&gt;För att göra en fullständig beställning behöver vi all nödvändig information. Om du saknar en eller flera av dessa uppgifter kan vi inte fortsätta konfigurera Drive Unit (DU). Se till att den Drive Unit du väljer här stämmer överens med den du har lagt till i varukorgen.&lt;/p&gt;&lt;br&gt;</p><p style='margin:0 0 1em'>&lt;p&gt;För att beställa en Smart System-motor behöver du absolut återförsäljarens diagnosrapport. Om rapporten inte längre är läsbar måste du kontakta Bosch Hotline så att de kan ge dig BackUp-Datei för motorn.&lt;br /&gt;&lt;br&gt;Observera att utan denna fil är vår möjlighet att konfigurera motorn begränsad.&lt;/p&gt;&lt;br&gt;</p><p style='margin:0 0 1em'>&lt;p&gt;Performance Line CX Race Limited Edition är det perfekta valet för professionella eMTB-cyklister och ambitiösa idrottare. &lt;/p&gt;&lt;br&gt;</p><ul><li>Låg vikt och kompakt konstruktion: De 2,75 kg bidrar till att elcykeln får en lägre totalvikt – idealiskt för mer kontroll vid cykling uppför och nedför, roliga hopp och för att enklare bära och leda eBike.</li><li>Exklusivt Race-läge: Assistansläget som utvecklats speciellt för eMTB-lopp imponerar genom energisk, direkt assistans – med 400 procent av pedalkraften.</li><li>85 Newtonmeter: Extremt snabb acceleration efter skarpa kurvor och hinder ger en avgörande konkurrensfördel.</li><li>Snygg design: Performance Line CX Race i grafitgrått imponerar med sin sportiga och självsäkra stil.</li><li>Starthjälp i backe: Lättare att starta i brant terräng.</li></ul><p style='margin:0 0 1em'>I förpackningen: 1 st Drive Unit EB1110000F, 1 st Logokåpa EB1120001B, 1 st Låsring EB112000JH, 1 st O-ring 1270016119, 1 st Skruvsats 1270016030, 1 st Bruksanvisning och monteringsanvisning.</p><p style='margin:0 0 1em'>System: Det smarta systemet · Vikt: 3,146 kg · Artikelnummer: 2123974 · EAN: 4054289009144</p><p style='margin:0 0 1em'>Original Bosch eBike-reservdel. Beställningsvara som normalt når oss inom 5–10 dagar – vi hör av oss när den finns att hämta i butiken i Årsta, eller så skickar vi den hem till dig. Osäker på om delen passar din cykel? Mejla oss en bild på din display eller ditt batteri så hjälper vi dig.</p>";"15249";"25";"1";"0";"1";"1";"0";"https://raw.githubusercontent.com/erik859/cykelnatur-lokalt-lager/main/bosch-bilder/2123974.jpg";"1";"3146";"Original Bosch eBike-reservdel: Sats Drive Unit Performance Line CX Race Limited Edition med… Beställningsvara hos Cykel & Natur i Årsta.";"Bosch Sats Drive Unit Performance 2123974 - cykelnatur.se";"4054289009144"
"2123975";"Bosch Sats Drive Unit Performance Line Speed med monteringsplattor (BDU3781)";"Original Bosch eBike-reservdel: Sats Drive Unit Performance Line Speed med monteringsplattor (BDU3781).";"<p style='margin:0 0 1em'>&lt;h4&gt;Viktig produktinformation&lt;/h4&gt;&lt;br&gt;&lt;br&gt;&lt;p&gt;Utbyte av en Drive Unit är endast möjligt som en 1:1-ersättning. Tyvärr kan vi inte erbjuda en uppgradering till en kraftigare Drive Unit. Detta är nödvändigt för att säkerställa teknisk kompatibilitet och systemets smidiga funktion. Därför kan vi inte behandla beställningar som inte motsvarar en 1:1-ersättning och måste tyvärr annullera dem.&lt;/p&gt;&lt;br&gt;&lt;br&gt;&lt;p&gt;För att göra en fullständig beställning behöver vi all nödvändig information. Om du saknar en eller flera av dessa uppgifter kan vi inte fortsätta konfigurera Drive Unit (DU). Se till att den Drive Unit du väljer här stämmer överens med den du har lagt till i varukorgen.&lt;/p&gt;</p><p style='margin:0 0 1em'>&lt;p&gt;För att beställa en Smart System-motor behöver du absolut återförsäljarens diagnosrapport. Om rapporten inte längre är läsbar måste du kontakta Bosch Hotline så att de kan ge dig BackUp-Datei för motorn.&lt;br /&gt;&lt;br&gt;Observera att utan denna fil är vår möjlighet att konfigurera motorn begränsad.&lt;/p&gt;&lt;br&gt;</p><p style='margin:0 0 1em'>&lt;p&gt;Performance Line Speed är den kraftfulla drivenheten för S-Pedelecs. &lt;/p&gt;&lt;br&gt;</p><ul><li>Perfekt för pendlare: Få snabbt upp farten och cykla långt utan ansträngning.</li><li>Kraftfull drivenhet: Assistans upp till 45 km/h.</li><li>85 Newtonmeter: Den dynamiska assistansen möjliggör smidig acceleration efter kurvor eller hinder.</li></ul><p style='margin:0 0 1em'>I förpackningen: 1 st Drive Unit EB11100002, 1 st Logokåpa EB1120001C, 1 st Låsring EB112000JH, 1 st O-ring 1270016119, 1 st Skruvsats 1270016030, 1 st Bruksanvisning och monteringsanvisning.</p><p style='margin:0 0 1em'>System: Det smarta systemet · Vikt: 3,59 kg · Artikelnummer: 2123975 · EAN: 4054289009151</p><p style='margin:0 0 1em'>Original Bosch eBike-reservdel. Beställningsvara som normalt når oss inom 5–10 dagar – vi hör av oss när den finns att hämta i butiken i Årsta, eller så skickar vi den hem till dig. Osäker på om delen passar din cykel? Mejla oss en bild på din display eller ditt batteri så hjälper vi dig.</p>";"11869";"25";"1";"0";"1";"1";"0";"https://raw.githubusercontent.com/erik859/cykelnatur-lokalt-lager/main/bosch-bilder/2123975.jpg";"1";"3590";"Original Bosch eBike-reservdel: Sats Drive Unit Performance Line Speed med monteringsplattor (BDU3781). Beställningsvara hos Cykel & Natur i Årsta.";"Bosch Sats Drive Unit Performance 2123975 - cykelnatur.se";"4054289009151"
"2123978";"Bosch PowerPack 545 Frame (EU) (BBP3551)";"Original Bosch eBike-reservdel: PowerPack 545 Frame (EU) (BBP3551).";"<p style='margin:0 0 1em'>I förpackningen: 1 st PowerPack 545 Frame, 1 st Transportförpackning (godkänd för farligt gods), 1 st Bruksanvisning.</p><p style='margin:0 0 1em'>System: Det smarta systemet · Mått: 338 x 93 x 81 mm · Vikt: 3,21 kg · Artikelnummer: 2123978 · EAN: 4054289009748</p><p style='margin:0 0 1em'>Original Bosch eBike-reservdel. Beställningsvara som normalt når oss inom 5–10 dagar – vi hör av oss när den finns att hämta i butiken i Årsta, eller så skickar vi den hem till dig. Osäker på om delen passar din cykel? Mejla oss en bild på din display eller ditt batteri så hjälper vi dig.</p>";"9189";"25";"1";"0";"1";"1";"0";"https://raw.githubusercontent.com/erik859/cykelnatur-lokalt-lager/main/bosch-bilder/2123978.jpg";"1";"3210";"Original Bosch eBike-reservdel: PowerPack 545 Frame (EU) (BBP3551). Beställningsvara hos Cykel & Natur i Årsta.";"Bosch PowerPack 545 Frame (EU) (BBP3551) - cykelnatur.se";"4054289009748"
"2123982";"Bosch Skyddslock laddningsuttag PowerPack Frame (BBP35YY)";"Original Bosch eBike-reservdel: Skyddslock laddningsuttag PowerPack Frame (BBP35YY).";"<p style='margin:0 0 1em'>I förpackningen: 1 st Skyddslock laddningsuttag.</p><p style='margin:0 0 1em'>System: Det smarta systemet · Vikt: 4 g · Artikelnummer: 2123982 · EAN: 4054289009809</p><p style='margin:0 0 1em'>Original Bosch eBike-reservdel. Beställningsvara som normalt når oss inom 5–10 dagar – vi hör av oss när den finns att hämta i butiken i Årsta, eller så skickar vi den hem till dig. Osäker på om delen passar din cykel? Mejla oss en bild på din display eller ditt batteri så hjälper vi dig.</p>";"23";"25";"1";"0";"1";"1";"0";"https://raw.githubusercontent.com/erik859/cykelnatur-lokalt-lager/main/bosch-bilder/2123982.jpg";"1";"4";"Original Bosch eBike-reservdel: Skyddslock laddningsuttag PowerPack Frame (BBP35YY). Beställningsvara hos Cykel & Natur i Årsta.";"Bosch Skyddslock laddningsuttag PowerPack - cykelnatur.se";"4054289009809"
"2124141";"Bosch Strålkastarkabel 900 mm (BCH3320_900)";"Original Bosch eBike-reservdel: Strålkastarkabel 900 mm (BCH3320_900).";"<p style='margin:0 0 1em'>I förpackningen: 1 st Strålkastarkabel, 900 mm.</p><p style='margin:0 0 1em'>System: Det smarta systemet · Vikt: 13 g · Artikelnummer: 2124141 · EAN: 4054289010782</p><p style='margin:0 0 1em'>Original Bosch eBike-reservdel. Beställningsvara som normalt når oss inom 5–10 dagar – vi hör av oss när den finns att hämta i butiken i Årsta, eller så skickar vi den hem till dig. Osäker på om delen passar din cykel? Mejla oss en bild på din display eller ditt batteri så hjälper vi dig.</p>";"145";"25";"1";"0";"1";"1";"0";"https://raw.githubusercontent.com/erik859/cykelnatur-lokalt-lager/main/bosch-bilder/2124141.jpg";"1";"13";"Original Bosch eBike-reservdel: Strålkastarkabel 900 mm (BCH3320_900). Beställningsvara hos Cykel & Natur i Årsta.";"Bosch Strålkastarkabel 900 mm (BCH3320_900) - cykelnatur.se";"4054289010782"
"2124145";"Bosch Batterihållare CompactTube 400 horisontell, borttagning med nyckel (BBP324Y)";"Original Bosch eBike-reservdel: Batterihållare CompactTube 400 horisontell, borttagning med nyckel (BBP324Y).";"<p style='margin:0 0 1em'>I förpackningen: 1 st Batterihållare CompactTube 400 horisontell.</p><p style='margin:0 0 1em'>System: Det smarta systemet · Vikt: 180 g · Artikelnummer: 2124145 · EAN: 4054289010263</p><p style='margin:0 0 1em'>Original Bosch eBike-reservdel. Beställningsvara som normalt når oss inom 5–10 dagar – vi hör av oss när den finns att hämta i butiken i Årsta, eller så skickar vi den hem till dig. Osäker på om delen passar din cykel? Mejla oss en bild på din display eller ditt batteri så hjälper vi dig.</p>";"290";"25";"1";"0";"1";"1";"0";"https://raw.githubusercontent.com/erik859/cykelnatur-lokalt-lager/main/bosch-bilder/2124145.jpg";"1";"180";"Original Bosch eBike-reservdel: Batterihållare CompactTube 400 horisontell, borttagning med nyckel (BBP324Y). Beställningsvara hos Cykel & Natur i Årsta.";"Bosch Batterihållare CompactTube 400 - cykelnatur.se";"4054289010263"
"2124146";"Bosch Batterihållare CompactTube 400 vertikal, borttagning med nyckel (BBP324Y)";"Original Bosch eBike-reservdel: Batterihållare CompactTube 400 vertikal, borttagning med nyckel (BBP324Y).";"<p style='margin:0 0 1em'>I förpackningen: 1 st Batterihållare CompactTube 400 vertikal.</p><p style='margin:0 0 1em'>System: Det smarta systemet · Vikt: 160 g · Artikelnummer: 2124146 · EAN: 4054289010270</p><p style='margin:0 0 1em'>Original Bosch eBike-reservdel. Beställningsvara som normalt når oss inom 5–10 dagar – vi hör av oss när den finns att hämta i butiken i Årsta, eller så skickar vi den hem till dig. Osäker på om delen passar din cykel? Mejla oss en bild på din display eller ditt batteri så hjälper vi dig.</p>";"290";"25";"1";"0";"1";"1";"0";"https://raw.githubusercontent.com/erik859/cykelnatur-lokalt-lager/main/bosch-bilder/2124146.jpg";"1";"160";"Original Bosch eBike-reservdel: Batterihållare CompactTube 400 vertikal, borttagning med nyckel (BBP324Y). Beställningsvara hos Cykel & Natur i Årsta.";"Bosch Batterihållare CompactTube 2124146 - cykelnatur.se";"4054289010270"
"2124147";"Bosch Batterihållare CompactTube 400 horisontell, nyckellös borttagning (BBP324Y)";"Original Bosch eBike-reservdel: Batterihållare CompactTube 400 horisontell, nyckellös borttagning (BBP324Y).";"<p style='margin:0 0 1em'>I förpackningen: 1 st Batterihållare CompactTube 400 horisontell.</p><p style='margin:0 0 1em'>System: Det smarta systemet · Vikt: 180 g · Artikelnummer: 2124147 · EAN: 4054289010287</p><p style='margin:0 0 1em'>Original Bosch eBike-reservdel. Beställningsvara som normalt når oss inom 5–10 dagar – vi hör av oss när den finns att hämta i butiken i Årsta, eller så skickar vi den hem till dig. Osäker på om delen passar din cykel? Mejla oss en bild på din display eller ditt batteri så hjälper vi dig.</p>";"290";"25";"1";"0";"1";"1";"0";"https://raw.githubusercontent.com/erik859/cykelnatur-lokalt-lager/main/bosch-bilder/2124147.jpg";"1";"180";"Original Bosch eBike-reservdel: Batterihållare CompactTube 400 horisontell, nyckellös borttagning (BBP324Y). Beställningsvara hos Cykel & Natur i Årsta.";"Bosch Batterihållare CompactTube 2124147 - cykelnatur.se";"4054289010287"
"2124148";"Bosch Batterihållare CompactTube 400 vertikal, nyckellös borttagning (BBP324Y)";"Original Bosch eBike-reservdel: Batterihållare CompactTube 400 vertikal, nyckellös borttagning (BBP324Y).";"<p style='margin:0 0 1em'>I förpackningen: 1 st Batterihållare CompactTube 400 vertikal.</p><p style='margin:0 0 1em'>System: Det smarta systemet · Vikt: 180 g · Artikelnummer: 2124148 · EAN: 4054289010294</p><p style='margin:0 0 1em'>Original Bosch eBike-reservdel. Beställningsvara som normalt når oss inom 5–10 dagar – vi hör av oss när den finns att hämta i butiken i Årsta, eller så skickar vi den hem till dig. Osäker på om delen passar din cykel? Mejla oss en bild på din display eller ditt batteri så hjälper vi dig.</p>";"290";"25";"1";"0";"1";"1";"0";"https://raw.githubusercontent.com/erik859/cykelnatur-lokalt-lager/main/bosch-bilder/2124148.jpg";"1";"180";"Original Bosch eBike-reservdel: Batterihållare CompactTube 400 vertikal, nyckellös borttagning (BBP324Y). Beställningsvara hos Cykel & Natur i Årsta.";"Bosch Batterihållare CompactTube 2124148 - cykelnatur.se";"4054289010294"
"2124149";"Bosch Låsfäststift CompactTube 400 horisontell (BBP324Y)";"Original Bosch eBike-reservdel: Låsfäststift CompactTube 400 horisontell (BBP324Y).";"<p style='margin:0 0 1em'>I förpackningen: 1 st Låsfäststift CompactTube 400 horisontell.</p><p style='margin:0 0 1em'>System: Det smarta systemet · Vikt: 4 g · Artikelnummer: 2124149 · EAN: 4054289010300</p><p style='margin:0 0 1em'>Original Bosch eBike-reservdel. Beställningsvara som normalt når oss inom 5–10 dagar – vi hör av oss när den finns att hämta i butiken i Årsta, eller så skickar vi den hem till dig. Osäker på om delen passar din cykel? Mejla oss en bild på din display eller ditt batteri så hjälper vi dig.</p>";"23";"25";"1";"0";"1";"1";"0";"https://raw.githubusercontent.com/erik859/cykelnatur-lokalt-lager/main/bosch-bilder/2124149.jpg";"1";"4";"Original Bosch eBike-reservdel: Låsfäststift CompactTube 400 horisontell (BBP324Y). Beställningsvara hos Cykel & Natur i Årsta.";"Bosch Låsfäststift CompactTube 400 - cykelnatur.se";"4054289010300"
"2124150";"Bosch Låsmekanismsatsats CompactTube vertikal (BBP324Y)";"Original Bosch eBike-reservdel: Låsmekanismsatsats CompactTube vertikal (BBP324Y).";"<p style='margin:0 0 1em'>I förpackningen: 1 st Låsmekanismsatsats CompactTube, vertikal.</p><p style='margin:0 0 1em'>System: Det smarta systemet · Vikt: 11 g · Artikelnummer: 2124150 · EAN: 4054289010836</p><p style='margin:0 0 1em'>Original Bosch eBike-reservdel. Beställningsvara som normalt når oss inom 5–10 dagar – vi hör av oss när den finns att hämta i butiken i Årsta, eller så skickar vi den hem till dig. Osäker på om delen passar din cykel? Mejla oss en bild på din display eller ditt batteri så hjälper vi dig.</p>";"23";"25";"1";"0";"1";"1";"0";"https://raw.githubusercontent.com/erik859/cykelnatur-lokalt-lager/main/bosch-bilder/2124150.jpg";"1";"11";"Original Bosch eBike-reservdel: Låsmekanismsatsats CompactTube vertikal (BBP324Y). Beställningsvara hos Cykel & Natur i Årsta.";"Bosch Låsmekanismsatsats CompactTube - cykelnatur.se";"4054289010836"
"2124151";"Bosch Sekundär axiell låsmekanism CompactTube (BBP324Y)";"Original Bosch eBike-reservdel: Sekundär axiell låsmekanism CompactTube (BBP324Y).";"<p style='margin:0 0 1em'>I förpackningen: 1 st Sekundär axiell låsmekanism CompactTube.</p><p style='margin:0 0 1em'>System: Det smarta systemet · Vikt: 4 g · Artikelnummer: 2124151 · EAN: 4054289010317</p><p style='margin:0 0 1em'>Original Bosch eBike-reservdel. Beställningsvara som normalt når oss inom 5–10 dagar – vi hör av oss när den finns att hämta i butiken i Årsta, eller så skickar vi den hem till dig. Osäker på om delen passar din cykel? Mejla oss en bild på din display eller ditt batteri så hjälper vi dig.</p>";"23";"25";"1";"0";"1";"1";"0";"https://raw.githubusercontent.com/erik859/cykelnatur-lokalt-lager/main/bosch-bilder/2124151.jpg";"1";"4";"Original Bosch eBike-reservdel: Sekundär axiell låsmekanism CompactTube (BBP324Y). Beställningsvara hos Cykel & Natur i Årsta.";"Bosch Sekundär axiell låsmekanism - cykelnatur.se";"4054289010317"
"2124152";"Bosch Sekundär låsmekanism CompactTube led (BBP324Y)";"Original Bosch eBike-reservdel: Sekundär låsmekanism CompactTube led (BBP324Y).";"<p style='margin:0 0 1em'>I förpackningen: 1 st Sekundär låsmekanism CompactTube led.</p><p style='margin:0 0 1em'>System: Det smarta systemet · Vikt: 7 g · Artikelnummer: 2124152 · EAN: 4054289010324</p><p style='margin:0 0 1em'>Original Bosch eBike-reservdel. Beställningsvara som normalt når oss inom 5–10 dagar – vi hör av oss när den finns att hämta i butiken i Årsta, eller så skickar vi den hem till dig. Osäker på om delen passar din cykel? Mejla oss en bild på din display eller ditt batteri så hjälper vi dig.</p>";"23";"25";"1";"0";"1";"1";"0";"https://raw.githubusercontent.com/erik859/cykelnatur-lokalt-lager/main/bosch-bilder/2124152.jpg";"1";"7";"Original Bosch eBike-reservdel: Sekundär låsmekanism CompactTube led (BBP324Y). Beställningsvara hos Cykel & Natur i Årsta.";"Bosch Sekundär låsmekanism CompactTube led - cykelnatur.se";"4054289010324"
"2124153";"Bosch Sats skruvplatta CompactTube horisontell, låssidan, fast monterad (BBP324Y)";"Original Bosch eBike-reservdel: Sats skruvplatta CompactTube horisontell, låssidan, fast monterad (BBP324Y).";"<p style='margin:0 0 1em'>I förpackningen: 1 st Skruvplatta, 4 st Skruv M4x6.</p><p style='margin:0 0 1em'>System: Det smarta systemet · Vikt: 28 g · Artikelnummer: 2124153 · EAN: 4054289010843</p><p style='margin:0 0 1em'>Original Bosch eBike-reservdel. Beställningsvara som normalt når oss inom 5–10 dagar – vi hör av oss när den finns att hämta i butiken i Årsta, eller så skickar vi den hem till dig. Osäker på om delen passar din cykel? Mejla oss en bild på din display eller ditt batteri så hjälper vi dig.</p>";"47";"25";"1";"0";"1";"1";"0";"https://raw.githubusercontent.com/erik859/cykelnatur-lokalt-lager/main/bosch-bilder/2124153.jpg";"1";"28";"Original Bosch eBike-reservdel: Sats skruvplatta CompactTube horisontell, låssidan, fast monterad (BBP324Y). Beställningsvara hos Cykel & Natur i Årsta.";"Bosch Sats skruvplatta CompactTube - cykelnatur.se";"4054289010843"
"2124154";"Bosch Sats skruvplatta CompactTube horisontell, ej på låssidan, fast monterad (BBP324Y)";"Original Bosch eBike-reservdel: Sats skruvplatta CompactTube horisontell, ej på låssidan, fast monterad (BBP324Y).";"<p style='margin:0 0 1em'>I förpackningen: 1 st Skruvplatta, 4 st Skruv M4x6.</p><p style='margin:0 0 1em'>System: Det smarta systemet · Vikt: 26 g · Artikelnummer: 2124154 · EAN: 4054289010850</p><p style='margin:0 0 1em'>Original Bosch eBike-reservdel. Beställningsvara som normalt når oss inom 5–10 dagar – vi hör av oss när den finns att hämta i butiken i Årsta, eller så skickar vi den hem till dig. Osäker på om delen passar din cykel? Mejla oss en bild på din display eller ditt batteri så hjälper vi dig.</p>";"47";"25";"1";"0";"1";"1";"0";"https://raw.githubusercontent.com/erik859/cykelnatur-lokalt-lager/main/bosch-bilder/2124154.jpg";"1";"26";"Original Bosch eBike-reservdel: Sats skruvplatta CompactTube horisontell, ej på låssidan, fast monterad… Beställningsvara hos Cykel & Natur i Årsta.";"Bosch Sats skruvplatta CompactTube 2124154 - cykelnatur.se";"4054289010850"
"2124155";"Bosch Sats skruvplatta CompactTube vertikal, låssida, axiell/led (BBP324Y)";"Original Bosch eBike-reservdel: Sats skruvplatta CompactTube vertikal, låssida, axiell/led (BBP324Y).";"<p style='margin:0 0 1em'>I förpackningen: 1 st Skruvplatta, 4 st Skruv M4x6.</p><p style='margin:0 0 1em'>System: Det smarta systemet · Vikt: 19 g · Artikelnummer: 2124155 · EAN: 4054289010867</p><p style='margin:0 0 1em'>Original Bosch eBike-reservdel. Beställningsvara som normalt når oss inom 5–10 dagar – vi hör av oss när den finns att hämta i butiken i Årsta, eller så skickar vi den hem till dig. Osäker på om delen passar din cykel? Mejla oss en bild på din display eller ditt batteri så hjälper vi dig.</p>";"47";"25";"1";"0";"1";"1";"0";"https://raw.githubusercontent.com/erik859/cykelnatur-lokalt-lager/main/bosch-bilder/2124155.jpg";"1";"19";"Original Bosch eBike-reservdel: Sats skruvplatta CompactTube vertikal, låssida, axiell/led (BBP324Y). Beställningsvara hos Cykel & Natur i Årsta.";"Bosch Sats skruvplatta CompactTube 2124155 - cykelnatur.se";"4054289010867"
"2124156";"Bosch Sats skruvplatta CompactTube vertikal, ej på låssida, axiell/led (BBP324Y)";"Original Bosch eBike-reservdel: Sats skruvplatta CompactTube vertikal, ej på låssida, axiell/led (BBP324Y).";"<p style='margin:0 0 1em'>I förpackningen: 1 st Skruvplatta, 4 st Skruv M4x6.</p><p style='margin:0 0 1em'>System: Det smarta systemet · Vikt: 20 g · Artikelnummer: 2124156 · EAN: 4054289010874</p><p style='margin:0 0 1em'>Original Bosch eBike-reservdel. Beställningsvara som normalt når oss inom 5–10 dagar – vi hör av oss när den finns att hämta i butiken i Årsta, eller så skickar vi den hem till dig. Osäker på om delen passar din cykel? Mejla oss en bild på din display eller ditt batteri så hjälper vi dig.</p>";"70";"25";"1";"0";"1";"1";"0";"https://raw.githubusercontent.com/erik859/cykelnatur-lokalt-lager/main/bosch-bilder/2124156.jpg";"1";"20";"Original Bosch eBike-reservdel: Sats skruvplatta CompactTube vertikal, ej på låssida, axiell/led (BBP324Y). Beställningsvara hos Cykel & Natur i Årsta.";"Bosch Sats skruvplatta CompactTube 2124156 - cykelnatur.se";"4054289010874"
"2124157";"Bosch Sats skruvplatta CompactTube vertikal, låssidan, fast monterad (BBP324Y)";"Original Bosch eBike-reservdel: Sats skruvplatta CompactTube vertikal, låssidan, fast monterad (BBP324Y).";"<p style='margin:0 0 1em'>I förpackningen: 1 st Skruvplatta, 4 st Skruv M4x6.</p><p style='margin:0 0 1em'>System: Det smarta systemet · Vikt: 28 g · Artikelnummer: 2124157 · EAN: 4054289010881</p><p style='margin:0 0 1em'>Original Bosch eBike-reservdel. Beställningsvara som normalt når oss inom 5–10 dagar – vi hör av oss när den finns att hämta i butiken i Årsta, eller så skickar vi den hem till dig. Osäker på om delen passar din cykel? Mejla oss en bild på din display eller ditt batteri så hjälper vi dig.</p>";"70";"25";"1";"0";"1";"1";"0";"https://raw.githubusercontent.com/erik859/cykelnatur-lokalt-lager/main/bosch-bilder/2124157.jpg";"1";"28";"Original Bosch eBike-reservdel: Sats skruvplatta CompactTube vertikal, låssidan, fast monterad (BBP324Y). Beställningsvara hos Cykel & Natur i Årsta.";"Bosch Sats skruvplatta CompactTube 2124157 - cykelnatur.se";"4054289010881"
"2124158";"Bosch Sats skruvplatta CompactTube vertikal, ej på låssidan, fast monterad (BBP324Y)";"Original Bosch eBike-reservdel: Sats skruvplatta CompactTube vertikal, ej på låssidan, fast monterad (BBP324Y).";"<p style='margin:0 0 1em'>I förpackningen: 1 st Skruvplatta, 4 st Skruv M4x6.</p><p style='margin:0 0 1em'>System: Det smarta systemet · Vikt: 25 g · Artikelnummer: 2124158 · EAN: 4054289010898</p><p style='margin:0 0 1em'>Original Bosch eBike-reservdel. Beställningsvara som normalt når oss inom 5–10 dagar – vi hör av oss när den finns att hämta i butiken i Årsta, eller så skickar vi den hem till dig. Osäker på om delen passar din cykel? Mejla oss en bild på din display eller ditt batteri så hjälper vi dig.</p>";"70";"25";"1";"0";"1";"1";"0";"https://raw.githubusercontent.com/erik859/cykelnatur-lokalt-lager/main/bosch-bilder/2124158.jpg";"1";"25";"Original Bosch eBike-reservdel: Sats skruvplatta CompactTube vertikal, ej på låssidan, fast monterad (BBP324Y). Beställningsvara hos Cykel & Natur i Årsta.";"Bosch Sats skruvplatta CompactTube 2124158 - cykelnatur.se";"4054289010898"
"2124160";"Bosch Skyddslock för batteriuttag CompactTube horisontell, led (BBP324Y)";"Original Bosch eBike-reservdel: Skyddslock för batteriuttag CompactTube horisontell, led (BBP324Y).";"<ul><li>För montering av batterihållare ovanför CompactTube, lås på ovansidan</li></ul><p style='margin:0 0 1em'>I förpackningen: 1 st Skyddslock för batteriuttag CompactTube horisontell, led.</p><p style='margin:0 0 1em'>System: Det smarta systemet · Vikt: 20 g · Artikelnummer: 2124160 · EAN: 4054289010331</p><p style='margin:0 0 1em'>Original Bosch eBike-reservdel. Beställningsvara som normalt når oss inom 5–10 dagar – vi hör av oss när den finns att hämta i butiken i Årsta, eller så skickar vi den hem till dig. Osäker på om delen passar din cykel? Mejla oss en bild på din display eller ditt batteri så hjälper vi dig.</p>";"23";"25";"1";"0";"1";"1";"0";"https://raw.githubusercontent.com/erik859/cykelnatur-lokalt-lager/main/bosch-bilder/2124160.jpg";"1";"20";"Original Bosch eBike-reservdel: Skyddslock för batteriuttag CompactTube horisontell, led (BBP324Y). Beställningsvara hos Cykel & Natur i Årsta.";"Bosch Skyddslock för batteriuttag - cykelnatur.se";"4054289010331"
